delta1_deg,delta2_deg,V1_kn,V2_kn,min_safe_distance_m,censored
11.0,-33.0,24.327223946283706,17.238736986095716,3092.5,False
-32.0,-21.0,25.96676852949335,15.001935684666487,1597.5,False
-34.0,22.0,22.43479465366761,16.517147022495777,1942.5,False
24.0,7.0,23.265157563937912,14.788906318528113,1712.5,False
6.0,-0.0,22.128085443923833,15.601369626981052,2345.0,False
-19.0,33.0,25.742231599666276,15.469998264288359,1942.5,False
18.0,7.0,23.00568872268837,15.661071146140035,1827.5,False
-17.0,19.0,22.727596569898047,13.722425813513253,1885.0,False
-6.0,-12.0,22.517450423693248,15.659723789127534,2517.5,False
-3.0,-33.0,23.73516781389637,15.23171220704873,2517.5,False
32.0,29.0,22.78230674685362,17.284935081337903,1655.0,False
27.0,-20.0,23.515099849235376,15.73410093029072,1942.5,False
-15.0,21.0,23.346474828565473,14.378074004814783,2000.0,False
-16.0,-16.0,24.166718973315454,14.196636834122259,1770.0,False
-5.0,-13.0,24.166140001504473,13.645959755779879,2575.0,False
-35.0,-32.0,25.424488676363172,16.009568371600427,1597.5,False
-13.0,7.0,22.322967086107226,17.129802899914402,2115.0,False
32.0,-7.0,24.5669384660408,13.836079749858014,1712.5,False
24.0,-21.0,22.37228054252203,13.561585435216465,1885.0,False
2.0,-11.0,23.2099558792379,16.431384660661603,7290.0,False
-1.0,6.0,25.160298029070137,13.746933416349705,11200.0,True
31.0,-28.0,24.54241927394949,14.60395910279599,1827.5,False
7.0,-34.0,22.08667293547967,16.308141001998898,4875.0,False
31.0,3.0,25.222093751760973,17.014060482606894,1827.5,False
35.0,-24.0,22.24629729162475,14.256750967420679,1885.0,False
-33.0,-13.0,25.719270428074903,15.667254317425225,1597.5,False
-27.0,17.0,22.00624939694078,16.07580580948212,1885.0,False
18.0,-16.0,22.127986920287128,16.040720159511636,2172.5,False
-26.0,20.0,23.06335797143567,15.221515339140126,1827.5,False
-11.0,-5.0,24.438528209152413,14.46740778188279,1942.5,False
-14.0,-1.0,23.610875463756244,13.995066129670512,1770.0,False
4.0,19.0,22.6202101640853,15.832188962903063,2575.0,False
-31.0,20.0,25.64551984844355,15.146345798430392,1712.5,False
-3.0,-25.0,24.87219427822829,16.202024707021103,2575.0,False
4.0,-7.0,22.619100541643334,15.411772823138898,3092.5,False
-27.0,25.0,22.074050082282113,13.548350553888103,1770.0,False
-11.0,34.0,25.08419457090003,14.233823244455753,2287.5,False
0.0,34.0,25.61653321909002,15.892323874077766,3380.0,False
-14.0,2.0,22.43958693568564,15.115428769132585,1885.0,False
-6.0,-31.0,25.247760780712607,14.150510682901425,2287.5,False
-6.0,-27.0,22.958226228915215,17.417055602766837,2287.5,False
-28.0,34.0,23.544391997875692,13.869533491165992,3265.0,False
6.0,31.0,22.444529219044064,16.571877354953997,2230.0,False
-30.0,-18.0,25.89883123489558,16.333268500678336,1655.0,False
6.0,-7.0,24.182395732986073,14.737350729058203,2402.5,False
-29.0,-28.0,25.57436372654711,13.61307344366838,1540.0,False
3.0,23.0,23.238346384076507,14.178508588723853,2517.5,False
25.0,-13.0,23.2759000439251,13.678708486042467,1770.0,False
-15.0,-11.0,24.825180683055322,16.062452463973987,1885.0,False
-29.0,4.0,22.19317364005301,13.789273971549218,1655.0,False
-13.0,-3.0,22.910431370972404,14.61950418287477,1885.0,False
-5.0,-12.0,25.97242590540745,16.844215300937453,2690.0,False
8.0,2.0,25.524063002921856,15.818373288922595,2057.5,False
-24.0,-9.0,25.62293901913334,13.792811262584936,1597.5,False
-35.0,31.0,25.109429271919705,14.045513190332372,3150.0,False
24.0,30.0,23.656029880980377,13.655112497996704,1597.5,False
-3.0,10.0,25.066181075515516,17.416633919551575,8785.0,False
5.0,-30.0,22.99194564716685,13.775543036833342,5105.0,False
21.0,-29.0,23.101835593654183,13.908627883664083,1942.5,False
18.0,17.0,25.911385234700703,16.463139046712154,1712.5,False
25.0,21.0,23.436796239270166,14.742874175420397,1655.0,False
-12.0,-31.0,24.549337114193165,13.913531505614706,1942.5,False
-21.0,-25.0,23.8110015535391,17.4052269210621,1827.5,False
-34.0,-16.0,24.260180810397934,14.611812489057465,1540.0,False
-7.0,22.0,23.103287471351294,16.55295765335474,4415.0,False
7.0,-4.0,22.690269433112483,15.291907607609472,2287.5,False
5.0,-4.0,24.020428190061757,15.667460064689976,2575.0,False
27.0,23.0,24.090392982556782,16.22912673507625,1712.5,False
23.0,-22.0,23.975714525277656,14.777575045092455,1885.0,False
-0.0,2.0,22.770842122928375,16.60832990493804,6657.5,False
-26.0,32.0,24.491112651141872,14.639298190816241,3495.0,False
0.0,-9.0,25.39488979544922,17.200288447249264,3955.0,False
29.0,-32.0,23.906552680469158,14.672439470191597,3380.0,False
27.0,-21.0,24.12797979631304,17.387692883038053,2057.5,False
12.0,1.0,24.802875042085418,14.59731121884331,1885.0,False
11.0,-31.0,24.20174876002224,14.063781369171673,2345.0,False
23.0,-9.0,25.382000941587997,14.974264483001262,1827.5,False
13.0,-22.0,23.227952377965774,16.05178556734519,2402.5,False
9.0,9.0,22.70057811596609,14.381803002972317,1885.0,False
-7.0,-24.0,22.909160373641566,13.738310863910705,2345.0,False
-7.0,6.0,24.18713222778929,13.917636645935408,2172.5,False
-1.0,-28.0,22.033450761128776,15.831132472146546,2747.5,False
27.0,-32.0,23.134002797354754,15.337992035513365,3437.5,False
10.0,-2.0,24.79356590866832,17.0846024919678,2115.0,False
23.0,25.0,25.07865846681828,13.86343843035019,1597.5,False
0.0,5.0,25.027064194046357,14.008595600835369,5162.5,False
3.0,16.0,24.067106704912593,16.29623796357923,2747.5,False
14.0,-2.0,23.71392363904806,16.04159538524778,2000.0,False
14.0,-11.0,25.909082206604193,15.128521897007234,2000.0,False
-20.0,-6.0,24.971668329975987,13.90404234229674,1655.0,False
30.0,8.0,23.196464808289903,16.49222641001409,1770.0,False
-19.0,-16.0,22.077335105458783,14.329306426816315,1712.5,False
11.0,32.0,22.328270260316057,16.52977628021471,1942.5,False
-10.0,18.0,25.518973682758844,16.401395356461755,2402.5,False
-15.0,8.0,23.914082233689562,16.021291722488545,1942.5,False
35.0,28.0,22.37731995895044,16.322442305044778,1655.0,False
13.0,6.0,25.5082492709971,17.458265747227554,1885.0,False
-15.0,-16.0,24.23515604977705,15.899195123120938,1885.0,False
16.0,-19.0,22.04810071415987,16.45391659965149,2345.0,False
18.0,-24.0,22.72078628668042,13.604228127728586,1942.5,False
-10.0,-29.0,25.579900923704308,15.345018579652969,2172.5,False
30.0,-35.0,22.636278368525954,14.28406062402856,3150.0,False
33.0,19.0,23.424993212587903,16.168113958717157,1712.5,False
-16.0,-13.0,22.743015274366172,15.791396877122486,1827.5,False
16.0,-15.0,25.247628664197272,16.57795749269585,2115.0,False
-21.0,31.0,22.155587970739006,15.42882622017296,2057.5,False
-20.0,-9.0,23.793322576144217,17.44180754662943,1827.5,False
19.0,-19.0,22.669849039985113,17.06729195956786,2230.0,False
31.0,-7.0,24.82040788391325,15.016968348146227,1770.0,False
-0.0,1.0,25.837164050730582,15.432350781014883,9935.0,False
-13.0,-8.0,22.957968161500634,17.37086638852266,2000.0,False
-15.0,32.0,25.11264687767651,14.570103510031723,2057.5,False
-3.0,33.0,25.1900430157798,16.586334997119415,5335.0,False
10.0,33.0,23.458268313151798,15.840146424457648,1942.5,False
29.0,21.0,23.672144918562026,14.331422714299098,1655.0,False
17.0,7.0,23.40288604783857,14.655481476835826,1770.0,False
27.0,-32.0,24.65512970157274,13.586659730448208,1770.0,False
18.0,5.0,24.005129581950627,14.289995871948301,1770.0,False
-5.0,4.0,25.31741740575101,14.203863972836775,2460.0,False
32.0,14.0,24.477829422204586,14.916725012968769,1655.0,False
7.0,30.0,25.393575749737774,14.505556984362805,2172.5,False
-3.0,-34.0,24.543064216834836,17.12484958962488,2517.5,False
13.0,-4.0,25.34674461904419,15.458439937330983,1942.5,False
18.0,-33.0,23.438979239907347,15.221937092168131,2172.5,False
5.0,26.0,25.811084572469852,15.443148963710446,2402.5,False
-1.0,-2.0,23.778297420402197,15.586852257720556,4645.0,False
29.0,6.0,22.669435971208408,15.485829122734971,1770.0,False
1.0,27.0,23.315000778602364,15.874437171252257,2862.5,False
3.0,7.0,22.503203412957408,13.75836590777994,2805.0,False
31.0,8.0,22.899130070389827,16.53130725020329,1770.0,False
32.0,-6.0,25.04776820115755,13.5827455494295,1712.5,False
11.0,-8.0,24.316200642966905,14.936038458649591,2057.5,False
-5.0,-8.0,25.279263843225028,17.176876068396606,2690.0,False
-25.0,18.0,24.329958853921344,15.340384295279392,1827.5,False
-28.0,-1.0,22.31792480174982,14.2921739194485,1597.5,False
-14.0,-13.0,25.909644319139296,17.092956131021598,1942.5,False
-34.0,1.0,22.254636166461726,14.283244457965184,1597.5,False
24.0,-27.0,24.76873279600853,16.701027271964954,2115.0,False
-19.0,10.0,22.22827640345866,13.553093977273384,1770.0,False
-24.0,-20.0,22.101673657388638,13.594943585276418,1597.5,False
-1.0,-17.0,24.372869811626995,13.860283457211754,3150.0,False
10.0,-5.0,23.599962866328283,17.310710496563832,2287.5,False
-32.0,-14.0,23.348455374284274,13.50232218513762,1540.0,False
-26.0,27.0,24.969833533442205,14.097231894881803,2000.0,False
32.0,-1.0,22.48181986185083,17.331193919093895,1885.0,False
8.0,22.0,23.47060045039251,17.379053894839366,2172.5,False
30.0,19.0,25.09725618955769,14.807684420217427,1655.0,False
-20.0,6.0,25.980584575002666,14.21858634914286,1655.0,False
21.0,-32.0,22.135368316336084,14.121667255289807,2000.0,False
-25.0,-1.0,23.99317892579522,14.619664282314112,1655.0,False
8.0,-3.0,25.57309400709554,16.06282416122638,2172.5,False
21.0,-31.0,23.27645514945725,14.196082902655194,1942.5,False
-23.0,-29.0,24.259203975838417,15.9714733658892,1712.5,False
-29.0,-34.0,24.914123915969643,16.445012816032317,1655.0,False
10.0,-14.0,23.139402433721163,17.096396482079395,2632.5,False
-1.0,19.0,24.812962632108285,14.818351016872871,4530.0,False
3.0,20.0,23.148925970937878,15.463551344849266,2575.0,False
14.0,-33.0,25.98907753903143,16.402658692737138,2345.0,False
24.0,-34.0,24.04917588413014,16.278895593609157,3552.5,False
10.0,-20.0,25.48603730958577,15.828670917641478,2402.5,False
23.0,-31.0,23.535965844374903,13.73506111670529,1885.0,False
33.0,18.0,22.183037420674776,14.963239727483083,1655.0,False
34.0,-15.0,23.27544330989261,16.134999830883487,1942.5,False
-8.0,-19.0,25.43625169526034,15.710857780242623,2287.5,False
-18.0,-29.0,23.321004858254714,17.20695258837449,1885.0,False
25.0,20.0,25.658771491174285,16.603160822902804,1712.5,False
-12.0,12.0,23.633494281430817,16.75460886988032,2172.5,False
21.0,7.0,24.41860205419113,15.37543485091295,1770.0,False
-21.0,-27.0,25.71144727465512,17.358435401066426,1770.0,False
-23.0,30.0,23.82049011701187,16.49859229598625,2287.5,False
-5.0,0.0,24.525768865347203,14.40568874518862,2460.0,False
-8.0,-12.0,24.650156624077166,15.001730605562566,2172.5,False
-29.0,-16.0,24.16676002155857,14.824951746703311,1597.5,False
32.0,-16.0,25.658052039152608,16.594102942949416,1885.0,False
-12.0,3.0,24.48158400930675,15.669436135541165,1942.5,False
-27.0,-2.0,24.15003029742916,14.410938404588617,1597.5,False
-18.0,1.0,23.026449110215754,14.397533424854593,1712.5,False
-30.0,10.0,22.231121809637962,15.942607407657135,1770.0,False
4.0,23.0,24.66247010577955,14.780816844699839,2517.5,False
21.0,32.0,23.228655563744947,14.087957046909159,1597.5,False
12.0,-25.0,25.430120484188365,17.49585791396838,2632.5,False
-7.0,16.0,24.874060468875804,15.912609974809989,2747.5,False
20.0,-24.0,25.12281267916261,16.165671246601136,2057.5,False
-6.0,16.0,22.979908402869267,17.465738711345146,4932.5,False
-35.0,-32.0,24.007116124759904,17.29405047757974,1655.0,False
-6.0,-22.0,22.852544077794153,15.475171525521855,2402.5,False
-27.0,-18.0,25.21202163253612,17.02261350737119,1712.5,False
-25.0,-5.0,25.84384385123624,13.883544264066337,1597.5,False
-25.0,9.0,23.60947911356979,16.518960848862672,1827.5,False
-14.0,16.0,22.027652790772386,14.581976029075207,2057.5,False
-12.0,33.0,25.38707923537796,14.119779771001689,2172.5,False
6.0,19.0,23.92052229510024,17.388372073039456,2345.0,False
30.0,-2.0,23.90851507502743,15.979675554073912,1827.5,False
6.0,-8.0,22.974949010638824,16.107859556991777,2747.5,False
24.0,-25.0,25.645873566305028,17.14024350979504,2287.5,False
33.0,9.0,24.856047725459824,17.37837083813573,1770.0,False
2.0,-8.0,25.812763572865816,13.620418912079082,4070.0,False
-28.0,-9.0,25.016126264407575,16.235847541155604,1655.0,False
-32.0,28.0,23.28751627578223,17.265248948037243,2460.0,False
24.0,-8.0,25.701699240364523,15.633600331068216,1827.5,False
9.0,-1.0,22.700311621136866,15.404999993435537,2057.5,False
-0.0,-19.0,25.4076868438913,15.70502511483309,3495.0,False
16.0,-2.0,22.309026493265574,15.75678183287213,1942.5,False
-35.0,-24.0,22.042536177662278,16.52554969903908,1655.0,False
25.0,33.0,25.625659283358004,16.481452208529088,1655.0,False
15.0,-23.0,25.485548049086066,15.751525434488059,2115.0,False
3.0,28.0,24.97074819783841,17.226986593815525,2402.5,False
13.0,-26.0,23.740703033638408,16.267893409838738,2517.5,False
7.0,-29.0,22.299551424121137,15.17526489404788,4300.0,False
-4.0,9.0,22.83966498248339,14.097256485300562,2977.5,False
-0.0,26.0,24.521169977022918,14.634259277800037,3437.5,False
-35.0,25.0,22.633200896928763,13.874191564267216,1712.5,False
11.0,-23.0,24.027371754664657,14.406651210296557,2287.5,False
34.0,3.0,22.125145164014118,16.527191856951493,1827.5,False
-5.0,-10.0,23.62199926678285,17.35155160767916,2747.5,False
-26.0,17.0,24.218766476299685,15.640847234230076,1827.5,False
10.0,26.0,25.46569416661053,16.95900504639917,1942.5,False
-4.0,15.0,22.01723900753558,16.720279333994874,9245.0,False
-23.0,24.0,22.051515559706928,17.181534113630633,2460.0,False
-2.0,-16.0,24.687274128034357,15.406880685790549,2805.0,False
-25.0,-26.0,24.47425058837784,15.638739771652494,1655.0,False
22.0,18.0,22.024259483894966,16.59706459170167,1712.5,False
-1.0,-24.0,25.04148697743935,16.94020916994358,2920.0,False
18.0,-7.0,22.910359318972915,14.88197000504814,1942.5,False
-27.0,-20.0,23.941963417834387,15.25705929040351,1655.0,False
-29.0,-17.0,24.135030252637073,13.868139746554629,1540.0,False
24.0,-26.0,22.862176206316427,16.389861590279533,2230.0,False
-5.0,28.0,24.389535637207118,15.642112701940821,6140.0,False
19.0,32.0,25.376208790399374,16.88376792565911,1655.0,False
-28.0,-9.0,25.516319256568092,14.612010389759511,1597.5,False
-18.0,8.0,23.95290341551156,15.042267792215915,1770.0,False
29.0,-33.0,25.379671969893803,15.469230912747813,3380.0,False
-27.0,-29.0,25.081516084397023,14.011346081208213,1597.5,False
3.0,28.0,23.42376215147214,15.246610142034843,2402.5,False
-16.0,20.0,23.991745936282257,15.046195533468069,2000.0,False
-14.0,5.0,25.493865956092126,17.076133836203116,1942.5,False
-32.0,-10.0,22.494169476213276,14.616636310580756,1597.5,False
13.0,-34.0,22.460690785093362,17.498907105943797,3092.5,False
-32.0,-3.0,25.281224399667973,16.027988484170233,1655.0,False
-11.0,27.0,25.013479693778674,14.528136713707704,2287.5,False
2.0,-10.0,24.448485708916802,14.375191137283144,11200.0,True
33.0,-4.0,24.332854900609142,16.28307938958407,1827.5,False
25.0,-8.0,22.925134615891523,15.649827354769217,1885.0,False
-1.0,6.0,24.304867786162184,16.40817137921162,8037.5,False
22.0,30.0,23.693320140744927,14.372671867579097,1597.5,False
-11.0,-23.0,22.360087908339203,15.416028338293941,2057.5,False
-33.0,16.0,24.052695959584085,14.764247088980612,1712.5,False
-21.0,9.0,23.017351561900412,13.821906679005743,1712.5,False
-31.0,-25.0,25.632505390547585,17.016751000587213,1655.0,False
-12.0,23.0,23.571980749820593,14.62061342337179,2230.0,False
2.0,-2.0,25.103485166503962,15.883539027368986,3552.5,False
-11.0,11.0,25.353295645673345,17.0734034194007,2172.5,False
2.0,29.0,23.9922742739367,17.35872187793314,2575.0,False
1.0,-8.0,24.742855459517255,16.03619658654493,6485.0,False
-17.0,-14.0,22.65809854843195,16.30895458970839,1827.5,False
25.0,34.0,25.452678968711524,15.233695862538283,1597.5,False
-6.0,23.0,24.49833983033732,14.529186579835438,3322.5,False
-21.0,18.0,25.307400391823453,16.95991645514277,1942.5,False
4.0,3.0,25.72025508694699,16.18881653796631,2632.5,False
6.0,20.0,23.745926430240537,17.419453655958662,2345.0,False
7.0,-21.0,23.380469997703695,15.527430635884821,3380.0,False
15.0,3.0,23.184162006005426,15.269809789909782,1885.0,False
-6.0,10.0,23.955783360872044,16.1899377432527,2690.0,False
-22.0,-27.0,24.59950429691472,13.957438861752594,1655.0,False
30.0,-5.0,22.163215399258572,17.210679104329067,1942.5,False
10.0,-22.0,24.036423639935727,15.779163549133026,2632.5,False
-26.0,15.0,22.494369908822367,17.016378976623823,1942.5,False
-21.0,0.0,23.83636425028835,14.571506843365235,1655.0,False
-7.0,14.0,23.136975335327893,14.191506433726815,2517.5,False
7.0,14.0,25.291027312874526,14.83551322218226,2115.0,False
34.0,-12.0,22.990850390957,14.77022679474116,1827.5,False
-18.0,5.0,23.887905604889802,17.31445563408014,1885.0,False
15.0,-20.0,25.437746234265553,15.692777044025608,2115.0,False
30.0,-15.0,25.254602867703984,15.730097745170074,1827.5,False
-8.0,-13.0,23.04230074295894,17.30773271142171,2345.0,False
14.0,-5.0,24.27723094841301,16.5879830258293,2057.5,False
-24.0,-31.0,23.121411410060276,17.358949953608878,1770.0,False
-6.0,-9.0,24.86874577623396,17.295530280407917,2517.5,False
-14.0,-5.0,23.63349657407203,15.290015428809472,1885.0,False
-9.0,3.0,24.519918086128065,14.25669064761302,2000.0,False
-15.0,13.0,22.482722644016736,15.099519693101001,2000.0,False
20.0,-32.0,24.0019679965437,16.465147409155307,2172.5,False
4.0,17.0,24.81008253249316,16.65945445820716,2690.0,False
21.0,15.0,23.0299231778689,16.691767920575415,1770.0,False
-9.0,30.0,22.100426247624878,16.944059983971826,4242.5,False
-12.0,27.0,22.159085144910055,16.46379088000134,2862.5,False
-12.0,-20.0,22.76453751432527,16.826799506402324,2057.5,False
-18.0,-6.0,24.652218793145718,15.341929228349692,1770.0,False
14.0,-3.0,24.916541330577587,14.656809024085254,1885.0,False
27.0,-35.0,25.210565145329014,16.94685309009207,3437.5,False
-22.0,1.0,22.237469444837636,14.616456158981936,1712.5,False
-32.0,-9.0,24.60400718543643,15.762889461668378,1597.5,False
-31.0,2.0,25.385320638076607,16.30685391521389,1655.0,False
-32.0,25.0,22.27048933802819,16.648078252534617,2000.0,False
-1.0,10.0,24.092331883999616,14.399539337431143,6312.5,False
19.0,-17.0,24.48419675566084,13.540904000403657,1827.5,False
-11.0,1.0,23.08144219967997,13.863004479462553,1885.0,False
-7.0,-27.0,22.909103358761847,17.23273130767312,2287.5,False
27.0,-20.0,22.208694308557476,17.121420620651957,2115.0,False
29.0,29.0,22.597895340141104,14.668880120482717,1597.5,False
-29.0,-1.0,23.102789593329575,14.925123755977621,1655.0,False
-17.0,5.0,22.98325500643391,16.256808949554713,1885.0,False
34.0,9.0,24.00925695068126,14.11116236546193,1655.0,False
21.0,3.0,23.540233476855317,17.14019507830074,1885.0,False
29.0,33.0,24.942686209854664,17.252494878152177,1655.0,False
21.0,-1.0,22.702469280331982,16.653659401118357,1942.5,False
-6.0,2.0,25.09043704025124,13.75443889458244,2287.5,False
2.0,32.0,25.386547272632075,15.177872128538835,2632.5,False
14.0,-33.0,24.84079823578106,17.355640326388862,2575.0,False
14.0,-28.0,24.624440805680777,15.662710074885945,2287.5,False
4.0,8.0,24.02356503409755,17.439217670326155,2690.0,False
-34.0,-34.0,22.512292364378737,15.133392891125572,1597.5,False
33.0,11.0,25.0328020519018,14.422254470438295,1655.0,False
-11.0,-7.0,22.53678408846097,13.50670325553756,1942.5,False
-31.0,-21.0,24.79698206311214,16.150821875158652,1655.0,False
10.0,34.0,23.82897709539965,15.323607807287654,1942.5,False
4.0,-2.0,24.656392681430518,15.63400007337744,2690.0,False
7.0,7.0,24.46973015681318,16.2173596988047,2172.5,False
20.0,-12.0,25.22365153260308,15.958130226873909,1942.5,False
-28.0,24.0,23.876508969808366,14.121601917658444,1712.5,False
29.0,25.0,24.94985245005013,15.896471943468072,1655.0,False
17.0,15.0,23.777108824529662,14.979171661520372,1712.5,False
-18.0,26.0,24.66018281551269,15.865315616721313,2057.5,False
5.0,25.0,24.933671429815615,15.826427415804355,2402.5,False
29.0,-33.0,23.70992724429393,17.005820649739032,3380.0,False
-5.0,12.0,24.699373071241155,17.29899203259324,3552.5,False
14.0,-27.0,22.440384846701228,14.407028465542124,2287.5,False
16.0,-9.0,23.59036267241447,16.891818204636596,2115.0,False
23.0,1.0,25.527154522212943,15.438584843781891,1770.0,False
-1.0,12.0,22.929687090479078,14.348765835472848,5220.0,False
9.0,-1.0,22.748814157412976,16.4755247857237,2172.5,False
3.0,-31.0,24.153657478371336,13.594264760304142,7117.5,False
-3.0,29.0,23.255041366834664,14.734584126503094,5910.0,False
-21.0,-20.0,24.345192138308274,14.69256056992722,1712.5,False
-4.0,28.0,22.25669207517593,17.114757629005602,4932.5,False
-7.0,6.0,25.614984087573195,16.24977384646703,2287.5,False
-20.0,10.0,23.454405569375446,16.21135667784083,1885.0,False
-33.0,24.0,24.01157337491032,16.13237963397424,1827.5,False
0.0,-34.0,24.403235044802937,17.40067738906414,3035.0,False
6.0,-10.0,25.907676406978407,14.824127105674197,2402.5,False
30.0,29.0,22.316317842467402,14.098645796204302,1597.5,False
4.0,-35.0,24.00305896406714,15.684312355468066,5967.5,False
-8.0,15.0,25.34762646217709,16.58596956216481,2575.0,False
-35.0,23.0,22.049834979498275,14.89642845833339,1827.5,False
-29.0,-15.0,24.50971932899939,17.20409685477883,1712.5,False
-17.0,-30.0,23.11454975267958,14.711026198768943,1827.5,False
-5.0,-8.0,24.35572873994273,16.80830108326254,2690.0,False
-23.0,-22.0,25.29388856889103,15.788581642858366,1712.5,False
26.0,-33.0,24.53135814241813,14.819819759165483,3437.5,False
-33.0,-31.0,22.04837970177808,13.849787233785237,1540.0,False
6.0,24.0,24.48826304192925,17.318655026785542,2345.0,False
14.0,26.0,24.651161596080144,15.390702395316605,1712.5,False
-13.0,-30.0,24.62571029904386,14.683950624217045,1942.5,False
5.0,14.0,23.175375889406485,16.000906678797406,2460.0,False
19.0,25.0,24.20373564249351,14.070653254931264,1655.0,False
20.0,-5.0,23.817068348314102,13.790179382651448,1770.0,False
-22.0,27.0,25.012186558839687,15.437429829378395,1885.0,False
16.0,18.0,24.073750537874716,17.411756616195902,1770.0,False
29.0,-21.0,23.180674339946897,17.458722299190285,2115.0,False
-28.0,-6.0,25.968098421950664,16.095670219423017,1655.0,False
-11.0,19.0,23.387650430441486,16.466124560932624,2517.5,False
27.0,-18.0,24.812417295506794,16.618077016632245,1942.5,False
-19.0,7.0,24.57537779479931,17.31998206645723,1885.0,False
-22.0,32.0,24.241762446265017,13.900755087934813,2000.0,False
29.0,-3.0,25.780269248429047,16.540760872179145,1827.5,False
14.0,16.0,23.72965268482656,15.446212635326662,1770.0,False
-9.0,-31.0,22.419138286484717,15.047161743139952,2172.5,False
31.0,18.0,23.84497570123513,14.037934043647295,1655.0,False
24.0,-18.0,23.380885035891044,13.693726860414012,1827.5,False
5.0,8.0,25.204172959458912,16.114398118721745,2402.5,False
22.0,-1.0,23.54398596639125,16.18936439720352,1885.0,False
6.0,30.0,23.892212384249056,16.178184174645896,2287.5,False
5.0,23.0,24.244249215863615,14.936714411907701,2460.0,False
-14.0,-18.0,25.52112001647743,13.919704994220478,1827.5,False
7.0,-22.0,25.51424391151635,13.897384642853439,2575.0,False
-34.0,-2.0,22.85121898972646,15.4873565574181,1655.0,False
17.0,-9.0,25.889094755684237,15.170471055864505,1885.0,False
21.0,32.0,24.259929919903165,14.36591372151039,1597.5,False
-22.0,-8.0,24.19083485729957,16.14578247137311,1712.5,False
-14.0,24.0,22.92185177797849,13.761925447272064,2057.5,False
-20.0,-16.0,23.141640624872533,14.76308572703761,1712.5,False
-33.0,-21.0,22.62326077691045,14.112225300617023,1540.0,False
-11.0,11.0,24.470494436708073,15.042209183285587,2057.5,False
-5.0,19.0,25.81310612783627,16.602417432052594,4587.5,False
21.0,9.0,22.962053179612568,15.1830085470367,1770.0,False
21.0,-11.0,25.355980298912314,14.02813197700632,1827.5,False
5.0,-17.0,24.381416169286005,14.82558659390195,3495.0,False
-19.0,28.0,25.094051159561445,15.643597412508017,2000.0,False
17.0,-24.0,23.45776040201128,14.78450537356759,2057.5,False
-30.0,22.0,22.964001656148106,17.459541118740074,2000.0,False
18.0,22.0,24.45920077958786,15.364270362333158,1655.0,False
-14.0,21.0,23.559292557500687,15.62909036844502,2172.5,False
34.0,-30.0,24.520731048955053,16.83791944352679,3322.5,False
-15.0,-9.0,24.52309606966637,14.011697321760078,1770.0,False
-14.0,-11.0,23.611738228523755,16.93567909621007,1942.5,False
26.0,-4.0,24.164829332324867,14.564714897114731,1770.0,False
-17.0,29.0,23.694903930527257,14.166745851191061,2000.0,False
28.0,9.0,25.7078944438384,16.482216805736666,1770.0,False
-34.0,2.0,23.371996670042265,15.211024766854607,1655.0,False
33.0,5.0,22.90187929689234,14.429144761309209,1712.5,False
24.0,-23.0,24.04910449034563,16.152169738746736,2000.0,False
-6.0,-17.0,24.287117901026733,13.602182465178357,2460.0,False
23.0,-28.0,23.47189382199313,15.562397639449243,2057.5,False
28.0,28.0,24.180385165272565,15.778359713510568,1655.0,False
25.0,29.0,25.148597539166634,16.693162823329367,1655.0,False
-21.0,26.0,24.013812950612675,14.218772120967405,1827.5,False
-33.0,3.0,23.045970989453977,15.669014748827543,1712.5,False
-4.0,-3.0,24.69443972585684,16.230305140678794,2805.0,False
34.0,24.0,23.94981196135017,16.10634508158927,1655.0,False
-2.0,-12.0,24.719030160523012,17.140044804729932,2920.0,False
-6.0,27.0,22.296743465493293,13.65898093342248,4127.5,False
-9.0,15.0,25.223780188186304,16.77647437475092,2460.0,False
8.0,25.0,22.881641370112746,15.442048251020381,2115.0,False
26.0,27.0,23.568721339686906,16.371175744900004,1655.0,False
24.0,-30.0,24.702570191356934,15.543474262816462,2000.0,False
-34.0,-26.0,24.96975030628147,13.756393705134828,1540.0,False
-8.0,-2.0,23.44097322645485,15.238399495059362,2172.5,False
-32.0,-34.0,22.613106189688846,16.321061792138813,1655.0,False
-10.0,11.0,24.311254732332984,16.289317270444478,2230.0,False
-26.0,-9.0,24.627861395947853,14.378388837169192,1597.5,False
-26.0,-34.0,23.55121180912362,16.971679834426823,1712.5,False
14.0,12.0,23.821865956322988,13.877056287998197,1712.5,False
-14.0,-19.0,25.729506994824423,14.86508365444664,1827.5,False
-14.0,14.0,23.005977067962313,14.352992052657573,1942.5,False
7.0,-29.0,25.57016302010943,15.64520965497892,3437.5,False
-3.0,21.0,22.1921224902896,16.566502502900956,5162.5,False
-20.0,16.0,22.088992058790545,14.409268161426127,1885.0,False
-25.0,17.0,22.952073180708513,16.69898427302276,1942.5,False
-31.0,-11.0,25.858683323439966,14.459814872146026,1540.0,False
32.0,32.0,22.119338120166447,16.945844223616323,1655.0,False
-0.0,28.0,24.155307202432034,17.21310875664744,3150.0,False
0.0,25.0,24.95200725871158,16.323554665256623,3322.5,False
1.0,-7.0,25.60184000973373,15.631274447299674,8612.5,False
16.0,-2.0,24.711287824475356,17.166076653634843,2000.0,False
33.0,35.0,24.318060735290402,14.246140880873789,1597.5,False
-18.0,-3.0,25.287367273979548,13.931053546900317,1655.0,False
-35.0,-15.0,25.95531704269765,16.601423349517717,1597.5,False
2.0,-22.0,22.590656530365614,17.36925023779654,3955.0,False
15.0,21.0,25.51760587286361,16.058600881483027,1712.5,False
-5.0,-34.0,25.74759188547766,15.710472529681377,2287.5,False
-17.0,18.0,23.6666776539615,17.069652146868215,2115.0,False
2.0,12.0,23.213812640462493,15.010024933689134,3035.0,False
17.0,19.0,23.192345875375626,17.0208468532816,1770.0,False
-3.0,-10.0,25.74248336774177,16.840480715545095,3035.0,False
33.0,22.0,25.8116195086545,13.57663475144263,1597.5,False
7.0,30.0,24.50683986358421,16.275138374139445,2230.0,False
1.0,-10.0,25.776971430668954,16.638243347951857,5565.0,False
-29.0,24.0,23.080062804616716,15.735733359590757,1885.0,False
3.0,-24.0,23.69878221257814,15.85940461573835,5795.0,False
-28.0,19.0,24.97024896700234,15.432248968417806,1770.0,False
-30.0,-24.0,24.795581016921776,16.330579992551705,1655.0,False
22.0,-8.0,24.654158697612782,17.182268881278798,1942.5,False
26.0,24.0,25.173917341637786,15.276646090918192,1655.0,False
-0.0,33.0,22.595451230231262,13.973425793667941,3322.5,False
-17.0,16.0,22.93665192848888,16.714636709778155,2115.0,False
-18.0,-27.0,24.86458037938678,16.90459071430832,1827.5,False
15.0,30.0,22.180412669093574,15.6460663685613,1712.5,False
-34.0,13.0,25.302946249268736,13.608639860538661,1597.5,False
9.0,-24.0,24.74978166841391,14.00022578795991,2402.5,False
-4.0,17.0,23.727815045452225,15.22216069875022,6887.5,False
30.0,-28.0,24.139125881915096,13.793969667655986,1770.0,False
18.0,-19.0,25.09363806198292,14.00556258899336,1885.0,False
-8.0,-27.0,24.486860876641988,15.518666091575943,2287.5,False
11.0,-6.0,22.574675526990404,17.424075149406058,2287.5,False
-26.0,2.0,23.03122264326769,17.309761882007194,1770.0,False
-31.0,32.0,24.67653492549228,14.215298906834093,3265.0,False
18.0,-33.0,24.37173785612057,14.930573015931774,2057.5,False
8.0,16.0,24.352614155681902,16.76982317166246,2115.0,False
-12.0,9.0,22.844902741956844,14.280359929322827,1942.5,False
13.0,-4.0,22.287783047324226,14.406492123856081,2000.0,False
27.0,11.0,25.640539542356848,17.001776099077507,1770.0,False
-21.0,-25.0,22.034667481162757,16.867062897160793,1827.5,False
-0.0,-34.0,22.226955291625988,15.59970374574293,2977.5,False
-28.0,-24.0,24.954582099082405,16.21320299113155,1655.0,False
-14.0,17.0,25.333903942681072,13.739352379172022,1885.0,False
-16.0,27.0,24.047429462970722,14.450180532441973,2000.0,False
4.0,7.0,25.655566496476336,15.818079138826912,2632.5,False
23.0,13.0,25.25523233855059,16.86416484898282,1770.0,False
-30.0,5.0,23.076268238978717,14.628895669790175,1655.0,False
-13.0,-24.0,23.75930531574274,17.41544684064058,2000.0,False
-28.0,-3.0,22.00617872855655,14.440259322046522,1597.5,False
-29.0,-22.0,22.311658858106117,14.501495756535903,1597.5,False
-6.0,18.0,24.264606786900153,14.21824108823947,2862.5,False
-17.0,29.0,22.685079137909824,16.791231169370352,2345.0,False
25.0,-28.0,23.362590637125308,16.70898283849052,2115.0,False
-1.0,-13.0,24.77586531908042,14.496906994634438,3207.5,False
-14.0,-31.0,25.348943996494988,14.887813413079865,1885.0,False
1.0,7.0,25.266585166106946,13.64373867175524,3840.0,False
-13.0,-29.0,23.780166204485575,15.398017103568044,1942.5,False
21.0,-34.0,23.420150119073874,16.854084209952067,3725.0,False
-32.0,-18.0,23.383426510915214,14.826378951496512,1597.5,False
8.0,17.0,24.16501737068799,16.135621340652122,2057.5,False
-34.0,-19.0,25.355419442029426,14.922826818557976,1540.0,False
-6.0,6.0,22.438707476622614,14.420499349450331,2402.5,False
1.0,14.0,23.228910368579577,13.675996487622912,3092.5,False
-27.0,33.0,24.58842841473572,16.574186948655445,3495.0,False
21.0,34.0,22.14817686217928,15.918702404142817,1655.0,False
-4.0,-29.0,25.803638432968892,14.740499885021555,2402.5,False
20.0,-20.0,22.25067573163408,15.975780035304043,2115.0,False
-15.0,-2.0,24.983339912246947,16.323541724833888,1885.0,False
-2.0,-4.0,23.484514479136433,15.418793262686865,3610.0,False
-25.0,-5.0,25.163216237927166,14.894480744639099,1597.5,False
12.0,22.0,25.662770309066595,14.518228931913901,1770.0,False
-24.0,15.0,23.505997477580532,14.540192445179843,1770.0,False
5.0,-6.0,24.673765249521068,13.581270270465943,2460.0,False
11.0,5.0,24.388022156515675,16.150807343732204,1885.0,False
-6.0,-32.0,23.773478265175847,16.68262681241241,2230.0,False
23.0,-11.0,25.93488729763346,14.703644057249566,1827.5,False
34.0,-30.0,22.581569967713456,13.992467355185617,1827.5,False
18.0,-29.0,23.755987849883073,15.623132567797306,2172.5,False
-24.0,-16.0,23.33247508117133,16.440981026530615,1712.5,False
-25.0,-20.0,23.92789108538414,14.883138188904582,1655.0,False
-18.0,-2.0,23.211316722363854,14.587808874841407,1712.5,False
-10.0,-4.0,25.877740513607545,16.95949207575069,2115.0,False
12.0,-29.0,23.611623166637408,14.090246453055169,2287.5,False
29.0,7.0,23.073861320724916,14.132352162244414,1712.5,False
9.0,12.0,24.137498130241145,14.355557140190687,1885.0,False
35.0,33.0,23.011512506430698,16.50376309005119,1655.0,False
19.0,-14.0,24.242315696839565,14.789506773980818,1942.5,False
-5.0,29.0,25.549253343602338,15.751475084448543,5507.5,False
-33.0,14.0,25.613372003639476,16.892498236152374,1770.0,False
28.0,-34.0,22.362667539402985,14.275507437975746,3265.0,False
16.0,33.0,23.901509121632273,16.25804322867425,1655.0,False
-22.0,1.0,23.881005234262922,15.904495213931492,1712.5,False
-22.0,23.0,22.240797753005676,15.321119150264087,2230.0,False
-7.0,30.0,23.42980236326297,14.722989902051545,3725.0,False
-14.0,-5.0,25.251744015463586,14.115855440169861,1770.0,False
-3.0,-19.0,22.652116142280484,15.759379915907015,2517.5,False
18.0,25.0,23.257442769551417,15.715844279662676,1655.0,False
-9.0,-9.0,25.12445856907203,15.390096833420088,2115.0,False
-15.0,16.0,24.860067841978207,14.719958258440906,1942.5,False
-26.0,16.0,25.287936751390465,13.842017285655237,1655.0,False
2.0,24.0,23.658842708923437,16.985575763390816,2517.5,False
-15.0,-17.0,23.10636808624402,15.716777275888749,1885.0,False
-26.0,29.0,23.33137803199626,14.579511510304297,1885.0,False
-16.0,-13.0,23.70350663882478,15.645466206681382,1827.5,False
-22.0,29.0,23.631415055283355,16.621723239457776,2057.5,False
13.0,-28.0,25.94314654311995,15.260433092634502,2230.0,False
-2.0,32.0,25.580640948116585,16.31830397969346,4645.0,False
-19.0,33.0,25.405727528406445,16.502888472793433,2057.5,False
33.0,2.0,24.067735691554002,17.044982858452933,1827.5,False
23.0,-10.0,22.36065548125341,14.185182313119757,1827.5,False
3.0,2.0,23.738399802015678,16.158153786403567,2977.5,False
20.0,30.0,23.413055704712594,14.566688781819163,1597.5,False
24.0,-30.0,22.475455403348636,13.636736757039724,1885.0,False
-19.0,34.0,24.490059520172046,15.330605534913543,2115.0,False
20.0,-5.0,25.53647057466343,17.040528049013442,1942.5,False
6.0,-15.0,22.99605449666356,16.12330562836407,3552.5,False
-29.0,21.0,23.734200567956687,16.1465882210337,1885.0,False
-30.0,11.0,22.54576944426994,14.171619687838938,1712.5,False
18.0,34.0,25.43115084731102,15.229500542336096,1655.0,False
-13.0,5.0,23.921207300113966,14.27916344070232,1827.5,False
25.0,-18.0,25.69973653186644,16.499067270841092,1942.5,False
13.0,-7.0,24.88985918194721,17.185112796848898,2115.0,False
29.0,-11.0,25.765334558662584,15.001727639501457,1770.0,False
3.0,-21.0,23.915780872578246,16.828421497476498,5852.5,False
32.0,23.0,25.625613892947005,16.5489275210494,1655.0,False
-34.0,10.0,23.243859825965423,16.169658923910983,1770.0,False
13.0,18.0,25.25839386389971,17.02334011732123,1770.0,False
-10.0,10.0,22.564128880047026,14.237792647485737,2057.5,False
-1.0,-14.0,24.22244260050858,15.463897036119338,3150.0,False
3.0,-13.0,22.078884773391273,14.408963842576274,10567.5,False
10.0,-19.0,25.961537792720385,15.81890421041676,2345.0,False
-24.0,-6.0,23.752342284933796,16.623358309972854,1712.5,False
-0.0,-18.0,23.723320765806143,17.210428697460397,3265.0,False
14.0,-15.0,22.59752674921645,13.550776161006477,2000.0,False
-23.0,-8.0,25.21918118082806,16.29597171795729,1712.5,False
-31.0,18.0,25.751421170178833,16.8987608674881,1827.5,False
23.0,-25.0,25.915590630996192,14.67516632775736,2000.0,False
-12.0,19.0,24.277528025409467,16.38589255176474,2287.5,False
-18.0,-14.0,25.219992428569217,15.884229511178983,1770.0,False
-16.0,2.0,23.661885468268526,17.38095785582815,1885.0,False
30.0,32.0,24.850193848533983,13.613041417738422,1597.5,False
10.0,-15.0,25.576859492485344,15.614984163659798,2287.5,False
30.0,-1.0,23.882577051142114,15.628170930498161,1770.0,False
21.0,22.0,22.099165610586407,14.89865424319143,1655.0,False
26.0,5.0,25.18360324549113,14.63207635715824,1712.5,False
-29.0,24.0,22.024702637819598,14.792190017706728,1827.5,False
-27.0,-26.0,24.061343892964533,13.867783794021182,1597.5,False
28.0,29.0,24.984057482302923,14.165018094624228,1597.5,False
15.0,-26.0,23.4870414994208,14.235963546564662,2115.0,False
19.0,18.0,24.132454193429307,17.218862081573786,1770.0,False
2.0,15.0,23.622572607860075,15.409324924095975,2862.5,False
-16.0,-10.0,23.585832535452845,16.101312095480413,1827.5,False
-4.0,12.0,22.175362373268342,16.7059481715523,9360.0,False
32.0,-6.0,22.439267177948427,15.311242117936438,1827.5,False
24.0,26.0,24.85009195272612,14.937151403934097,1655.0,False
-10.0,-34.0,22.217958820018747,15.234141384166564,2115.0,False
1.0,18.0,23.748016107768894,13.737414608868185,2920.0,False
9.0,-15.0,22.261052136630735,13.764701320729635,2345.0,False
1.0,-2.0,25.672099714449814,16.479653613017646,5335.0,False
-9.0,-21.0,25.667297011863827,14.235068990117746,2115.0,False
5.0,30.0,23.80861735401193,14.729186736845671,2287.5,False
6.0,10.0,25.006749235554377,14.426884313567317,2230.0,False
-5.0,24.0,23.51898343515653,13.57056969042917,4185.0,False
-28.0,-14.0,24.390558387652437,17.490729218480094,1712.5,False
11.0,10.0,24.574731920105005,15.702730529300545,1827.5,False
24.0,-27.0,22.229349260339948,14.488669733886805,2000.0,False
-23.0,14.0,23.63217438732931,15.512111450296908,1827.5,False
9.0,33.0,23.343980430590296,17.304634945229193,2115.0,False
-8.0,19.0,24.623806955483957,17.08219409838337,3035.0,False
-1.0,28.0,23.8294706889154,13.8610657904636,4185.0,False
10.0,22.0,23.282023993172352,17.499031561541763,2000.0,False
-20.0,33.0,23.38604764145944,14.24214043530935,2000.0,False
-12.0,29.0,23.67100156508966,13.75935717820268,2172.5,False
4.0,-12.0,24.626099765570583,14.866600048607523,3380.0,False
17.0,-4.0,22.554283204467236,14.265821640041,1885.0,False
-15.0,-18.0,24.494293523219085,15.712385180847502,1885.0,False
-5.0,5.0,25.417977356663105,16.88256607479917,2690.0,False
-18.0,13.0,25.404899336567496,15.36218369346108,1827.5,False
-13.0,-34.0,23.904316157924473,15.837199220720413,2000.0,False
-9.0,23.0,24.95921861442255,14.166048689730047,2345.0,False
-2.0,-12.0,23.973565322922685,15.97561287061091,2920.0,False
-32.0,-27.0,23.493002660155835,16.879631322459957,1655.0,False
-10.0,-32.0,23.773175389241427,15.260382651863258,2230.0,False
20.0,-31.0,24.279479905852366,17.132058152648714,2230.0,False
-13.0,13.0,22.398365554737737,14.223186486888778,2000.0,False
24.0,1.0,25.43811178514384,15.775636973057019,1770.0,False
-12.0,13.0,24.307976527104163,13.572800108886215,1885.0,False
16.0,15.0,22.163694694083333,13.980980942112588,1712.5,False
23.0,32.0,25.636458290083514,13.511032130712334,1597.5,False
19.0,-31.0,24.807507921784854,15.59244308447912,2057.5,False
33.0,-25.0,23.36913412295086,15.692724829451345,1942.5,False
15.0,2.0,23.51010562593455,14.486320421581816,1827.5,False
27.0,-29.0,24.056516985687836,17.187646251097195,3725.0,False
-21.0,4.0,23.07028754069691,14.48536960892076,1712.5,False
35.0,2.0,23.359622410846278,14.739780848333963,1712.5,False
27.0,15.0,22.542467300623716,14.777793469826475,1712.5,False
-25.0,-13.0,24.070023857375013,13.957516526487272,1597.5,False
-0.0,25.0,24.178064610710052,16.929247738581978,3207.5,False
11.0,-17.0,25.635165925588886,15.571563461807777,2230.0,False
14.0,-18.0,22.58089354125506,16.995974578053634,2460.0,False
-31.0,-10.0,22.102647840159662,17.438982200904135,1712.5,False
4.0,-22.0,22.964528390139506,16.16844300304812,7807.5,False
-6.0,-1.0,24.016617287226715,13.608017858110673,2287.5,False
-32.0,-15.0,24.577369334967322,16.99250466659117,1655.0,False
-6.0,-16.0,22.14812679577903,16.072947682473412,2517.5,False
20.0,-19.0,24.413294006974514,14.89437865820694,1942.5,False
23.0,-6.0,22.813661065991425,16.505073087526664,1942.5,False
34.0,-31.0,23.284184876402335,14.284201163910055,3150.0,False
-13.0,-28.0,25.3139481711369,15.865173113572217,1942.5,False
-32.0,16.0,24.921570785634426,16.344865161828743,1770.0,False
12.0,-5.0,25.344109021296536,16.25560028779117,2057.5,False
8.0,30.0,22.93781949018575,14.445825649532479,2057.5,False
-25.0,-25.0,22.508007347715413,15.57632896474217,1712.5,False
11.0,23.0,25.576631270285137,16.671636074415858,1885.0,False
4.0,14.0,22.01428515012062,15.4989480675822,2632.5,False
-4.0,16.0,22.09899208529491,17.311629084545707,7980.0,False
-13.0,-27.0,23.34521625133905,16.37106397035197,2000.0,False
9.0,-17.0,23.816728208413277,16.89607147791171,2805.0,False
-11.0,-22.0,22.452980393698784,15.502332278300976,2057.5,False
-28.0,-7.0,25.656352276550656,15.731932468185132,1597.5,False
22.0,-6.0,23.316664810259233,16.36951834441375,1942.5,False
-30.0,-1.0,23.010976242688372,13.61845945825038,1597.5,False
28.0,15.0,23.82573203510927,15.464118330332997,1712.5,False
-17.0,4.0,23.023442987425103,14.716609063560467,1770.0,False
17.0,8.0,23.360131460770518,13.861611481446005,1712.5,False
9.0,22.0,23.620583717280525,16.9265450860723,2057.5,False
-31.0,3.0,22.58477522236963,14.156227484139716,1655.0,False
-7.0,12.0,24.609636540060865,15.342755182546671,2460.0,False
9.0,24.0,22.095079789772903,14.962919905588409,2000.0,False
23.0,6.0,22.215735680796318,15.411414242328927,1770.0,False
-21.0,-18.0,24.677508095321663,16.708840904172945,1770.0,False
29.0,24.0,24.278283402675413,16.943538400551866,1712.5,False
-10.0,33.0,22.96054647058212,14.387750110459681,2690.0,False
18.0,20.0,25.676717717407037,14.385312423647074,1655.0,False
-28.0,4.0,25.37643423979885,15.221649149616553,1655.0,False
-7.0,-27.0,25.03535951226606,16.105254340575076,2345.0,False
24.0,-0.0,24.07936412882121,16.033672798461154,1827.5,False
2.0,14.0,25.840038026897588,14.505234590751758,3035.0,False
18.0,-34.0,23.693486435242548,13.844600053674535,2000.0,False
-34.0,-27.0,22.392149067650596,16.7956608456833,1655.0,False
-26.0,-6.0,23.227729763472844,15.510102795352177,1655.0,False
-27.0,3.0,25.36356802652786,17.249952530010273,1712.5,False
16.0,17.0,25.93178554598499,14.835573998053514,1712.5,False
26.0,-17.0,24.83863486220021,17.10773974558522,2000.0,False
11.0,-16.0,23.946523914531745,14.454053969976783,2172.5,False
-17.0,24.0,23.24257747204193,16.75556053955962,2230.0,False
-5.0,29.0,25.420906675902856,14.690379967135957,4702.5,False
-19.0,-1.0,22.893654518467496,14.702237444449928,1712.5,False
21.0,29.0,23.481852443386135,16.2484518400532,1655.0,False
-1.0,-12.0,23.923319002163073,17.262858318008288,3150.0,False
33.0,-15.0,22.59320468652832,17.468414598454604,2057.5,False
-6.0,-6.0,25.380118382693336,17.07526592320186,2460.0,False
-7.0,29.0,24.209680017780094,16.78375070430383,4587.5,False
32.0,1.0,23.806716341435568,14.311583330064071,1712.5,False
16.0,4.0,25.555914274675423,15.687189233495829,1827.5,False
-19.0,-4.0,25.25072634709885,13.91261577194286,1655.0,False
4.0,32.0,23.83327603901158,17.21544485404091,2287.5,False
-22.0,3.0,23.690571333129146,15.646835538553656,1712.5,False
-9.0,-11.0,25.889193630383378,15.439329201786801,2115.0,False
-13.0,6.0,24.389048846216024,14.539333037837862,1885.0,False
-29.0,-22.0,25.489739043217604,13.76900695227442,1540.0,False
-23.0,-2.0,25.242831898906203,15.871941180793586,1712.5,False
10.0,-19.0,23.533406853191245,13.547401775689394,2230.0,False
11.0,10.0,22.814669627343086,14.81372029177793,1827.5,False
8.0,-6.0,22.44786274120979,16.977737104027195,2460.0,False
-24.0,4.0,22.9542145693752,16.778845178221168,1770.0,False
15.0,4.0,23.2576610705136,15.870466835109902,1885.0,False
-24.0,19.0,25.873770789686724,17.184915512426407,1885.0,False
-29.0,-14.0,24.975245830969257,16.429817871077535,1655.0,False
17.0,25.0,25.067017177282196,15.077945247032835,1655.0,False
16.0,-22.0,25.02009100200328,14.460778306655122,2000.0,False
-16.0,-13.0,22.38358359658412,15.880592282458938,1885.0,False
13.0,15.0,22.61805746899794,16.735153889509025,1770.0,False
-13.0,-22.0,23.200567146488687,13.527735507283833,1885.0,False
-1.0,8.0,24.464919852786046,15.261837729707516,7117.5,False
-30.0,6.0,25.873295785069857,17.332876984584054,1770.0,False
7.0,-6.0,25.060523442381054,14.276135695809822,2172.5,False
-16.0,19.0,24.101078766991613,16.244507175418565,2057.5,False
-2.0,-17.0,23.96334481485898,14.642953000833103,2747.5,False
32.0,-5.0,23.24052387159778,14.665181966929417,1770.0,False
-11.0,-33.0,22.59022980076381,16.88497260812895,2172.5,False
31.0,-31.0,25.046589639868888,16.061072154041177,3380.0,False
35.0,-33.0,24.576281904402272,15.879365721348748,3150.0,False
-10.0,3.0,22.00978677178841,13.56813802883718,1942.5,False
30.0,14.0,23.8362038400686,16.202596824056478,1712.5,False
1.0,-13.0,23.125128244076805,17.293862741261613,4012.5,False
12.0,5.0,25.60031757395246,17.409904884024584,1942.5,False
15.0,-21.0,25.90073796326074,15.217942178764398,2057.5,False
-30.0,14.0,22.84635703193019,15.891721519277892,1827.5,False
19.0,35.0,23.714460514855215,17.268388088891957,1655.0,False
-12.0,15.0,24.789751960710856,15.778326917245987,2115.0,False
-33.0,34.0,25.316934408528713,15.69521213563933,3150.0,False
-10.0,30.0,25.63148181598745,15.661666071453404,2575.0,False
-32.0,-24.0,24.89551394077801,13.552531505592967,1540.0,False
-2.0,14.0,24.84485442169918,16.7594305084411,6485.0,False
-9.0,12.0,22.122529990102915,14.392710115912788,2230.0,False
32.0,-14.0,22.05463606756977,13.574165583238617,1770.0,False
14.0,13.0,24.340220555796332,14.769047556539885,1770.0,False
25.0,32.0,25.889194198815577,16.836484750708653,1655.0,False
34.0,5.0,22.711976388125482,14.784557205242114,1712.5,False
22.0,27.0,25.316623466023653,16.781437003737157,1712.5,False
34.0,-8.0,24.114243799085855,13.643244281953606,1712.5,False
-31.0,7.0,22.495406423380192,15.093811538720514,1712.5,False
20.0,21.0,24.490446620950127,14.37961367218292,1655.0,False
-21.0,-4.0,25.404882980347146,17.157395496801126,1770.0,False
5.0,8.0,22.231531532231244,16.020064942266053,2460.0,False
7.0,-31.0,24.914377723896372,15.951363503220083,3897.5,False
26.0,-21.0,25.283131948679365,16.315067259795693,1942.5,False
-13.0,14.0,24.26192749408077,14.726461067061084,2000.0,False
0.0,-23.0,25.549307597825837,16.74744769784759,3265.0,False
17.0,35.0,25.947320002445192,15.08331635494277,1597.5,False
12.0,5.0,24.663857910393943,16.461443944256708,1885.0,False
-9.0,-5.0,25.74145072933817,16.111354786791896,2115.0,False
-12.0,11.0,24.72561759760912,14.029373318094166,1885.0,False
-3.0,13.0,24.118346882951343,16.688473417775498,11142.5,False
9.0,-30.0,24.733753949473023,16.19547470538158,3092.5,False
-15.0,27.0,25.569341623586705,14.451111727196105,2000.0,False
-7.0,-29.0,24.492578969294097,16.192439790047292,2287.5,False
-7.0,-3.0,23.52852163539401,16.385078483985627,2345.0,False
-9.0,-28.0,23.817722918222284,16.62367513647808,2287.5,False
-15.0,16.0,22.91440719238728,14.892000175231072,2000.0,False
24.0,26.0,23.834504785524267,16.074532255141406,1655.0,False
-6.0,17.0,25.944849694964116,14.70513990005957,2690.0,False
-5.0,-25.0,22.71493525834629,14.049601839761543,2345.0,False
-14.0,-28.0,22.357793365524053,14.321204509294962,1885.0,False
31.0,-34.0,23.753155759240215,17.37796651764368,3265.0,False
25.0,-31.0,25.518625327455617,14.69141513148746,1885.0,False
-24.0,-2.0,23.028291227961226,15.61365797494878,1712.5,False
26.0,-21.0,24.724584577215918,17.238337577625085,2057.5,False
-4.0,-9.0,23.488911358721193,14.050482370348508,2805.0,False
-24.0,-5.0,25.869861665515433,13.852280134995002,1597.5,False
29.0,16.0,23.210158487393453,13.638338552421363,1655.0,False
18.0,6.0,22.64826947623989,16.197932548335068,1827.5,False
1.0,1.0,22.66253086932442,17.323502737941755,4702.5,False
4.0,-27.0,22.222315519571367,17.163797394153494,4990.0,False
-28.0,10.0,25.36730433440629,14.636607724944893,1655.0,False
-25.0,22.0,22.03518407056179,14.40680906444467,1827.5,False
-9.0,29.0,25.01432728798931,16.683601879994182,3150.0,False
17.0,-29.0,23.746828191715487,16.92955066171982,2345.0,False
19.0,-30.0,25.966770064191923,14.464880033412935,1942.5,False
-0.0,-19.0,25.70668516142557,14.853065620473872,3610.0,False
14.0,23.0,23.876503213928753,15.437012299069826,1712.5,False
5.0,24.0,22.68826685038918,16.22086373332397,2402.5,False
-32.0,32.0,22.086762425590706,15.16829587041757,3207.5,False
18.0,-30.0,22.437172489704903,13.599231054430659,2000.0,False
15.0,-14.0,22.80398365021502,14.97488402025897,2115.0,False
-10.0,27.0,25.4451311118032,16.866796436818433,2747.5,False
-19.0,-33.0,23.47218341771974,15.20635723560716,1770.0,False
33.0,13.0,23.742737922601673,16.55558730757499,1770.0,False
-11.0,28.0,24.36023807242294,15.065147325861732,2402.5,False
11.0,30.0,24.581762509897857,14.485426580273664,1827.5,False
-16.0,-10.0,22.428945826903053,15.126936516844786,1827.5,False
10.0,-7.0,22.28901404876133,15.503551653617716,2230.0,False
-34.0,29.0,25.856150270516103,14.614888208665425,1712.5,False
-30.0,21.0,25.76769048062468,17.055076762068794,1827.5,False
23.0,-29.0,23.184274775586903,17.00896527707818,2230.0,False
32.0,-33.0,25.234236786886704,16.13554251071477,3265.0,False
2.0,12.0,25.98452960019539,16.678446276453545,3150.0,False
-20.0,24.0,22.94274543841339,16.342853306390058,2057.5,False
-2.0,34.0,24.791442981895923,13.961228595939534,5392.5,False
-27.0,33.0,22.592077946948756,14.604213760718977,3380.0,False
-34.0,-26.0,23.23709848097125,14.941263322822861,1597.5,False
28.0,-22.0,25.277731232442363,15.677872329090539,1885.0,False
-15.0,7.0,24.819216149854206,15.410054903596205,1827.5,False
13.0,25.0,25.100389213969258,14.418306496562028,1712.5,False
21.0,-7.0,23.757087710555655,15.33453778518031,1885.0,False
11.0,8.0,23.350095695507754,13.998058685030173,1827.5,False
-12.0,7.0,22.237952009846015,17.425591077458108,2172.5,False
-13.0,18.0,22.710313760856284,14.252077645381277,2057.5,False
-29.0,24.0,25.243529618224297,17.252669168059278,1885.0,False
16.0,-21.0,24.525146335624008,15.365801597158912,2115.0,False
24.0,-22.0,25.830266474914335,16.8638592429327,2000.0,False
29.0,-17.0,22.001768619746954,16.266356181841854,2000.0,False
-6.0,-4.0,23.863495061443473,15.131012846346476,2345.0,False
26.0,-8.0,22.08662304117576,16.139334779666708,1942.5,False
26.0,25.0,24.1647072547159,13.889479990186567,1597.5,False
30.0,-30.0,25.000431149332737,16.405309826702105,3495.0,False
29.0,-21.0,23.74545473129716,13.781915427198005,1770.0,False
1.0,24.0,24.90314814609389,14.581265810703302,2920.0,False
5.0,-8.0,24.322660345370334,17.260878334692375,3035.0,False
4.0,3.0,22.72397232167175,16.588395670941924,2690.0,False
-9.0,-10.0,24.51081926181559,13.616007025549166,2000.0,False
32.0,18.0,25.77118699151761,13.935059864779973,1597.5,False
-31.0,4.0,25.0800354453498,17.425926985786656,1770.0,False
-15.0,-7.0,22.668542980736007,15.482150812096357,1885.0,False
34.0,-12.0,22.274720869607624,15.294617724706331,1885.0,False
-33.0,-5.0,24.244263929006777,14.372007819645571,1540.0,False
-21.0,-32.0,22.440771224603207,14.874779650662749,1712.5,False
17.0,15.0,25.477688273389056,15.136632620105868,1712.5,False
-15.0,25.0,24.032096686103344,16.840826033919754,2287.5,False
-21.0,18.0,25.443619378305062,13.546902240232106,1712.5,False
12.0,-22.0,22.000352519798454,16.95921783397567,2862.5,False
-12.0,-23.0,22.72333479752578,15.763612400483577,2000.0,False
-24.0,-19.0,24.260404983495945,14.518828489606198,1655.0,False
4.0,-35.0,24.984116272944963,15.38464708869111,5910.0,False
28.0,0.0,24.465738232939565,16.182029939980332,1827.5,False
31.0,24.0,24.438893371346023,16.320227565051088,1655.0,False
13.0,7.0,22.37420961195112,16.435888781018033,1885.0,False
-22.0,5.0,22.701916142166322,15.369611952042497,1770.0,False
3.0,-5.0,22.95319739657084,17.031901260721035,3667.5,False
-4.0,-21.0,22.716047289091055,14.781113001003106,2460.0,False
-13.0,-1.0,25.79053373248971,14.506313262842571,1827.5,False
-32.0,-18.0,22.304518264096757,15.529001710208567,1597.5,False
-10.0,-23.0,24.360108181151663,16.15349610458008,2172.5,False
-25.0,-34.0,24.29558214280295,16.081529752897723,1712.5,False
-33.0,4.0,25.752429270808182,13.823175159385295,1597.5,False
33.0,-9.0,22.003824390547024,14.987213667846653,1827.5,False
35.0,-11.0,24.187535743416557,13.982106489494573,1770.0,False
-25.0,-20.0,25.74864675722806,13.81394658648513,1597.5,False
-0.0,30.0,23.43052377310888,13.907945607289815,3380.0,False
16.0,-15.0,23.08146969279542,14.532956875038264,2000.0,False
-13.0,19.0,25.89867444235894,16.16653896471887,2115.0,False
-7.0,-23.0,24.951004762874987,16.32114218087377,2402.5,False
18.0,15.0,23.983713546138194,13.572539941049229,1655.0,False
27.0,-34.0,24.810856048165956,15.892600125894502,3437.5,False
9.0,-14.0,24.4727160808727,15.614902269422082,2402.5,False
12.0,-5.0,24.406951595296352,16.106235411414538,2057.5,False
-25.0,-29.0,22.336384787225715,15.93975447940221,1712.5,False
2.0,33.0,23.18547512682947,13.509729811933804,2632.5,False
-11.0,25.0,23.4711385825213,14.015767927364198,2287.5,False
-2.0,26.0,25.52714973245236,17.392208607313744,4472.5,False
-18.0,-21.0,25.549665371953473,15.256736396419655,1770.0,False
-2.0,-1.0,23.34262437808041,15.34795069027622,3667.5,False
-19.0,-35.0,23.444351594591097,16.05934581051691,1827.5,False
-17.0,-24.0,24.99496869872912,13.917079367476973,1770.0,False
14.0,-4.0,25.298902009174633,16.25468325939925,2000.0,False
-28.0,-23.0,23.0944449090631,14.61142753878832,1597.5,False
-14.0,32.0,23.369788925024764,16.62831250281383,2575.0,False
-10.0,-29.0,23.901740786794438,15.55598828921623,2230.0,False
-25.0,12.0,25.434636063156233,13.60330023180397,1655.0,False
-23.0,-8.0,22.382001390036557,14.95647493459511,1655.0,False
-1.0,-11.0,23.20680292908578,15.96949352670789,3150.0,False
-1.0,-2.0,25.85065316692957,16.642855778938184,4702.5,False
-33.0,25.0,23.752310600625957,17.25179538056533,1942.5,False
-14.0,8.0,24.43403930874469,15.149693667846693,1885.0,False
6.0,4.0,23.147194378090756,16.864602952969026,2287.5,False
26.0,-7.0,23.31220092701244,16.711742735602833,1942.5,False
4.0,-35.0,23.191480685631266,16.70168272979892,6140.0,False
32.0,8.0,23.668885862173212,16.51860035853588,1770.0,False
-33.0,34.0,23.87593683041913,13.811973446445354,3092.5,False
-2.0,-4.0,24.765522426882747,17.298853721848808,3725.0,False
-8.0,-19.0,24.801644522639116,17.379730897494504,2345.0,False
24.0,9.0,23.127645853297697,16.551434054638158,1770.0,False
28.0,28.0,25.96234968289454,15.351721459649239,1655.0,False
-2.0,-25.0,22.99162846064468,16.672852304198024,2632.5,False
-7.0,-17.0,25.15181416833858,15.801803695371222,2402.5,False
9.0,-31.0,25.61392151490104,15.492789207214518,2747.5,False
-28.0,19.0,25.050904077635835,15.388870986220976,1770.0,False
-32.0,21.0,23.81653955052631,14.605079517229267,1712.5,False
27.0,5.0,25.71370037399216,14.410344197074412,1712.5,False
15.0,-10.0,22.882226738462393,14.899132151370534,2000.0,False
-18.0,30.0,24.123696940836638,16.592126644056293,2172.5,False
7.0,-30.0,23.87323357275603,15.986169302789381,4185.0,False
-32.0,-31.0,25.08773803873002,14.33830222454444,1540.0,False
-7.0,20.0,24.91043891310257,14.24739190572354,2632.5,False
7.0,-20.0,23.961255523081583,16.489579077693133,3552.5,False
14.0,8.0,23.250298459803314,15.965721928033705,1827.5,False
6.0,-19.0,25.740949130829655,16.229026452054008,3322.5,False
-25.0,-12.0,23.597616709354483,14.696833485275057,1655.0,False
30.0,17.0,25.01292832499223,13.702884651035577,1597.5,False
21.0,-23.0,22.32014720028632,16.32037679797201,2287.5,False
-23.0,-11.0,23.588733474744338,13.661193016017325,1597.5,False
-18.0,-28.0,23.464919235208946,17.055361123986774,1885.0,False
29.0,22.0,22.596135340973788,16.870029345030567,1712.5,False
-26.0,-11.0,24.57814889339078,17.2599423068237,1712.5,False
21.0,20.0,22.28153185974693,14.11663140993601,1655.0,False
28.0,-5.0,24.306919262190767,13.982158736213544,1712.5,False
6.0,21.0,22.151070338896524,15.10875024831115,2287.5,False
32.0,18.0,22.16669621067794,16.095119215777313,1712.5,False
-26.0,3.0,24.39663746943838,15.802366042120394,1712.5,False
7.0,-10.0,22.367184067598647,13.599574697111008,2345.0,False
-21.0,-32.0,24.32461593966952,17.469882156259974,1827.5,False
7.0,-18.0,23.921976594135156,15.48370880392974,2977.5,False
24.0,11.0,22.26135168851217,14.362689346485947,1712.5,False
-33.0,6.0,24.492555937934842,14.127507028920022,1597.5,False
22.0,-21.0,24.145321849431703,15.034280438506512,1942.5,False
3.0,-14.0,23.540312910835336,15.668747428017166,10625.0,False
-2.0,-9.0,23.688174245871004,15.537797984110252,3150.0,False
-32.0,34.0,23.374118426256842,14.253644418370424,3092.5,False
-12.0,9.0,23.53426511170612,15.577569428959258,2000.0,False
19.0,7.0,24.78567923923922,15.988190264856183,1770.0,False
-27.0,23.0,24.200418865682035,14.93310192518463,1770.0,False
-32.0,-24.0,23.82164341656727,16.341891395983865,1655.0,False
-29.0,-28.0,24.54458542562877,15.32522751736695,1597.5,False
-2.0,-13.0,23.769461946762778,15.033115414988902,2862.5,False
9.0,10.0,22.574515554775083,14.090778557853609,1885.0,False
-31.0,-8.0,23.617711473227995,13.69809588400388,1540.0,False
18.0,-31.0,24.14392024618848,16.388405969244833,2230.0,False
18.0,17.0,24.772881128256337,13.917770801999165,1655.0,False
-26.0,29.0,24.654308688628987,16.0285307867111,2000.0,False
26.0,-13.0,22.659458474426824,15.077302321277832,1885.0,False
1.0,-30.0,25.795663377429573,15.408383240053137,3955.0,False
-34.0,-22.0,23.524505685581282,17.180226803629406,1655.0,False
-7.0,4.0,22.686194032190013,13.527000330546866,2172.5,False
11.0,-5.0,23.143279076859425,17.31363119159518,2230.0,False
2.0,-3.0,23.962902221932847,16.575842910361626,3955.0,False
11.0,-5.0,23.85982848495103,14.091689307650858,2000.0,False
-31.0,-20.0,22.163053811557322,16.07936871732472,1655.0,False
25.0,-22.0,23.607333207728917,15.029194340351737,1942.5,False
16.0,-2.0,24.765830052446333,15.626518252261452,1885.0,False
18.0,-25.0,25.101702372163032,15.693982022311967,2057.5,False
25.0,12.0,22.80112199688776,15.32093103071756,1712.5,False
-8.0,14.0,22.174844006241745,14.948415724275154,2575.0,False
-1.0,-15.0,22.428656935115647,16.025956685768072,2977.5,False
-35.0,27.0,22.2188257090189,17.45335585422094,2057.5,False
-23.0,-17.0,24.65923492663834,15.364291052875448,1655.0,False
10.0,-20.0,24.40107384548609,16.96672765307028,2747.5,False
5.0,18.0,23.12507206596754,16.101203884134062,2460.0,False
-11.0,33.0,23.165735682437816,13.76625497828238,2402.5,False
-5.0,-27.0,25.69934816553893,14.454584032185533,2402.5,False
19.0,5.0,22.20419555749122,16.004988192952993,1827.5,False
17.0,-13.0,24.90698010138177,14.277718914498823,1885.0,False
2.0,-11.0,25.590329706793618,14.39985720837346,11200.0,True
7.0,22.0,24.86878282180444,16.55423816020886,2230.0,False
28.0,0.0,23.653316526569323,16.25865154175026,1827.5,False
-33.0,7.0,24.949064693058176,17.449268861928914,1770.0,False
16.0,-19.0,23.638917896041654,15.166284821785617,2115.0,False
23.0,32.0,24.315826909211804,15.86003560117463,1655.0,False
30.0,7.0,25.69060370166302,15.212657325751682,1712.5,False
-10.0,13.0,23.621965308258332,13.635818163556717,2057.5,False
-5.0,-27.0,24.393597183072167,16.693964655229614,2345.0,False
8.0,30.0,22.98542181024719,16.197595508468186,2115.0,False
-3.0,-13.0,23.420352730701623,16.86183116681974,2747.5,False
31.0,-13.0,25.199458872620603,14.541988139083674,1770.0,False
-17.0,8.0,22.41275521941602,17.359015724358336,2000.0,False
-34.0,-18.0,25.416258504003775,15.643165853993384,1597.5,False
11.0,19.0,25.765147493387676,16.15988255367572,1827.5,False
31.0,23.0,25.409234150965325,14.500795917114823,1597.5,False
34.0,-20.0,23.11887360041752,16.2958036953585,2000.0,False
-33.0,28.0,25.86454497078759,16.683427999371922,1827.5,False
-34.0,4.0,23.581772144383937,16.004897868007056,1712.5,False
-9.0,-1.0,24.18689583494793,15.53895284509458,2115.0,False
3.0,12.0,24.278029556074944,15.673280193048743,2862.5,False
-9.0,-12.0,22.0292262447817,16.095054476845476,2172.5,False
-33.0,26.0,23.543485699962783,16.281696218991698,1885.0,False
12.0,-16.0,25.76030787112722,16.242342749048063,2230.0,False
-6.0,9.0,23.939896707222065,13.557573314442362,2287.5,False
12.0,-16.0,25.88826933480452,15.992356383662772,2172.5,False
-32.0,16.0,25.097439697340768,14.762283674341225,1712.5,False
11.0,12.0,23.54406969590814,17.293031296747774,1885.0,False
14.0,0.0,23.06726245195806,13.633018733468763,1827.5,False
26.0,16.0,23.47839597917434,14.31293047263044,1655.0,False
27.0,20.0,23.349454618342428,15.087360952156212,1655.0,False
-23.0,-26.0,22.20936436827538,16.12195425421013,1770.0,False
-12.0,26.0,25.386637666280933,17.084482395910555,2517.5,False
27.0,11.0,22.74177841221036,15.439853335158304,1712.5,False
8.0,-20.0,23.62175632618363,14.08011868763701,2575.0,False
-27.0,-18.0,23.47625749774641,13.594571992822331,1540.0,False
-5.0,24.0,25.262325640378915,14.36220221087331,3897.5,False
14.0,27.0,24.41850114721835,14.998098949361966,1712.5,False
-3.0,-8.0,23.797228021150495,13.929675803069074,3092.5,False
22.0,15.0,25.577264706529572,16.879494288268777,1770.0,False
-2.0,6.0,25.349274801340567,13.674714423963374,3610.0,False
14.0,-16.0,23.349187034488104,14.449370116107984,2057.5,False
18.0,-23.0,24.26942013778784,14.094101255418778,1942.5,False
-8.0,-9.0,25.5879679537171,17.099149237481218,2230.0,False
-17.0,-27.0,23.468772440015762,14.83926038944254,1827.5,False
-11.0,25.0,25.03741134824052,14.201709434209883,2172.5,False
-4.0,22.0,22.60363752160213,16.36730326405678,7807.5,False
35.0,29.0,24.6094940608965,16.497527086521334,1655.0,False
16.0,-24.0,23.035542728708556,14.700400710617563,2115.0,False
24.0,-24.0,25.72522064459132,16.464217588358707,2000.0,False
-28.0,19.0,23.37763415118403,14.970424697843299,1770.0,False
33.0,-21.0,24.83345894654723,16.205459479204844,1942.5,False
-25.0,27.0,23.158994471663537,14.36517835454482,1942.5,False
-26.0,14.0,22.024579644232936,14.219074020701214,1770.0,False
1.0,-16.0,23.136311110125146,16.271468251098852,3955.0,False
2.0,-20.0,23.017961044297106,17.06064874150981,4300.0,False
-27.0,-22.0,23.867216993328356,14.75036138519198,1597.5,False
16.0,33.0,23.451357106867956,16.177608341395036,1655.0,False
3.0,-7.0,25.759657298446278,16.568415673353787,3552.5,False
-11.0,7.0,24.92990272461264,17.258971262746407,2115.0,False
26.0,-25.0,24.78692548866668,16.277362099598548,2000.0,False
19.0,-10.0,22.287093551118474,13.788559065075509,1885.0,False
30.0,-31.0,22.16773924682903,17.2051936695769,3437.5,False
-22.0,-11.0,24.88845781678909,16.742326798864152,1770.0,False
29.0,2.0,25.11213041175373,15.11459994882887,1712.5,False
-5.0,2.0,25.61324712715351,14.677431067935334,2460.0,False
-17.0,-7.0,23.10370331507808,14.578174305292638,1770.0,False
-25.0,1.0,25.51974807455418,16.87563480635361,1712.5,False
-32.0,12.0,25.887348553344143,15.973846218642265,1712.5,False
21.0,-0.0,24.130824218681667,14.821534419799116,1770.0,False
27.0,-12.0,23.835384146579095,16.406062976541683,1942.5,False
-6.0,-29.0,23.805185309464328,15.39225531591401,2287.5,False
27.0,5.0,25.813464143341008,16.530257817890565,1770.0,False
10.0,-22.0,23.094771727993354,15.762456876083602,2747.5,False
12.0,-10.0,23.463911232641905,14.89129294675078,2115.0,False
-5.0,-1.0,25.888607883347436,13.656213313802075,2402.5,False
19.0,27.0,25.656160683208526,14.762624655147313,1655.0,False
-19.0,9.0,25.303633925684778,16.6145537605997,1827.5,False
9.0,18.0,22.051873499558614,14.535984467139226,1942.5,False
-35.0,32.0,24.929996085666822,13.980743350891137,3092.5,False
-10.0,-9.0,22.75253588237215,15.114566638373669,2057.5,False
-23.0,35.0,25.845295156583546,16.723273111205962,3610.0,False
29.0,24.0,25.276581321467496,15.916297540914254,1655.0,False
25.0,4.0,24.59919955778566,14.148720681798748,1712.5,False
1.0,-12.0,22.857905278897864,14.858641252197097,4817.5,False
3.0,-10.0,22.528027944444787,14.734648083829914,5450.0,False
35.0,-25.0,22.944078332129806,13.745611077266561,1827.5,False
-35.0,18.0,22.01129694717746,14.96017898260078,1770.0,False
-4.0,-29.0,22.07067134945466,14.70154412098824,2345.0,False
28.0,-31.0,25.953374137026785,17.23501677676137,3610.0,False
28.0,4.0,25.16074012759231,14.877875689793628,1712.5,False
-16.0,-7.0,23.919035429169103,13.871536229926601,1712.5,False
15.0,18.0,25.851707697220668,16.669262795531996,1770.0,False
10.0,1.0,24.815522237441968,14.607355291435944,1942.5,False
7.0,1.0,22.145896059051893,17.334832038046635,2287.5,False
-4.0,-17.0,25.97301547249522,16.31536606765788,2632.5,False
-19.0,29.0,25.12359703825466,14.17724551529604,1885.0,False
15.0,6.0,25.431221718951385,14.004585789405816,1770.0,False
3.0,-24.0,24.809269930496896,15.282392085432722,8440.0,False
-34.0,-22.0,23.778101936335606,15.962322046083038,1597.5,False
12.0,13.0,25.003670305630187,16.502854763199437,1827.5,False
-23.0,-25.0,25.889680588987826,15.58447240798251,1712.5,False
-8.0,11.0,22.99482493396546,14.72591531453858,2287.5,False
-24.0,19.0,23.489744348852454,13.970041027789915,1770.0,False
21.0,-15.0,23.78835574068794,15.74876708729107,2000.0,False
-16.0,18.0,24.044725560718067,17.389104563450683,2172.5,False
-15.0,16.0,23.16253124011071,15.183173176935941,2000.0,False
-24.0,11.0,22.66422828383502,15.694021804684397,1827.5,False
-1.0,-5.0,25.047107526036335,16.12285739467657,3955.0,False
-21.0,-33.0,23.66505337880014,17.175304424263402,1827.5,False
10.0,24.0,24.228032635640478,15.24741022930119,1885.0,False
-3.0,-21.0,25.212829330666228,16.718759852238612,2575.0,False
5.0,21.0,23.493646199433243,15.178508915301228,2460.0,False
33.0,-33.0,24.425646440940458,13.966077313312255,3150.0,False
14.0,23.0,23.28638965223233,13.746719280551295,1655.0,False
4.0,-14.0,23.67488034861425,17.154445898731623,9302.5,False
23.0,-7.0,23.83155098106679,14.403939766264363,1827.5,False
-29.0,-6.0,23.132738559685464,14.947859131104806,1597.5,False
-15.0,-8.0,23.854125352386017,16.183274165043272,1885.0,False
33.0,26.0,24.272179981487604,16.75040629746414,1655.0,False
-16.0,15.0,23.935800659053587,16.255987016789916,2000.0,False
-13.0,-6.0,25.705183916878063,17.267008763756756,2000.0,False
-25.0,16.0,23.526564067493226,15.5074363292193,1827.5,False
-24.0,1.0,24.26846425387345,16.527427624812074,1712.5,False
-27.0,19.0,24.218426918241917,13.943175718756162,1712.5,False
26.0,-31.0,25.914495003415,14.202729835808487,1827.5,False
8.0,-5.0,22.98955164879365,16.891768207643178,2402.5,False
33.0,18.0,24.339732018520642,17.0794934117681,1712.5,False
-8.0,26.0,24.17354752227068,14.56398561458674,2805.0,False
29.0,17.0,22.265478353532902,14.236213996597156,1655.0,False
-3.0,1.0,22.46548190537717,13.953391543788264,2977.5,False
-19.0,12.0,22.066720720591345,13.68041908967805,1770.0,False
18.0,11.0,22.281203524973876,17.43824784526701,1827.5,False
3.0,-31.0,24.594120858128246,13.672411559662352,7117.5,False
32.0,18.0,25.272639417643965,16.43054074941041,1712.5,False
-2.0,33.0,24.532020240546906,13.790779324965497,5335.0,False
-26.0,-12.0,23.820075701655824,14.022466230678077,1597.5,False
-29.0,-34.0,25.203080862322487,14.411432807999411,1597.5,False
-27.0,4.0,23.01354043991062,13.723450509036066,1597.5,False
9.0,-14.0,23.377657271005813,17.13352975661619,2747.5,False
15.0,6.0,24.440983666586586,17.054794468279535,1885.0,False
28.0,-14.0,24.94937127722099,16.796891355447347,1942.5,False
12.0,-20.0,22.6172029781672,16.69865838132848,2632.5,False
3.0,2.0,23.53248324751582,14.14918219815464,2862.5,False
23.0,27.0,25.27679833938305,17.08854875370779,1712.5,False
-14.0,-15.0,22.1089322918731,16.70525864316291,1942.5,False
13.0,24.0,22.745779766149113,15.355781284846787,1770.0,False
-30.0,-25.0,24.073265971185194,16.784628544011618,1655.0,False
-5.0,-4.0,24.445094464811042,14.19834424218478,2460.0,False
21.0,-6.0,24.241145239954324,14.62816982885465,1827.5,False
-33.0,1.0,25.76609355238006,14.55916335345095,1597.5,False
20.0,13.0,25.65485867620346,15.817403860837889,1712.5,False
17.0,25.0,23.45019588035526,17.478728867299385,1712.5,False
31.0,23.0,23.871562294544226,15.589989660068335,1655.0,False
28.0,-19.0,22.031888558675895,16.78657221934823,2115.0,False
-30.0,-24.0,25.851000451948057,17.070816694446776,1655.0,False
0.0,13.0,23.46434590826819,13.595573887323344,3725.0,False
-21.0,-3.0,24.138400848320188,16.588227998365006,1770.0,False
24.0,6.0,25.892079749511094,16.89653961474543,1770.0,False
33.0,26.0,23.692880902321228,16.632534118465124,1655.0,False
-12.0,11.0,25.158313984869597,17.424267672628662,2115.0,False
-11.0,-18.0,24.355712118765375,14.846353402722556,2000.0,False
17.0,-20.0,23.402487198653017,17.124141061906506,2287.5,False
-11.0,18.0,24.54598626180816,15.9560329764872,2287.5,False
-32.0,19.0,24.33988456770736,16.476269758855263,1827.5,False
-26.0,-23.0,22.250733261745445,15.306177788721511,1655.0,False
4.0,-20.0,22.622373948990408,16.264220462601415,8152.5,False
-11.0,12.0,22.282868822731043,17.448505351278058,2460.0,False
-5.0,-26.0,23.570515734005127,14.925145410707819,2345.0,False
27.0,-10.0,24.0841355355146,14.316186562106754,1770.0,False
-31.0,6.0,25.167770714065668,14.038458753295298,1597.5,False
-21.0,23.0,22.391465485185723,16.814777936414156,2345.0,False
17.0,-7.0,22.917554678851925,13.991385342780223,1885.0,False
17.0,11.0,24.009700925005614,14.83405848791972,1770.0,False
11.0,28.0,24.81902896447564,13.502590581302538,1770.0,False
12.0,25.0,23.556934794065096,16.04809111679316,1827.5,False
-24.0,15.0,22.17369091117511,17.27826217139826,2000.0,False
32.0,2.0,24.01438552382303,15.182675262630056,1770.0,False
15.0,-7.0,25.652727667783402,15.170201805105888,1942.5,False
-32.0,29.0,22.775987594257643,16.542615193724345,3437.5,False
34.0,30.0,25.173321038470526,16.1679009388793,1655.0,False
-4.0,19.0,23.931303711823233,16.917680622253652,8382.5,False
6.0,-17.0,24.296570545015047,15.098429066795326,3092.5,False
-12.0,2.0,23.699774385684783,15.01622641742177,1942.5,False
-27.0,9.0,25.030331186084,15.599453406913819,1712.5,False
-22.0,-15.0,25.12537556013069,14.761466856222478,1655.0,False
4.0,20.0,25.824604353384654,17.17648032099323,2632.5,False
13.0,-5.0,25.755911170714814,15.058375324815174,1942.5,False
19.0,-33.0,25.849237737379116,15.41352184294436,2172.5,False
-5.0,9.0,25.7243868415011,16.869889885152972,2805.0,False
19.0,-35.0,23.462886735190228,13.518547100972828,2057.5,False
-8.0,-16.0,24.598198368729268,15.339507741448088,2230.0,False
-23.0,-4.0,24.27719809301968,15.594262492010822,1655.0,False
-5.0,-0.0,22.571750909068037,14.338243185638735,2517.5,False
24.0,-16.0,22.580537855101518,16.130885114100465,2000.0,False
-16.0,8.0,24.068128708016147,13.919576670883881,1770.0,False
-33.0,9.0,22.015761372112564,17.366439436800245,1885.0,False
13.0,-6.0,24.61340039006327,16.880653307590542,2115.0,False
34.0,-17.0,24.363469350162745,15.507498549530391,1885.0,False
33.0,-3.0,22.00955322520025,17.31264005508862,1942.5,False
30.0,33.0,23.229437185737066,17.300241207296892,1655.0,False
-34.0,-19.0,25.750282296774294,13.723109190028971,1482.5,False
-27.0,22.0,24.09994875085988,13.531457848608543,1712.5,False
15.0,-29.0,24.37694158773954,13.945053234373834,2057.5,False
32.0,33.0,25.140362510248234,17.24568236562245,1655.0,False
-13.0,13.0,24.049625782597683,14.061606384781383,1942.5,False
-19.0,-33.0,23.379630315590692,16.589094948520245,1827.5,False
-3.0,9.0,23.407761755447368,13.5950919480672,3437.5,False
29.0,-11.0,22.12526893184964,15.519043667715565,1885.0,False
26.0,-28.0,24.732324447093657,14.129531915132683,1942.5,False
-1.0,4.0,22.017179557579816,16.24466498139829,10682.5,False
-13.0,29.0,24.750914568116478,16.583362121699498,2460.0,False
4.0,4.0,23.688470535667378,16.889053373373176,2690.0,False
-1.0,-7.0,25.48734016327808,16.791252010485252,3610.0,False
16.0,-10.0,25.518903033942326,17.20734340602109,2057.5,False
-6.0,-15.0,24.347018781479303,17.051090393153235,2575.0,False
12.0,23.0,24.706498051869243,13.905620881670718,1712.5,False
-30.0,-28.0,22.660941428875095,17.21388443125696,1712.5,False
-29.0,-26.0,24.520306277738776,17.233846387890754,1712.5,False
12.0,-0.0,24.88118708885582,14.862444900724629,1885.0,False
-29.0,-7.0,23.843384279220928,13.56115566825696,1540.0,False
-17.0,28.0,23.89104436391169,14.598541787137833,2000.0,False
29.0,5.0,23.812539204860258,16.619897850579807,1770.0,False
17.0,-3.0,23.99537547576041,13.733735912454659,1827.5,False
18.0,1.0,22.630221739156962,13.86715194571708,1770.0,False
-25.0,21.0,23.1209138294801,13.696173056547776,1770.0,False
10.0,-13.0,23.13582492842943,15.38392906812598,2345.0,False
3.0,-34.0,22.46253291032916,15.060125160010465,4990.0,False
-28.0,-28.0,25.30766030224764,15.728750636883099,1655.0,False
15.0,7.0,24.885177561980374,17.239984140572574,1885.0,False
28.0,-33.0,22.864484843430855,17.043929823701752,3437.5,False
-21.0,-7.0,23.771537327436267,16.36544723239994,1770.0,False
1.0,31.0,22.934730520774828,13.579095385432295,2920.0,False
31.0,-20.0,23.690325148590418,14.44532102370162,1827.5,False
-23.0,27.0,24.866614029740006,17.15291311053213,2057.5,False
10.0,13.0,24.611870573873365,16.238501529824287,1885.0,False
31.0,8.0,23.80529627427876,17.056268108175942,1770.0,False
-6.0,-17.0,23.20523313579837,16.471763586048922,2517.5,False
35.0,2.0,25.232424002227113,14.895208603792597,1712.5,False
30.0,4.0,24.722463311079423,14.84749677788972,1712.5,False
2.0,-27.0,25.980239872647115,13.968815606824858,6255.0,False
-28.0,2.0,25.69712230916516,17.1930353447369,1712.5,False
-25.0,14.0,24.606501527568643,16.65358257690849,1827.5,False
24.0,31.0,24.63160242655857,15.130716999578063,1655.0,False
-10.0,-10.0,22.74257496505183,14.351901241445933,2000.0,False
-30.0,33.0,24.32507889855779,15.03660733453421,3322.5,False
21.0,28.0,23.44414691088053,14.237161773875103,1597.5,False
-32.0,-13.0,22.705518389617374,13.733049566644915,1540.0,False
-27.0,-8.0,24.37174937493213,17.4077756779623,1712.5,False
5.0,-2.0,25.97110850827646,14.16962577323303,2345.0,False
5.0,-14.0,25.053649331350258,15.401717054076062,3150.0,False
17.0,-20.0,23.525725990993394,16.880054866150232,2230.0,False
14.0,-13.0,22.177905046075995,14.83406744849231,2115.0,False
-9.0,6.0,23.479146725013777,16.162155688314208,2172.5,False
-25.0,-25.0,24.52779245968911,15.506959924069855,1655.0,False
19.0,-34.0,23.29101637656511,14.96662307711964,2115.0,False
30.0,19.0,25.462829803898686,17.42649416307553,1712.5,False
30.0,-3.0,24.79761238598214,17.370474869561683,1885.0,False
-31.0,29.0,23.09005494093651,16.04441883414328,2230.0,False
15.0,-26.0,22.5715225077853,16.121208860393647,2460.0,False
-9.0,-30.0,22.56097644580667,15.26431152523466,2230.0,False
11.0,-29.0,25.97097002945919,15.641838722475857,2402.5,False
30.0,3.0,25.418688622854226,16.002141272036027,1770.0,False
2.0,24.0,23.78111360532502,13.909875767195006,2575.0,False
28.0,1.0,22.814270914135342,16.788332896378165,1827.5,False
16.0,4.0,22.816970559498095,14.773974779636992,1827.5,False
14.0,12.0,22.331114078793256,16.257698310728152,1827.5,False
11.0,9.0,23.790190297592712,15.475791584696566,1827.5,False
29.0,-24.0,25.700893688393087,15.717794679982937,1885.0,False
-35.0,-24.0,24.697357230519643,14.897149784559739,1540.0,False
-2.0,-19.0,25.493910666029862,17.49754325554415,2747.5,False
12.0,-28.0,22.300074517997533,15.174821995324464,2632.5,False
-22.0,-11.0,24.711768266075126,15.351570954847338,1712.5,False
-31.0,15.0,24.5452914641998,13.83188064457682,1655.0,False
22.0,22.0,23.14828626570333,15.752888758079004,1712.5,False
29.0,8.0,25.594258913990036,14.767204669554259,1712.5,False
-21.0,25.0,23.413606495094076,15.83020852078097,2000.0,False
22.0,-33.0,25.112329811009108,13.728086502887077,1827.5,False
24.0,11.0,23.290120068870454,16.492661113937558,1770.0,False
-2.0,-20.0,25.82265301729,14.303284401554114,2805.0,False
4.0,-5.0,25.525523518538293,14.778535280668603,2690.0,False
-30.0,2.0,22.67075422955984,15.075912607520316,1655.0,False
-17.0,-11.0,22.8418562444738,13.592725949760638,1712.5,False
34.0,23.0,25.876518762445567,17.474981333159615,1712.5,False
-13.0,30.0,25.900624064662797,15.259253927632043,2172.5,False
-24.0,-31.0,22.64105095825051,16.715091099431824,1770.0,False
-23.0,-13.0,23.18361839738066,17.268295098353402,1770.0,False
-30.0,-1.0,25.394136617406048,17.34859573807773,1712.5,False
15.0,-14.0,24.773289546164904,16.874777772423577,2172.5,False
-31.0,-14.0,22.624736534762235,14.567642819099094,1597.5,False
3.0,7.0,25.109490095810038,14.88466388140236,2862.5,False
5.0,29.0,24.77546418766049,16.334289717468415,2345.0,False
10.0,30.0,23.18331207491955,17.20872129065882,2000.0,False
20.0,2.0,25.811986556478626,15.384022446469501,1770.0,False
-20.0,24.0,22.86119132271199,16.536472414489378,2115.0,False
-12.0,15.0,22.15741732860647,13.917523177525048,2057.5,False
13.0,20.0,23.12159416814893,16.57130433039492,1770.0,False
7.0,-19.0,22.40411173828751,15.923643230756444,3725.0,False
-13.0,-32.0,22.436182140381135,17.26298117252858,2115.0,False
-27.0,-0.0,25.73998144856535,14.179938757363562,1597.5,False
34.0,8.0,24.90643542661527,17.264083826546223,1770.0,False
-25.0,-27.0,24.075481365149955,15.505179843764546,1655.0,False
-21.0,29.0,25.62083383672435,13.51949627278189,1770.0,False
7.0,-19.0,23.839775838860668,16.875573933041522,3667.5,False
-7.0,23.0,24.651496355639427,13.700153913364685,2632.5,False
11.0,-21.0,23.961031344428356,14.973226241503715,2345.0,False
33.0,18.0,23.68179324893488,15.37116082542666,1655.0,False
-28.0,-4.0,22.264123409930964,15.026365359157406,1655.0,False
5.0,-27.0,24.30866386259659,14.631361596074797,4990.0,False
15.0,7.0,22.71909953483495,14.926142842412226,1827.5,False
14.0,24.0,25.49930904300335,15.523827701405981,1712.5,False
-12.0,25.0,22.400658856227654,16.86065181021132,2862.5,False
-31.0,19.0,23.450754498488834,13.64783295162779,1655.0,False
-23.0,-28.0,25.015582798191602,14.463025233422771,1655.0,False
16.0,29.0,22.46623009207864,15.937358506723655,1655.0,False
12.0,16.0,24.17205843799019,14.867567335105775,1770.0,False
23.0,-35.0,25.546505182186642,14.822728428020854,1885.0,False
-23.0,-9.0,23.17709455366996,16.264372379324783,1712.5,False
6.0,34.0,23.887596314376292,17.37010200047244,2230.0,False
20.0,22.0,25.256456718153895,16.96775087447649,1712.5,False
8.0,-32.0,24.784559616422342,14.065056358418287,2747.5,False
14.0,32.0,22.743625449225014,16.259361485064716,1770.0,False
-34.0,19.0,22.70753151584144,14.096698418593899,1712.5,False
-23.0,33.0,25.851354964696924,15.50509350942969,2057.5,False
25.0,14.0,25.14126643699087,15.73840352915366,1712.5,False
24.0,16.0,24.599380492111422,15.91924232826405,1712.5,False
4.0,23.0,22.988921314560194,15.559092233373825,2460.0,False
-16.0,-11.0,24.27639821497213,15.443836854275617,1827.5,False
30.0,18.0,23.813715565257912,15.974295832124193,1712.5,False
11.0,-14.0,23.13013957123706,14.74543757004894,2230.0,False
-14.0,19.0,24.430938749483122,16.430054961487787,2172.5,False
24.0,-11.0,25.02259812345757,14.160675329994909,1770.0,False
-14.0,-13.0,25.409721274929897,16.840523284959286,1942.5,False
-27.0,-1.0,22.0841734159158,15.818757155988038,1712.5,False
11.0,2.0,22.208613828442008,16.038992800395093,2000.0,False
11.0,-18.0,24.216181456356317,16.694037323294882,2517.5,False
19.0,20.0,25.019144744009,15.022584354085495,1712.5,False
22.0,-16.0,22.038494158272094,16.293036495507913,2115.0,False
7.0,-23.0,24.69311084705098,14.861082331589623,2977.5,False
-27.0,-10.0,25.685311233189687,16.836986561293223,1655.0,False
31.0,35.0,23.38664041539751,13.761226589251054,1540.0,False
-7.0,5.0,25.81968651172797,14.923972140133545,2230.0,False
34.0,23.0,23.75188730662165,15.74972074217567,1655.0,False
-6.0,3.0,22.867809026215774,14.299071810128405,2345.0,False
-19.0,20.0,25.20522003849657,14.203973410154067,1827.5,False
-35.0,28.0,23.796443303515193,15.204523032908687,1827.5,False
34.0,-7.0,23.527860070447417,15.8392629312394,1827.5,False
-14.0,-31.0,22.95347515720436,17.22622885314287,2057.5,False
35.0,9.0,24.127095339519613,16.940549345368773,1770.0,False
-33.0,11.0,24.69884245059062,17.494239840196265,1827.5,False
-12.0,23.0,25.158791860147232,16.51152193054576,2345.0,False
12.0,32.0,25.46269784470296,16.28303497411021,1827.5,False
3.0,-28.0,24.704333937221122,13.66380918524618,7577.5,False
-24.0,12.0,24.7231295611231,15.556167906465955,1770.0,False
-5.0,-25.0,23.4826286103885,14.865056386367431,2345.0,False
-8.0,28.0,25.686565653151536,15.642727382991373,2920.0,False
-32.0,33.0,23.560611859717188,15.699893460059116,3207.5,False
1.0,-1.0,24.126660547365734,15.705111067047556,4875.0,False
-33.0,22.0,23.515139268685957,17.372019113258386,1942.5,False
-27.0,10.0,22.53487205665179,14.778582479287742,1712.5,False
-9.0,22.0,24.304610462098722,16.409002042463577,2805.0,False
-19.0,33.0,23.623488748511974,17.28867605199284,2287.5,False
23.0,12.0,23.243812229106382,14.640309010622628,1712.5,False
-17.0,16.0,24.21550074358932,13.869320291937637,1827.5,False
34.0,-18.0,24.56278794928105,13.562126739381037,1712.5,False
26.0,-14.0,23.320944626063884,15.309229213584077,1885.0,False
-10.0,-13.0,22.38642936858358,14.382408622600106,2000.0,False
34.0,-35.0,24.80769669576294,13.831910032693838,3035.0,False
14.0,-23.0,23.13327268466403,15.085855591815694,2230.0,False
-34.0,-29.0,24.155430035190484,16.478155646346075,1655.0,False
23.0,-2.0,24.44358711182868,15.662561595187807,1827.5,False
23.0,-14.0,24.444199647227148,14.791003273812612,1885.0,False
26.0,31.0,22.6573253274418,16.014965292276468,1655.0,False
31.0,32.0,23.01658596521192,17.38252729119209,1655.0,False
-17.0,2.0,23.46905336658392,16.700181447295424,1885.0,False
-23.0,7.0,25.83664429362193,14.297728898344584,1655.0,False
-12.0,27.0,23.43293416670939,15.105283574695736,2402.5,False
1.0,-21.0,24.93909095774972,15.561020616822027,4070.0,False
25.0,14.0,23.736424800605537,15.094059925353784,1712.5,False
-28.0,-19.0,23.196976341886124,16.0209850721036,1655.0,False
31.0,-29.0,23.05377322914832,13.777263534595262,2057.5,False
-22.0,8.0,25.866518095215007,17.172163846632277,1827.5,False
17.0,10.0,23.942541426435053,15.89238978128362,1770.0,False
35.0,-6.0,24.526911864393885,15.658545376260083,1827.5,False
27.0,25.0,25.25187381822293,14.256511631991241,1597.5,False
34.0,-23.0,25.455319488536894,14.046923444428872,1770.0,False
3.0,-11.0,22.560940687956272,15.54739407138782,11085.0,False
-2.0,-3.0,23.532654437349127,13.968632463966346,3552.5,False
31.0,-28.0,22.639835857299648,15.921229093480417,2000.0,False
21.0,-27.0,24.88416311086927,16.855543388132148,2115.0,False
-14.0,-34.0,25.805147223281676,14.622455828775138,1885.0,False
-11.0,34.0,24.486017539861027,13.92498675436727,2287.5,False
21.0,22.0,23.329951128142156,15.265251086089574,1655.0,False
16.0,10.0,23.684775616738403,16.268282281196605,1827.5,False
-33.0,12.0,24.53280191457224,16.208966328776363,1770.0,False
24.0,33.0,22.032897356714795,14.731601336296643,1597.5,False
2.0,-35.0,23.664944966821977,17.25027318590553,3782.5,False
-27.0,-31.0,25.13199983222875,14.24551336304313,1597.5,False
-18.0,31.0,24.978437341628783,15.454683683742546,2000.0,False
-16.0,15.0,25.43361583930041,16.755676036595386,2000.0,False
11.0,-18.0,24.81868581027554,15.619446254083908,2287.5,False
32.0,4.0,24.69420918408718,16.664022142175934,1770.0,False
-9.0,9.0,22.80884356940534,14.438225433143733,2115.0,False
-15.0,7.0,25.56115996571545,17.026102981336436,1942.5,False
-28.0,21.0,23.10865049250777,15.820941794984979,1885.0,False
13.0,21.0,22.722888530301155,14.481715593605221,1712.5,False
3.0,-20.0,25.557476591429268,15.847821211324884,9187.5,False
-24.0,1.0,23.605812195052884,13.980298282940744,1655.0,False
-32.0,26.0,25.734818525168752,13.712600192940098,1655.0,False
-20.0,24.0,22.528769477055093,16.332506166618465,2115.0,False
19.0,-34.0,23.034544228873298,16.38310490394222,2287.5,False
15.0,23.0,23.26078469604027,15.846241558933645,1712.5,False
9.0,8.0,24.987694071500343,15.666586654671882,1942.5,False
-14.0,2.0,25.301655900415884,14.672197410634535,1827.5,False
0.0,5.0,25.052484718619375,16.27127007199589,4875.0,False
6.0,0.0,24.83368776930224,17.09739024551667,2345.0,False
8.0,-18.0,24.544186783842413,15.745822365444473,2690.0,False
-7.0,18.0,25.11529525616515,16.759858208232664,3092.5,False
-30.0,-22.0,23.934429080556267,14.186158286802222,1540.0,False
4.0,19.0,22.498553323917378,15.628640936919332,2517.5,False
-17.0,-17.0,24.936618079236833,14.324574202662017,1770.0,False
33.0,6.0,25.072607718090556,13.755984442018807,1655.0,False
21.0,-22.0,25.9088320147931,16.198310540778444,2000.0,False
-27.0,-3.0,25.215115092370525,15.944674918342928,1655.0,False
29.0,32.0,25.800348707205387,14.23457921977539,1597.5,False
-21.0,19.0,22.51102480247084,13.829774391415146,1827.5,False
8.0,19.0,25.406150306558583,13.725267934476364,2000.0,False
11.0,10.0,25.305347914913202,13.729095420447942,1770.0,False
-11.0,-10.0,25.670832802546073,15.851445486613002,2000.0,False
-28.0,-20.0,22.842319588290305,14.434185441471351,1597.5,False
-5.0,-35.0,22.51696551964123,14.209323416605413,2230.0,False
-26.0,8.0,24.17777780536465,15.993004858515661,1770.0,False
-30.0,-15.0,22.63712514545408,13.979502634065398,1540.0,False
-21.0,14.0,25.814439184506696,13.80595884116502,1712.5,False
-25.0,-21.0,24.96432650547585,15.174846136934782,1655.0,False
-20.0,30.0,25.95634731695349,13.595645344187703,1770.0,False
24.0,30.0,25.713268716607104,15.76472185751103,1655.0,False
-23.0,-6.0,23.036467253146892,15.789665416568273,1712.5,False
-18.0,-16.0,23.320725532909393,14.931428611720882,1770.0,False
34.0,32.0,24.596043626109218,15.144302112992477,1597.5,False
25.0,-29.0,25.154744306117983,16.301964795657067,2000.0,False
-21.0,27.0,23.017506062776707,16.220276156058056,2057.5,False
-10.0,17.0,24.16906966816563,14.030097785059063,2172.5,False
-3.0,23.0,23.208037521297094,15.956746378481728,5680.0,False
5.0,31.0,24.968394846726945,17.202465606227083,2287.5,False
22.0,-26.0,23.622666625552995,16.154520896512572,2115.0,False
-11.0,30.0,22.70562827060921,14.52493207062247,2517.5,False
8.0,-22.0,24.830574935581588,13.576260074624988,2402.5,False
24.0,-8.0,23.24184636468635,16.695681325322536,1942.5,False
-9.0,23.0,25.635554838599234,15.054384631757829,2460.0,False
-4.0,-6.0,24.66134706443096,17.167861732990815,2920.0,False
-20.0,35.0,22.723699064226203,15.200543151447901,2115.0,False
-26.0,-34.0,22.040609144133345,16.22514501660894,1712.5,False
-18.0,10.0,25.94661590161647,14.873793369244101,1770.0,False
11.0,21.0,22.609449996488195,14.365999249474374,1827.5,False
-17.0,-3.0,23.88117770617116,17.459688725118905,1885.0,False
12.0,-25.0,24.352598827291377,16.611219988329296,2575.0,False
-20.0,20.0,23.692674281880308,13.951852052671446,1827.5,False
21.0,-33.0,23.86802141010604,16.1310538939573,2230.0,False
12.0,26.0,23.810355632042093,15.53899143252883,1827.5,False
26.0,-25.0,23.736239041720346,14.118153583035298,1827.5,False
15.0,-23.0,24.145505210703092,13.932682489716882,2000.0,False
31.0,-8.0,23.509140881794337,15.198800037638037,1827.5,False
22.0,-24.0,22.017032886382104,16.021674593852136,2230.0,False
-13.0,-20.0,25.175360882182375,14.235406895004871,1885.0,False
-9.0,-31.0,22.826853656818617,16.37962388957414,2172.5,False
19.0,2.0,22.529848359429256,16.607146278807956,1885.0,False
1.0,-30.0,23.640773327879124,14.783461921784127,3725.0,False
33.0,7.0,24.157214540841977,14.5597426162222,1712.5,False
-6.0,7.0,22.930247608234122,15.539654580696796,2517.5,False
-15.0,-17.0,25.094043257999935,16.98588991123326,1885.0,False
17.0,-3.0,23.460901815614957,16.73916276800327,2000.0,False
24.0,22.0,22.625420242877805,15.3537054014261,1655.0,False
-28.0,-4.0,25.24994907673301,16.997712829773914,1655.0,False
-22.0,22.0,25.686909689616115,15.002145039220734,1827.5,False
-21.0,21.0,25.9539731544088,14.671705784802025,1770.0,False
-15.0,-28.0,23.457492295622984,13.874335840108373,1827.5,False
14.0,16.0,24.990236029694724,16.634281296069453,1770.0,False
13.0,-3.0,23.021545977549863,14.73040245950531,1942.5,False
-19.0,19.0,22.519122096693906,16.38205668176307,2057.5,False
16.0,-20.0,24.60170267145275,15.106001026842499,2057.5,False
34.0,35.0,23.67113527292956,14.282533528519386,1597.5,False
-19.0,8.0,25.361317951216673,17.1793464620582,1885.0,False
26.0,32.0,23.19988860950242,17.40358386061603,1655.0,False
-23.0,14.0,24.391498886923593,14.572888190726486,1770.0,False
26.0,6.0,25.28409637568756,16.435783036438647,1770.0,False
25.0,20.0,25.710710577978787,16.797912133921574,1712.5,False
27.0,-30.0,25.133869703140654,14.626571074719461,1885.0,False
-9.0,-15.0,23.883095409007353,15.429850380918847,2115.0,False
-30.0,8.0,22.57314729599025,14.345664216862293,1655.0,False
2.0,-16.0,22.02237638949458,15.032946764707251,5450.0,False
27.0,-5.0,25.668212053039525,15.597051304690988,1827.5,False
-9.0,1.0,25.530834404827935,16.9936682016836,2172.5,False
-31.0,-31.0,25.281814232212994,14.615748676254983,1597.5,False
-23.0,12.0,22.679083509310566,17.153377846239884,1942.5,False
26.0,7.0,22.417438631355033,16.94427122408081,1827.5,False
15.0,-32.0,22.55290450640272,15.202309513215402,2345.0,False
-10.0,-7.0,25.30500613993165,15.784752073087686,2057.5,False
-12.0,3.0,22.13908895097974,16.558610687702675,2057.5,False
-29.0,-1.0,25.975589427572448,17.333309804823383,1712.5,False
-10.0,27.0,24.9335611136329,14.075488928304456,2287.5,False
-17.0,-30.0,22.259972940351794,14.39960218206036,1770.0,False
8.0,30.0,23.77155705002724,14.936355123723615,2057.5,False
-26.0,-3.0,24.697230131699985,15.676667716910243,1655.0,False
-2.0,1.0,25.508273109223243,16.078192962884565,3667.5,False
-8.0,11.0,22.216099796560357,13.872371347542416,2230.0,False
0.0,-14.0,23.439630283942957,13.561779304725958,3782.5,False
-32.0,-1.0,25.431973433990542,14.268706333210211,1597.5,False
13.0,0.0,25.02742993920714,13.999694268622488,1827.5,False
10.0,-17.0,23.810053847875018,15.836708695614194,2460.0,False
-23.0,33.0,24.175350428585347,15.409715901306678,1942.5,False
-12.0,-27.0,23.97956798527797,15.580690235559079,2000.0,False
19.0,16.0,23.948248158021045,15.209426811769895,1712.5,False
6.0,-2.0,23.471320625309477,15.455847212274435,2345.0,False
33.0,3.0,25.661967287909448,17.256953275201848,1827.5,False
-9.0,7.0,25.531802683369587,14.420539139412954,2000.0,False
-11.0,8.0,23.79916203785508,14.240199558098082,1942.5,False
9.0,-17.0,24.399711311036615,17.191595085584204,2805.0,False
24.0,-10.0,24.153364517291358,16.777752269463516,1942.5,False
-6.0,16.0,22.238956680680683,17.083335242393723,5335.0,False
-8.0,12.0,24.789512362726963,13.710878246467807,2115.0,False
1.0,-29.0,24.67737372965276,14.36274533017937,4012.5,False
30.0,18.0,23.577932326988563,17.365727065100465,1712.5,False
-32.0,-19.0,22.69780280811188,15.557090646449446,1597.5,False
19.0,-2.0,25.31542956616927,16.543501648603023,1885.0,False
-10.0,7.0,22.249313551725365,17.23741921295349,2287.5,False
-30.0,-24.0,25.395442613485756,16.151739355971046,1655.0,False
-29.0,18.0,23.859785265943184,14.542304056774073,1712.5,False
-16.0,-5.0,23.9292486077822,13.63178484981094,1712.5,False
32.0,-8.0,23.277115373155038,13.60130499283072,1712.5,False
27.0,26.0,23.813241641562666,15.83827283336205,1655.0,False
-3.0,-3.0,25.737614517071744,16.335583494723068,3150.0,False
-32.0,-17.0,25.13571298675217,16.329900293250674,1655.0,False
16.0,1.0,24.227887604108556,16.18289276459632,1885.0,False
-5.0,-30.0,23.850101975855637,16.649809236602188,2287.5,False
8.0,-10.0,23.636215550322962,16.348808339505126,2517.5,False
22.0,29.0,22.17248416226995,14.977797506293843,1655.0,False
-29.0,-19.0,22.13857045205877,14.94804350674148,1597.5,False
-29.0,28.0,25.827487889453348,13.830851650056047,1712.5,False
-11.0,-15.0,25.35518199153045,16.121761859668158,2000.0,False
23.0,-8.0,23.299669440562873,16.248003648414777,1942.5,False
22.0,-7.0,22.768698100321096,16.54550786470368,1942.5,False
32.0,2.0,23.298672741047817,17.083153633853748,1827.5,False
-20.0,7.0,24.822726896799328,17.0615747874317,1827.5,False
29.0,8.0,24.158957665793363,14.391770852266417,1712.5,False
16.0,-9.0,22.023944777135963,16.023408218667644,2115.0,False
2.0,-34.0,25.74153215771748,16.63802992196491,4415.0,False
31.0,-19.0,23.227402447995164,17.484155743304548,2057.5,False
15.0,-15.0,24.27118439114033,16.173585093555186,2172.5,False
5.0,1.0,23.08700976930067,14.916409640232924,2402.5,False
21.0,21.0,23.006327269189594,14.854576426903764,1655.0,False
-17.0,-25.0,25.60497178781864,16.441659491291116,1827.5,False
15.0,31.0,24.603170607071405,16.50483673269663,1712.5,False
35.0,-20.0,22.79691459223352,17.455630794656223,2115.0,False
4.0,-31.0,22.284119575328283,16.328680530247837,5335.0,False
-14.0,30.0,24.179937524923567,16.536074362337207,2402.5,False
10.0,-5.0,24.873410799536035,16.82467415462958,2172.5,False
26.0,30.0,25.67389439266506,16.278480253271894,1655.0,False
26.0,-0.0,22.743797866924407,14.477961697537314,1770.0,False
28.0,33.0,25.998391955901823,16.64091471506559,1655.0,False
-3.0,2.0,23.873183102774927,16.250917523921725,3207.5,False
35.0,32.0,23.333839289503004,16.62127683016226,1655.0,False
9.0,-16.0,24.16318776405209,15.80830634075498,2517.5,False
12.0,-2.0,24.047443032668497,14.853670738500954,1942.5,False
-20.0,-8.0,23.942702549229107,16.58977677409806,1770.0,False
-29.0,-12.0,25.271154330216305,14.449690310437218,1540.0,False
2.0,-31.0,23.138411360632954,17.301212548229607,3725.0,False
-23.0,16.0,24.12092853030734,14.504371544298547,1770.0,False
18.0,5.0,24.037653995153363,16.109879502903457,1827.5,False
-25.0,-23.0,22.477053736808216,16.81935642128662,1770.0,False
-12.0,29.0,23.382670131474494,16.502369337209828,2690.0,False
-19.0,-13.0,23.612942376137436,17.04215596369344,1827.5,False
14.0,25.0,22.688277973431784,14.926854753349366,1712.5,False
8.0,-1.0,24.95440903679609,15.428238804604183,2115.0,False
-2.0,-28.0,25.92034657992257,15.133121359988772,2747.5,False
-15.0,-30.0,24.73335222027142,14.159615793505342,1827.5,False
-14.0,-27.0,22.13095183064299,16.9225165958214,2000.0,False
20.0,2.0,25.1999108619863,17.141948450352118,1885.0,False
7.0,-8.0,22.102900305610596,15.189795797263631,2517.5,False
-14.0,-9.0,22.584335181598377,14.115271413272199,1827.5,False
-11.0,-21.0,24.970097213414597,15.506439281591696,2000.0,False
-22.0,-29.0,22.998981286030396,16.569523696501005,1770.0,False
-14.0,-18.0,23.559708949138805,14.991771244459247,1885.0,False
-15.0,2.0,25.00933041233392,13.848575146707306,1712.5,False
2.0,-17.0,25.62571565127649,13.598685241720215,11200.0,True
21.0,-31.0,23.847376605282548,14.825303927750214,2000.0,False
32.0,21.0,22.4733589866768,17.10709501474757,1712.5,False
19.0,-2.0,23.614308916175002,14.815060091111414,1827.5,False
-3.0,17.0,24.78260097475838,15.85079750198803,9877.5,False
-25.0,18.0,24.96813578988872,14.29330535496809,1712.5,False
21.0,12.0,24.16590467143241,17.304530948203777,1770.0,False
-33.0,-10.0,22.296295347443113,14.637552967433841,1597.5,False
-34.0,-29.0,22.516584310621184,14.099614498381168,1540.0,False
-11.0,16.0,25.642823869441273,16.755725349748978,2287.5,False
10.0,-23.0,22.31211996237146,14.449269291722231,2575.0,False
9.0,-16.0,24.55187200032225,14.78958737895929,2345.0,False
7.0,-6.0,24.787587920657334,16.25785463865669,2345.0,False
-18.0,-15.0,24.695814811515767,17.055595036785334,1827.5,False
16.0,5.0,23.039573386455707,16.59385666751536,1885.0,False
-21.0,-7.0,24.77010892098488,14.850246247523081,1655.0,False
2.0,-5.0,22.767551886496435,14.874120933887017,4300.0,False
24.0,14.0,23.659137783974586,16.019075673766523,1712.5,False
-13.0,34.0,22.129184195410765,13.942050078597836,2345.0,False
-7.0,-2.0,25.23677551228961,15.99456942671575,2287.5,False
-6.0,-1.0,23.054700017587013,17.23182859881115,2517.5,False
26.0,15.0,23.892172305356574,15.570431826723684,1712.5,False
-25.0,23.0,23.735956159342518,17.080758480406963,2000.0,False
-27.0,25.0,22.349855152720075,15.527496908994912,1942.5,False
-12.0,-21.0,22.639333630323137,15.47859346465497,2000.0,False
10.0,25.0,22.012082048908574,15.968389705427583,1942.5,False
30.0,-15.0,25.61587874261609,16.498327633538217,1885.0,False
-12.0,-29.0,25.695994676060167,16.873585338685487,2057.5,False
-1.0,10.0,22.038690496175626,14.49810209156915,5392.5,False
-3.0,26.0,22.5733959905665,13.523194394704888,7865.0,False
0.0,32.0,22.154612394612993,15.096225542963554,3150.0,False
-20.0,-24.0,24.152441753125572,15.677684628509915,1770.0,False
-25.0,12.0,24.13971417857159,15.43797705615087,1770.0,False
-11.0,34.0,22.79799730640086,15.996597723223442,2977.5,False
-24.0,-19.0,22.638213530587436,13.599759300036208,1597.5,False
-9.0,-28.0,24.134458337778444,15.19384883440824,2287.5,False
-2.0,8.0,24.737167569742965,13.575044629679546,4415.0,False
-14.0,-27.0,23.54015502789859,15.243418622048798,1885.0,False
-33.0,9.0,25.739657486130035,15.253722359447742,1655.0,False
-24.0,4.0,23.392118164260133,14.864288018275381,1712.5,False
-7.0,8.0,22.55886427038155,16.19686976225548,2517.5,False
-23.0,-12.0,24.2898654090371,16.605967999363994,1712.5,False
-10.0,-1.0,22.665297199439134,13.588986417988501,1942.5,False
-26.0,-12.0,23.28936024006808,15.956515453733415,1655.0,False
7.0,24.0,22.968568733835635,15.029406597666691,2172.5,False
9.0,-28.0,23.323443822039998,16.240287376504288,3380.0,False
34.0,-26.0,22.77370355627029,16.79204063211638,2057.5,False
-6.0,-3.0,22.253770154279664,17.0998728912145,2517.5,False
15.0,-20.0,25.035405231473163,15.97402559935231,2172.5,False
-34.0,-26.0,23.129884319233728,13.782508839363466,1540.0,False
19.0,1.0,23.633336508697035,15.46723197490817,1827.5,False
-16.0,29.0,22.583906131373062,13.81126128362012,2057.5,False
25.0,21.0,24.589014953664552,15.272376046360183,1655.0,False
-32.0,-10.0,25.09667732574956,14.91629537492507,1597.5,False
-32.0,-26.0,25.790069206319437,15.792124556000285,1597.5,False
-1.0,15.0,22.201819813742954,16.053794619978348,4070.0,False
-30.0,-6.0,23.214247976568597,14.046392547944631,1597.5,False
29.0,-33.0,24.70698051270881,16.23545813255327,3380.0,False
18.0,6.0,23.172936881663205,14.325471923084748,1770.0,False
-31.0,-11.0,23.166340124247668,13.81993614141382,1540.0,False
6.0,-27.0,23.99372260634503,14.628682738243537,4012.5,False
28.0,-11.0,25.370488305811666,17.435089954093556,1942.5,False
32.0,-29.0,22.18192195005827,17.324939935383007,3437.5,False
33.0,-9.0,22.510902442629206,16.169682963232823,1885.0,False
4.0,17.0,22.562100433008702,14.431928669362078,2575.0,False
-29.0,-26.0,25.370113139840505,16.341239529197406,1655.0,False
-7.0,19.0,23.628415979828794,17.01032013365574,3782.5,False
-35.0,13.0,25.78455831712936,16.241069875078953,1712.5,False
-5.0,22.0,24.92708160110563,15.94336945312593,5392.5,False
23.0,19.0,25.449096787445765,14.500513119835386,1655.0,False
22.0,15.0,25.026442791713446,15.942301426864347,1712.5,False
-34.0,-8.0,23.207153428387088,15.221635950918328,1597.5,False
10.0,-34.0,25.329796089378323,15.67534051674157,2690.0,False
-29.0,26.0,24.957216562948624,17.339246197799365,1942.5,False
25.0,21.0,25.202867271526586,14.325955486850523,1655.0,False
33.0,28.0,23.56358015505292,15.394641205157752,1655.0,False
-24.0,-10.0,22.19775922744983,16.35860301355804,1712.5,False
24.0,6.0,22.36338136469704,17.458190825777162,1885.0,False
18.0,-18.0,22.03374757949952,14.424205652648816,2057.5,False
-28.0,-0.0,24.29516244256528,17.210030386943938,1712.5,False
10.0,15.0,24.54395327617025,16.156649963110677,1942.5,False
-25.0,-14.0,23.302665430533132,16.672108331740635,1712.5,False
-17.0,-23.0,25.259494589724742,16.930931940816645,1885.0,False
30.0,11.0,24.951468486747416,17.14171599404353,1770.0,False
27.0,26.0,24.040827244717995,14.609479214702883,1655.0,False
26.0,1.0,23.12959666894536,16.828679653816376,1885.0,False
22.0,29.0,22.4109962606503,17.21844743184658,1655.0,False
-2.0,-28.0,24.916552256028282,15.476670982593298,2690.0,False
24.0,-6.0,25.47319171416096,14.535326356657952,1770.0,False
-4.0,29.0,22.081780805275287,13.809491302208025,6657.5,False
16.0,7.0,24.877616360572034,15.426312842009562,1827.5,False
31.0,11.0,22.771241214564146,17.271858016282934,1770.0,False
-6.0,-12.0,22.839780432787034,17.275738308916868,2575.0,False
12.0,-4.0,25.094894767317882,15.162807422824987,1942.5,False
23.0,-21.0,22.845162502803678,15.649425648406526,2057.5,False
-12.0,25.0,23.573419609036176,17.04344229710817,2690.0,False
21.0,4.0,22.697866363669398,16.626184562455524,1885.0,False
20.0,6.0,23.549470523300545,16.290078710609606,1827.5,False
19.0,-12.0,22.66612066841971,16.70182223284334,2115.0,False
-11.0,3.0,23.963236954520557,13.994603196503682,1885.0,False
-11.0,26.0,24.32892917132115,13.963336819368902,2230.0,False
17.0,4.0,25.714180275587395,16.125476795106625,1827.5,False
17.0,-3.0,22.264446751871972,16.651643822995368,2000.0,False
-17.0,-18.0,23.117568543232846,14.280891131084225,1770.0,False
5.0,32.0,22.399159372763688,13.795215751735672,2230.0,False
-12.0,7.0,24.249558074470393,16.29852637842162,2000.0,False
6.0,14.0,25.758677635473976,13.900728329567485,2172.5,False
12.0,-23.0,25.355789281380257,14.61726306051707,2172.5,False
5.0,-34.0,23.543604233105988,14.836831257115156,5335.0,False
-19.0,4.0,22.307010990002613,15.492735806842397,1770.0,False
-20.0,-13.0,23.13120493330783,16.29254669021324,1770.0,False
-12.0,21.0,24.045154716954187,16.285519047012134,2345.0,False
-15.0,26.0,24.03722924993322,15.500218284026312,2172.5,False
-5.0,17.0,25.250796458965652,14.145056426365802,3035.0,False
8.0,-22.0,23.650193795163023,13.78569815405652,2575.0,False
25.0,31.0,23.117439158956078,14.458200471411192,1597.5,False
5.0,9.0,24.604847279605252,15.337545756482761,2402.5,False
-30.0,-14.0,24.426177814147046,14.482201046134046,1540.0,False
25.0,32.0,22.176453852689875,16.706509958794854,1655.0,False
-11.0,-23.0,22.32006025938483,17.366274277815492,2172.5,False
32.0,-7.0,24.30269029084952,17.023829752047014,1885.0,False
8.0,28.0,24.837641153518426,16.339943546914213,2115.0,False
-32.0,-22.0,22.354419965173527,14.609634517983594,1597.5,False
-30.0,-29.0,25.87089095453688,15.649946047809246,1597.5,False
9.0,-20.0,25.27828314563549,14.815612079417,2402.5,False
-21.0,3.0,23.356787669808746,16.486331797951692,1770.0,False
24.0,14.0,22.297342522178877,15.635980520573812,1712.5,False
5.0,-22.0,24.205537299189047,13.619549275274409,3552.5,False
-18.0,2.0,23.24578319568187,17.393470929740655,1885.0,False
3.0,-32.0,24.58036842098149,16.759660224946522,4990.0,False
-7.0,-20.0,23.748733300472395,16.725306343631036,2460.0,False
-13.0,30.0,23.72077693193493,13.697525446215494,2115.0,False
30.0,8.0,22.31802964508298,14.430296847191899,1712.5,False
-20.0,-27.0,23.344086958841086,15.656094194427112,1770.0,False
-12.0,5.0,24.48680069198683,14.52860856806975,1885.0,False
-22.0,26.0,24.44697148496879,14.241898783975332,1827.5,False
33.0,6.0,23.82169891995583,16.68217887539287,1770.0,False
-3.0,-11.0,22.06272161748366,14.704523065686661,2862.5,False
-2.0,-6.0,25.749890325390393,13.901036227040553,3437.5,False
14.0,-2.0,24.77954756312887,13.8619785819793,1827.5,False
32.0,-16.0,25.723509265422116,15.150684355750295,1827.5,False
0.0,-26.0,25.528630996818954,14.393371690120901,3495.0,False
11.0,-9.0,25.345772460177784,14.4881801275194,2000.0,False
34.0,-15.0,24.378272363751915,16.794465937322105,1942.5,False
17.0,17.0,23.341491663522604,15.755847858609474,1712.5,False
33.0,29.0,22.973887847308557,16.170366397838933,1655.0,False
-23.0,12.0,25.81878526667541,17.23755452830706,1827.5,False
-2.0,13.0,24.304162249997198,15.61786395344592,7865.0,False
-34.0,-24.0,25.357277072598933,14.625071069036533,1540.0,False
21.0,26.0,25.07943380108657,16.208831232469443,1655.0,False
0.0,21.0,24.30201791985053,16.840202278043268,3265.0,False
-35.0,-8.0,22.88348575000841,14.123290991417582,1540.0,False
32.0,-19.0,25.14230297313973,14.639622518375589,1827.5,False
-4.0,19.0,24.55798766539802,14.036953790196797,4645.0,False
10.0,-18.0,24.562036878554792,15.591750567124045,2402.5,False
34.0,-20.0,24.543011806722845,15.233252270312008,1827.5,False
4.0,3.0,25.768323702947967,15.169841343440597,2575.0,False
27.0,-20.0,25.645454149225753,14.178928417582426,1770.0,False
30.0,-28.0,22.25985167315836,15.81801245833291,2287.5,False
-5.0,-14.0,25.290549642233792,14.918824193479933,2632.5,False
3.0,-3.0,22.817480709596623,16.28681911314214,3207.5,False
-13.0,-1.0,25.105104526397387,15.315601549749692,1885.0,False
-24.0,12.0,24.946776387103476,15.574395036481116,1770.0,False
20.0,-1.0,24.514068338909986,16.4081186813267,1885.0,False
28.0,-10.0,23.22705832411835,15.680280413926784,1885.0,False
24.0,-18.0,22.83673840078342,13.66843100674378,1827.5,False
32.0,20.0,24.264274008033027,14.432062346208534,1655.0,False
9.0,-2.0,24.058001667434826,17.28667336584847,2172.5,False
11.0,10.0,25.918817017637124,14.920902696155625,1827.5,False
21.0,-27.0,25.50456363933222,15.82785152163504,2000.0,False
2.0,13.0,24.105651732163647,17.448244589407558,2977.5,False
-34.0,25.0,23.113300421820178,16.758501171529467,1942.5,False
29.0,-33.0,25.136827261215178,15.931217396348613,3380.0,False
8.0,1.0,25.240257382836603,15.719384088696668,2057.5,False
2.0,-25.0,24.808845995280148,13.949520981833494,5967.5,False
10.0,13.0,25.57925543357701,15.935226588660326,1885.0,False
-29.0,30.0,25.99888850053345,13.778050526060543,1942.5,False
-13.0,24.0,25.39749039650068,17.384917111737224,2402.5,False
-23.0,-11.0,24.647280870948588,17.10992170953465,1770.0,False
-3.0,29.0,22.245291079999063,14.335385106527188,5565.0,False
17.0,35.0,24.72057024573164,14.341837579296184,1597.5,False
-32.0,-31.0,22.01300200742783,15.022902509705915,1597.5,False
10.0,-26.0,23.79234929631441,16.860648784970145,3092.5,False
-29.0,-15.0,23.47394613453199,17.120325014783624,1712.5,False
31.0,4.0,24.179739779434335,15.508523504014061,1770.0,False
-13.0,-20.0,24.579486557745525,15.576340168261309,1942.5,False
5.0,32.0,25.495245027052075,15.798339784649736,2287.5,False
-23.0,19.0,22.484610848205907,16.535239293317485,2000.0,False
-17.0,8.0,22.562254254563175,15.89770066000279,1885.0,False
0.0,33.0,25.016196722197048,16.41948758442425,3265.0,False
13.0,17.0,25.703501504306836,16.380674630937985,1770.0,False
-31.0,31.0,22.768972628501793,15.544148710283958,3322.5,False
11.0,-0.0,22.802556485226013,16.34484135280647,2057.5,False
-32.0,11.0,23.512224017219534,13.960632840819795,1655.0,False
32.0,22.0,22.402522248481134,14.413268164406686,1655.0,False
-6.0,-35.0,22.693223908293547,15.62968322730952,2172.5,False
-27.0,-33.0,25.19998606140969,17.416520681471518,1712.5,False
-8.0,-29.0,24.759534559328582,16.21586679615802,2287.5,False
32.0,5.0,24.023297087116134,16.592058868415492,1770.0,False
6.0,35.0,22.317098091494152,17.410670604163517,2115.0,False
10.0,2.0,24.349410872297668,14.961233271019765,1942.5,False
-10.0,-32.0,25.8791888616468,14.463856732898773,2115.0,False
-31.0,14.0,24.418650923949,16.000025502153715,1770.0,False
-19.0,3.0,24.105138049165717,16.547495331486335,1827.5,False
-16.0,29.0,22.9003725087565,16.173910453809924,2287.5,False
-30.0,11.0,22.598073156747727,16.267227389119736,1827.5,False
6.0,20.0,23.880106046678605,14.346201357621108,2230.0,False
-6.0,27.0,23.833023175029208,17.2924754099367,6140.0,False
-4.0,26.0,24.82194694478894,16.700064586590003,7290.0,False
-1.0,11.0,23.071395631063737,13.987572877618357,5737.5,False
-23.0,-35.0,22.890129619549135,15.962983549730982,1712.5,False
22.0,-33.0,24.629213028742928,14.383440245593926,2000.0,False
22.0,-5.0,25.410098131406606,15.543299829478112,1827.5,False
-15.0,33.0,22.293863959568263,16.59060632124412,2575.0,False
-8.0,16.0,25.839089794290885,17.075668750389024,2632.5,False
-5.0,23.0,23.269249459170574,14.735978036178802,5450.0,False
13.0,-21.0,25.569991404994944,15.712904525721829,2172.5,False
27.0,22.0,24.712168448893102,17.186235562382613,1712.5,False
-3.0,-11.0,24.64312053825159,17.19525648704541,2920.0,False
2.0,-11.0,25.469807550299475,16.794941433969413,9302.5,False
8.0,11.0,24.438885574491017,15.374307848349467,2000.0,False
-12.0,22.0,23.743720094969067,15.80834021067658,2345.0,False
-24.0,30.0,22.457707255785845,16.246134856447053,2057.5,False
30.0,-13.0,25.299586334735427,15.100622657139311,1827.5,False
18.0,22.0,24.650082598754484,14.936178117037505,1655.0,False
-13.0,21.0,23.679886003049937,13.804351165343572,2000.0,False
32.0,33.0,23.174389199451774,14.767701487113396,1597.5,False
33.0,-1.0,24.08202151138238,16.141958775990197,1827.5,False
27.0,33.0,22.22254747432701,13.934917519582314,1597.5,False
24.0,1.0,22.983450229309806,13.939648998676141,1712.5,False
12.0,-18.0,25.56646086788794,17.111304774025918,2345.0,False
-6.0,-23.0,24.021368324990227,13.97857288473384,2402.5,False
-6.0,-29.0,25.98315707421057,16.82034599407563,2345.0,False
34.0,12.0,23.70721220885201,15.816397546631485,1712.5,False
-1.0,-11.0,23.1404488111875,15.440319147661144,3207.5,False
-0.0,18.0,23.086023309020646,15.562285891079974,3322.5,False
-16.0,-24.0,23.71436272913088,16.94283206701944,1885.0,False
-27.0,27.0,24.645543162836894,15.96438538975589,1885.0,False
29.0,23.0,23.345591894683857,17.31700411783384,1712.5,False
0.0,-9.0,23.350236293017325,16.091113143536322,3897.5,False
13.0,12.0,23.070170540642565,15.09124179532054,1770.0,False
-34.0,-9.0,24.638430614325884,16.937511730659896,1655.0,False
10.0,24.0,22.639811181951305,14.784104606868919,1885.0,False
16.0,19.0,24.418967660971063,16.602477746348335,1712.5,False
-26.0,6.0,22.468329323686394,15.084856553131772,1712.5,False
-3.0,-29.0,24.200900787910367,15.282709465758883,2517.5,False
-2.0,-9.0,25.13184906948854,16.248500476562043,3207.5,False
-23.0,5.0,23.70892400507611,13.804933526729343,1655.0,False
13.0,31.0,22.22001582070773,13.955375197678173,1712.5,False
14.0,-2.0,25.832542881350772,16.80910414822454,1942.5,False
20.0,9.0,24.640747187070026,16.362051836635846,1770.0,False
-20.0,-13.0,22.16763433582817,14.92962622961854,1712.5,False
30.0,11.0,24.390262808317615,16.45779556221018,1770.0,False
9.0,-27.0,22.815763109649254,16.998134574882833,3897.5,False
26.0,-20.0,24.34475133402692,16.906073641580164,2000.0,False
-27.0,-14.0,25.44165551155534,16.943410157259915,1712.5,False
-22.0,8.0,24.027673162547664,15.564653290972112,1770.0,False
5.0,34.0,22.228701903889103,15.099647881262253,2172.5,False
-33.0,-19.0,25.71532777179835,16.766436313016595,1655.0,False
19.0,-32.0,24.24118913460043,15.170570165741232,2057.5,False
-20.0,-9.0,22.40130813397824,15.031581574860223,1712.5,False
25.0,6.0,25.601154137390633,15.33508998452753,1712.5,False
-11.0,-8.0,25.55934483865787,15.459549920479054,2000.0,False
21.0,24.0,22.778754996107285,15.292213901486422,1655.0,False
-20.0,-14.0,24.820402326907974,15.765004698553321,1770.0,False
14.0,25.0,24.232161568485242,15.478032638774446,1712.5,False
-32.0,13.0,24.86519064608351,14.423152584454655,1655.0,False
-12.0,-10.0,24.120384944362563,17.15995911781112,2057.5,False
-7.0,32.0,23.69453388575825,14.55085438202173,3610.0,False
25.0,-16.0,22.753081753778417,16.919565752426625,2057.5,False
8.0,14.0,23.425027980420488,14.061653738793337,2000.0,False
-32.0,-5.0,22.535348223062726,14.024778502117435,1597.5,False
1.0,-24.0,22.852667336583426,15.125123370860427,3667.5,False
-5.0,5.0,23.948786725333704,15.956558901888373,2632.5,False
-27.0,-18.0,23.241010268194895,15.780043330100929,1655.0,False
-15.0,24.0,23.544966104272405,16.64837724640692,2287.5,False
-10.0,-2.0,25.12342650380817,15.67499148932104,2057.5,False
-10.0,16.0,25.540054770063186,16.75526601179785,2345.0,False
-21.0,-28.0,25.59837503441386,14.317128714159404,1655.0,False
14.0,-19.0,25.60932986457112,13.919916077644144,1942.5,False
-31.0,24.0,25.930751318968415,14.64449475763777,1712.5,False
-26.0,4.0,22.600734624633198,15.447280931059622,1712.5,False
29.0,-3.0,22.851270968168738,16.96211112700823,1885.0,False
-13.0,-25.0,24.171405293592006,16.02313255048092,1942.5,False
13.0,30.0,24.241335886009864,14.196220596237602,1712.5,False
23.0,-7.0,24.712894699976324,14.877293708311038,1827.5,False
15.0,10.0,22.903425272470102,13.88132123215536,1712.5,False
-17.0,-26.0,23.119172517204245,14.000112764449831,1770.0,False
9.0,-22.0,25.082969608029728,14.224050369901857,2345.0,False
5.0,17.0,22.470733209761274,16.927728494539846,2517.5,False
31.0,-17.0,24.64530479552471,16.791119759966698,1942.5,False
-33.0,22.0,22.939647833022214,14.046454641482823,1712.5,False
-6.0,-18.0,23.684984353498294,17.104217001078606,2517.5,False
31.0,27.0,25.459031767568817,14.710197907184309,1597.5,False
-3.0,-26.0,24.860110699899824,15.774024939871177,2517.5,False
34.0,-14.0,22.79321932889996,14.617162619433337,1827.5,False
14.0,-9.0,22.74055162665897,14.924571134930705,2057.5,False
-13.0,25.0,25.83350291879423,14.744876510008748,2057.5,False
34.0,29.0,23.46554870507089,17.495940196715104,1712.5,False
4.0,-16.0,22.832037969045075,16.22777297828359,8900.0,False
-34.0,-33.0,24.74521320103474,15.324781639679385,1597.5,False
29.0,16.0,25.059963918425318,16.901021152849502,1712.5,False
-9.0,32.0,22.041938686896486,15.624585296443012,3610.0,False
13.0,-7.0,23.680412891998238,13.838755074244641,1942.5,False
6.0,-13.0,22.829458564224907,17.307918414947554,3840.0,False
15.0,-33.0,22.80164469095076,14.004326822443598,2172.5,False
19.0,12.0,25.916898636520536,14.173915077479023,1712.5,False
35.0,-33.0,23.851784093722717,14.28639720586829,3035.0,False
16.0,-30.0,25.19305194733556,15.748295620766365,2172.5,False
34.0,15.0,22.994014544977116,15.534686004809997,1712.5,False
-33.0,-21.0,25.835976721162226,17.00370703833888,1655.0,False
21.0,0.0,22.140965117248765,14.407843805514485,1827.5,False
30.0,3.0,24.94864952771064,16.676884708836234,1770.0,False
-8.0,24.0,25.222267001598865,17.29264791868687,3380.0,False
-1.0,-23.0,23.762737081987378,14.568368721741248,2977.5,False
-32.0,-8.0,25.93327528273154,15.231371741448603,1597.5,False
-19.0,17.0,23.07884292394645,13.565981703142986,1770.0,False
-18.0,14.0,25.39485337718446,14.399410670023466,1770.0,False
20.0,-14.0,24.915632333995624,17.053789694201527,2057.5,False
20.0,30.0,24.731197999761847,14.12208802824018,1597.5,False
-30.0,-22.0,24.03782308855884,15.35452147513557,1597.5,False
29.0,29.0,24.991027875986056,16.49523289439118,1655.0,False
34.0,-27.0,25.705953567855797,15.978675531081315,1885.0,False
31.0,-6.0,25.554913815715782,15.982860934457403,1827.5,False
9.0,30.0,22.011332008344088,17.003363938744968,2057.5,False
27.0,29.0,23.554795931007398,16.829820386439557,1655.0,False
5.0,14.0,23.227114916732944,17.321124212593666,2517.5,False
19.0,29.0,24.696462443507322,14.148014322869885,1597.5,False
-28.0,28.0,22.829061754805025,16.975347233878136,3667.5,False
34.0,29.0,24.88204808744842,15.556695861345348,1655.0,False
-17.0,-18.0,22.16748617648499,13.939825697732797,1770.0,False
24.0,9.0,25.637479687521925,13.687837239255195,1655.0,False
-28.0,-29.0,25.41760475999523,16.15457844297773,1655.0,False
14.0,-27.0,23.60163977438525,16.632257833384838,2517.5,False
-33.0,-18.0,25.60481010410994,16.06976771942759,1597.5,False
-2.0,2.0,22.900557772579955,17.419576666453356,4127.5,False
-30.0,26.0,24.06923652901335,15.535075911029724,1827.5,False
-4.0,-4.0,22.034257580757757,16.639540594131898,2862.5,False
-21.0,12.0,24.405901932300594,14.836448951932946,1770.0,False
-26.0,-6.0,22.499493524753724,14.402993638857112,1597.5,False
-9.0,16.0,22.523537077188408,16.65437582950414,2805.0,False
22.0,15.0,24.32931629252575,17.293796756387078,1770.0,False
8.0,-26.0,23.778705033023662,15.78656004185647,3322.5,False
23.0,-8.0,24.68362091028887,15.583841419550343,1885.0,False
14.0,-17.0,23.086049723602912,17.062259040876846,2402.5,False
-26.0,-32.0,23.014273812126923,16.564218625844102,1712.5,False
32.0,7.0,22.690189398257928,14.055588691597324,1712.5,False
11.0,-34.0,24.30060593387071,17.14543099360431,3092.5,False
21.0,-4.0,25.97046163773492,14.217891426935267,1770.0,False
5.0,-25.0,25.68014598051375,16.834423139287118,6427.5,False
-24.0,25.0,25.945583544288098,17.27833483833595,1942.5,False
23.0,-33.0,22.966076524598357,16.582886761974223,2172.5,False
-10.0,-5.0,24.564676967657878,13.829180521442826,1942.5,False
15.0,-31.0,25.948633354567463,16.01427244333873,2230.0,False
-5.0,32.0,22.279658099841757,13.776710737952035,5392.5,False
-6.0,-28.0,23.459452887581726,15.090963534706312,2287.5,False
1.0,-33.0,24.56862704669178,15.861486364657866,3667.5,False
-33.0,-26.0,23.01861140143239,14.452908198747517,1597.5,False
22.0,10.0,22.791894894618476,15.705590298421681,1770.0,False
-21.0,31.0,25.132552818211593,13.55986371983366,1770.0,False
14.0,-33.0,24.976462125228437,15.975878305907434,2345.0,False
23.0,18.0,24.717187922525586,14.710003393210297,1655.0,False
14.0,28.0,25.10935907195531,13.596597958866536,1655.0,False
15.0,6.0,22.34830641908884,13.840460834267233,1770.0,False
32.0,32.0,23.357405659588217,16.167059427252855,1655.0,False
23.0,28.0,25.687880513368334,15.102533841234013,1655.0,False
-10.0,33.0,22.036514656673734,13.857126489488422,2690.0,False
-1.0,27.0,23.36954342934525,16.659556789690072,3552.5,False
-35.0,-16.0,25.635933861551898,15.288458850425984,1540.0,False
-31.0,-19.0,25.455131291879916,14.645819819272377,1540.0,False
3.0,-14.0,24.533711760808178,13.623678538607681,4702.5,False
16.0,-3.0,24.484474849303492,13.86384345424638,1827.5,False
8.0,29.0,25.758467245447296,16.368435617273132,2115.0,False
1.0,12.0,25.63841995177882,15.457600243226723,3322.5,False
22.0,13.0,23.72436214394181,15.833221505713148,1712.5,False
-11.0,6.0,23.115108082368593,14.594616818353142,1942.5,False
-20.0,27.0,22.05162646298014,13.75222725818236,1885.0,False
-29.0,-14.0,25.155320369041515,15.103493766412967,1597.5,False
20.0,9.0,25.49405100289175,15.455441143866121,1770.0,False
31.0,11.0,24.150563777124162,13.638291488882793,1655.0,False
-22.0,23.0,24.56671327629944,13.906873963799327,1770.0,False
12.0,29.0,25.746363247735587,14.813448464022414,1770.0,False
-19.0,-1.0,24.275760410648875,15.520317015224403,1712.5,False
-16.0,6.0,22.591077378426817,13.88114424272188,1770.0,False
-14.0,30.0,22.207661561361903,15.772689669079453,2517.5,False
-0.0,-12.0,24.403594059124966,15.33374045390396,3782.5,False
-28.0,13.0,23.79267298631725,14.64228500324715,1712.5,False
24.0,-18.0,22.584463977326042,16.206192464492595,2057.5,False
-12.0,3.0,22.84516317833466,17.36120052084725,2057.5,False
22.0,-12.0,24.16451012626443,15.817149832026768,1942.5,False
30.0,-8.0,22.96247575678389,17.462903734555596,2000.0,False
7.0,1.0,25.070656272087337,14.670189808759316,2115.0,False
19.0,-7.0,25.748291919400568,16.17356236742595,1885.0,False
-24.0,-1.0,25.287814077830348,15.1633702337833,1655.0,False
-6.0,19.0,22.085661428052596,14.695749629373557,3782.5,False
-29.0,-28.0,24.58331633651265,13.93477752351693,1540.0,False
-20.0,26.0,25.745071304367904,16.361423543652077,2000.0,False
20.0,6.0,24.037040060599143,14.850088423355274,1770.0,False
-16.0,11.0,23.248354861200102,14.045330039999216,1827.5,False
6.0,34.0,23.844391368382272,15.905845135754324,2230.0,False
35.0,19.0,25.202466231270318,17.398280761135084,1712.5,False
31.0,-14.0,25.11323548198552,16.367694009300514,1885.0,False
-12.0,31.0,25.845062560995895,15.077058674184677,2230.0,False
29.0,7.0,22.885120347078452,15.360825154644413,1770.0,False
20.0,-9.0,24.452660100759463,14.085802386378992,1827.5,False
-8.0,-25.0,23.714586321120663,16.96008613736513,2345.0,False
23.0,-2.0,22.30234069062699,15.342916324648588,1827.5,False
-10.0,-6.0,24.687754366166878,15.606930822468158,2057.5,False
9.0,-17.0,25.377936546105325,16.00526295744904,2460.0,False
-28.0,15.0,23.464039179919336,16.492640291081997,1827.5,False
11.0,-34.0,23.461201738741472,15.800445821654707,2862.5,False
-31.0,32.0,23.5770846854936,17.02797203808655,3380.0,False
6.0,19.0,24.376076972261927,14.026759387799919,2230.0,False
31.0,21.0,22.539069190490785,13.863095771224167,1597.5,False
-33.0,-15.0,23.335096591177468,16.58338388502579,1655.0,False
16.0,-33.0,23.479564529809707,14.860412360251072,2172.5,False
6.0,35.0,22.36080839525897,16.37480356369953,2172.5,False
-3.0,-19.0,22.93915130287612,16.76432082460043,2517.5,False
8.0,21.0,25.57042843714946,15.693239362655465,2057.5,False
24.0,4.0,22.367254445942603,16.103771791997207,1827.5,False
11.0,11.0,24.330635398085604,15.673493327936303,1827.5,False
-4.0,31.0,25.642000065732294,17.164969754873823,6657.5,False
-21.0,-32.0,25.539089541708186,13.989093962461613,1655.0,False
-6.0,-4.0,24.02966669883517,16.085150105455543,2402.5,False
-11.0,-29.0,23.184275869640963,15.739466153740505,2115.0,False
-16.0,34.0,22.22295128667016,16.60945300951318,2517.5,False
-25.0,25.0,23.592891337458596,14.671578712093705,1827.5,False
30.0,-20.0,22.45771985753356,15.722037244795962,1942.5,False
6.0,-12.0,25.71380463688335,16.12326935264727,2747.5,False
-17.0,-25.0,24.08979620555506,15.314315483424865,1827.5,False
-13.0,30.0,22.71280915278824,17.10767967415854,2862.5,False
2.0,19.0,23.16668850916548,15.357888439879536,2690.0,False
-11.0,-1.0,24.122488374458403,15.561293008475328,2000.0,False
20.0,-29.0,22.404840247809876,17.305137491851838,2402.5,False
19.0,-31.0,22.451474050686762,16.843434837180283,2402.5,False
-8.0,-25.0,23.473389231265358,16.60252913159485,2345.0,False
-17.0,4.0,24.739926675669437,16.657846344786655,1827.5,False
26.0,4.0,23.29855420071481,15.380047879389613,1770.0,False
15.0,-11.0,25.75639392618291,16.840605336946602,2057.5,False
9.0,-4.0,22.84504283337918,15.049776118787973,2115.0,False
-23.0,-17.0,23.257648557508944,17.068877391995237,1770.0,False
-33.0,1.0,22.58649758690873,14.899514587824646,1655.0,False
10.0,16.0,23.39231772543267,15.481407855269154,1885.0,False
25.0,-11.0,23.48407610215532,15.590356298021579,1885.0,False
13.0,-2.0,25.16347964617668,14.673911766114596,1885.0,False
-12.0,10.0,23.895371631566537,13.699075332167194,1885.0,False
-8.0,-12.0,22.537128879728094,15.577074444270341,2230.0,False
-19.0,-26.0,25.308309447418274,15.177827306991013,1770.0,False
-35.0,-17.0,23.260863248670447,14.31797675090473,1540.0,False
19.0,24.0,24.288319398081,15.151366719255597,1655.0,False
-19.0,33.0,25.22034457052266,16.631131933925975,2115.0,False
17.0,27.0,22.734279465273005,16.249675860769354,1655.0,False
22.0,-2.0,24.449529492544404,16.762942698448136,1885.0,False
-33.0,-25.0,24.457846937952866,15.68393175659158,1597.5,False
-6.0,16.0,23.43171842997569,16.163664493070026,3552.5,False
29.0,-23.0,24.691417709429235,16.807974061567155,2000.0,False
-4.0,-24.0,24.606774340042726,13.83774964810928,2460.0,False
-18.0,29.0,25.88778266643284,14.100442750132821,1885.0,False
-28.0,11.0,23.469059555734198,15.447575481145197,1770.0,False
34.0,8.0,23.144735776380216,14.733249347764543,1712.5,False
10.0,-29.0,25.18835372376446,15.721115643671776,2632.5,False
35.0,-10.0,24.995704021527548,14.748666176848102,1770.0,False
21.0,25.0,24.999605164539112,16.970304375174052,1712.5,False
-5.0,20.0,24.96137220650644,17.164985499534176,6772.5,False
23.0,35.0,24.081631497644395,17.083021782595562,1655.0,False
14.0,21.0,23.412200482735738,15.791995776369143,1712.5,False
17.0,-16.0,25.717824495404592,14.863672860524757,1942.5,False
28.0,-6.0,25.169892515266753,16.59877063545509,1827.5,False
28.0,21.0,25.039164382088824,14.77441253291782,1655.0,False
-18.0,-13.0,22.655677924124877,13.811766014840035,1712.5,False
-13.0,3.0,22.418284990724246,14.182482574016952,1885.0,False
-23.0,-25.0,24.35333175864324,13.763798322435672,1655.0,False
-13.0,-27.0,23.077438643505968,14.251325865052074,1885.0,False
25.0,-30.0,24.973352260649705,15.03069280186396,1885.0,False
-26.0,-33.0,25.661024260394345,14.048441081478652,1597.5,False
10.0,-29.0,22.207269729593968,13.569147286267746,2517.5,False
30.0,30.0,25.165227206327284,16.067064638943563,1655.0,False
12.0,14.0,22.094993162150164,15.625407447003097,1770.0,False
-24.0,-25.0,24.432089418746994,16.487800239159036,1712.5,False
14.0,9.0,22.455321748268634,15.33098707069229,1827.5,False
29.0,-19.0,23.461934461492813,14.424336132555442,1827.5,False
-20.0,2.0,23.168295821881138,16.7177641157218,1827.5,False
-6.0,-26.0,23.086709952972566,14.602625769491171,2287.5,False
-29.0,21.0,22.203329004471485,17.32938430333354,2000.0,False
-16.0,-4.0,25.475670479127167,14.842710409387106,1770.0,False
-17.0,25.0,24.054790783996328,16.513158949032444,2172.5,False
28.0,-34.0,24.80076704062571,15.85981506007581,3380.0,False
-8.0,-16.0,23.593929754085018,17.44211611697741,2345.0,False
-22.0,-14.0,25.19553016021908,16.964605950137095,1770.0,False
-23.0,9.0,23.78149818876931,15.501220910779814,1770.0,False
6.0,33.0,23.208241019034965,16.58978178593287,2172.5,False
-16.0,28.0,25.439428008827047,15.452191925694919,2057.5,False
7.0,-2.0,22.56341035901939,16.933906383070074,2345.0,False
-9.0,-30.0,23.248541599704474,17.06665253530886,2230.0,False
33.0,-16.0,25.048982639871717,13.758217815152443,1712.5,False
11.0,19.0,25.291148899911747,16.597305162995756,1885.0,False
-0.0,7.0,25.531444335543178,16.377697893683873,4300.0,False
11.0,-6.0,22.054725943448794,16.15267402006143,2230.0,False
-19.0,-7.0,22.526164806101576,15.962317895770703,1770.0,False
10.0,-8.0,23.274704634871256,14.459614740227371,2115.0,False
5.0,-4.0,22.04930227447985,17.319052212205538,2805.0,False
16.0,-9.0,25.97348252040721,14.795597901621228,1885.0,False
-18.0,20.0,24.43805880197905,15.856008548353705,2000.0,False
-14.0,16.0,25.688917930534043,16.593019232645776,2057.5,False
-29.0,-32.0,22.994717666209436,16.844433605286408,1712.5,False
5.0,-15.0,25.76268684647233,16.70512927867555,3667.5,False
-16.0,-27.0,23.92637419349832,14.613240991259643,1827.5,False
-23.0,2.0,24.392830236979957,16.074747771295403,1712.5,False
20.0,-2.0,22.195649836777292,14.155215928460688,1827.5,False
-7.0,-34.0,25.989271781400472,14.19412579155889,2230.0,False
-2.0,-18.0,25.16733574662029,17.42323738627136,2747.5,False
-18.0,-13.0,25.897799455518378,14.780156522249966,1712.5,False
-8.0,-23.0,25.464926336396324,17.36578157138943,2402.5,False
24.0,35.0,24.24462854643073,14.88749609323832,1597.5,False
24.0,32.0,25.810456241362292,15.920949234094795,1655.0,False
-14.0,-3.0,22.942215880158294,17.297433813723437,2000.0,False
30.0,22.0,22.67125981057938,15.066424550667637,1655.0,False
19.0,-15.0,24.97302046124643,16.334824156821306,2000.0,False
-30.0,11.0,23.100116915112928,14.023343276514936,1655.0,False
-13.0,30.0,23.003963727809428,16.052633256589786,2575.0,False
29.0,24.0,22.627857675757458,16.07436832095618,1655.0,False
-18.0,26.0,23.138863388997578,15.070331203348982,2000.0,False
-9.0,-7.0,25.653444087411007,14.49320074389197,2057.5,False
22.0,-8.0,23.852763089619852,13.602086571351592,1770.0,False
-5.0,17.0,22.071836784444713,17.466435889894715,8037.5,False
23.0,-14.0,22.15323744270465,13.931706194079597,1885.0,False
24.0,-9.0,24.60964942616402,17.34319038260325,1942.5,False
32.0,15.0,23.571786648805833,17.323236215101492,1770.0,False
-3.0,-9.0,23.81534431869808,13.966675631451896,3035.0,False
4.0,23.0,25.999340938395353,16.069730950584482,2517.5,False
-16.0,-28.0,22.285588361266242,15.74496878393866,1885.0,False
18.0,16.0,22.368975793367937,13.878615264547022,1712.5,False
21.0,-15.0,23.155079274889914,13.603985346419897,1827.5,False
-20.0,-3.0,25.843702740637088,15.12416646854446,1712.5,False
-31.0,-22.0,23.651248156276846,13.584266005038758,1540.0,False
13.0,32.0,23.796241630660173,17.016473300191343,1827.5,False
-20.0,-1.0,24.831884796252833,15.72784508589142,1712.5,False
6.0,6.0,23.159438159103473,16.938356851638726,2287.5,False
-16.0,4.0,24.838596122607605,15.936678736351906,1827.5,False
-2.0,-26.0,22.36223571878415,13.518797568305535,2690.0,False
2.0,10.0,25.88247604461676,14.247946429436308,3265.0,False
-1.0,-3.0,25.71133420109416,15.362865536852894,4357.5,False
2.0,22.0,24.299461911976838,16.83725169074545,2632.5,False
-9.0,22.0,23.374082256979854,14.436452946376386,2517.5,False
-25.0,-3.0,22.660157477383308,15.174105238724149,1655.0,False
24.0,19.0,23.282660304327138,15.130882734816922,1655.0,False
25.0,-26.0,24.053589055638206,14.409096662645513,2057.5,False
35.0,16.0,22.119751742541375,16.063699271972915,1712.5,False
-31.0,-13.0,25.756378715812964,13.934838295743795,1540.0,False
22.0,17.0,23.046420338774187,15.148018874643265,1712.5,False
-21.0,-30.0,24.66471456393036,15.905391286666033,1770.0,False
2.0,30.0,22.644925645241337,16.259822595948954,2517.5,False
-34.0,34.0,23.731150241904924,14.922777223210478,3092.5,False
-25.0,2.0,24.571860700695794,16.666856975153184,1712.5,False
-18.0,-9.0,24.198210811766003,16.637853790714047,1827.5,False
-24.0,-3.0,22.954154655937913,15.328893259718818,1655.0,False
8.0,-13.0,22.605724334974763,13.72859771526246,2345.0,False
-17.0,2.0,23.36920735885029,17.276522362024647,1885.0,False
-23.0,-31.0,25.495863940128604,16.40844231734268,1712.5,False
-27.0,18.0,23.083617138010133,17.341466172585314,1942.5,False
8.0,-28.0,24.65807688765569,17.278284343728984,3955.0,False
-5.0,12.0,23.669422413228936,16.137172159292327,3380.0,False
3.0,-13.0,23.719174910772292,13.651903365694839,4875.0,False
-19.0,7.0,22.50368529677514,16.267690981589624,1885.0,False
23.0,24.0,22.05635015146959,13.581771838557806,1597.5,False
-21.0,10.0,22.67966261764197,14.244376969667691,1770.0,False
8.0,-10.0,24.154139251287663,14.849479334400092,2287.5,False
30.0,-22.0,22.192846406090553,14.313484225771266,1885.0,False
17.0,-11.0,22.82427826160018,16.542604189195146,2115.0,False
26.0,27.0,24.692336906794807,13.596294804922417,1597.5,False
24.0,2.0,24.09951694594898,17.46542891419884,1885.0,False
-21.0,-12.0,23.03558871393078,13.675230169339706,1655.0,False
-35.0,29.0,23.93930390742522,14.895418456972934,1770.0,False
-6.0,-8.0,25.77732930672941,17.060896193576177,2460.0,False
14.0,23.0,24.262493185548507,15.63824794938119,1712.5,False
-25.0,-16.0,25.709765407674894,16.371409045928022,1712.5,False
-10.0,-21.0,25.766743228625153,17.49458958506124,2172.5,False
-15.0,16.0,22.066136160579365,15.305470492131223,2057.5,False
-27.0,-27.0,23.850092823238658,15.608396608450004,1655.0,False
-34.0,6.0,23.84797808551954,16.701510257450604,1770.0,False
29.0,-17.0,22.836451847253645,16.84076322184991,2000.0,False
33.0,1.0,23.32032284245958,14.541901881390553,1712.5,False
28.0,-32.0,22.80273613686131,15.062521348526918,3380.0,False
32.0,9.0,23.10846641651427,15.705588831076067,1712.5,False
25.0,-3.0,25.690823649670627,14.367169958306178,1712.5,False
-34.0,4.0,22.132217673779728,15.460757008517373,1712.5,False
-11.0,27.0,23.317239087480587,15.555102194398797,2632.5,False
-16.0,-14.0,24.707062954815793,14.153453657014794,1770.0,False
30.0,20.0,22.052980721293334,14.52798390484806,1655.0,False
1.0,-16.0,23.448185638870186,16.80085059929521,3897.5,False
10.0,-18.0,22.211705847855335,15.012369727125408,2517.5,False
-10.0,-16.0,24.7353725782151,17.32843246737035,2115.0,False
30.0,-31.0,25.411518077389964,13.743284431057594,3380.0,False
33.0,9.0,23.670737911597854,16.09694164676332,1770.0,False
7.0,10.0,24.435954155246684,15.182670786250458,2115.0,False
-14.0,10.0,23.540293190832607,15.747694000152126,1942.5,False
-18.0,14.0,24.657153801184847,16.150358672722334,1942.5,False
-16.0,6.0,23.093443968712506,16.02755659660717,1885.0,False
31.0,25.0,24.191218012500293,13.801999189628745,1597.5,False
-19.0,17.0,22.40848026027178,14.055445452480896,1885.0,False
26.0,25.0,25.32352596805785,14.528358575500832,1655.0,False
-23.0,-29.0,24.308127647312062,15.461443329297921,1712.5,False
6.0,-18.0,25.79724484688105,15.149729259946866,2920.0,False
2.0,6.0,24.89592978879103,15.067992591203973,3322.5,False
3.0,26.0,25.125687733101238,13.56260206088433,2517.5,False
9.0,29.0,23.974650567483994,16.37511531112816,2057.5,False
26.0,27.0,22.926300571332536,14.694234526994862,1655.0,False
2.0,-19.0,22.755489117018115,13.647235425403863,6140.0,False
9.0,-23.0,25.093689561318307,16.880310671396355,2920.0,False
-1.0,9.0,24.79954208315121,14.667943058437872,7117.5,False
26.0,10.0,24.62416845842758,16.109927346922706,1712.5,False
-3.0,33.0,23.89506206450218,15.478325865393074,5507.5,False
25.0,-14.0,22.272065387523718,16.230391235872506,2000.0,False
12.0,-18.0,25.01602065082284,14.734568204263567,2115.0,False
-6.0,7.0,22.96504852976934,14.710751402043602,2402.5,False
-2.0,29.0,25.017983897447852,14.26341136954457,5507.5,False
-33.0,4.0,25.322421925797784,16.612957614317153,1712.5,False
-12.0,-1.0,24.275141377177206,15.862294458709684,1942.5,False
-5.0,7.0,24.536702645948488,15.69972945640024,2632.5,False
7.0,-1.0,22.063772587060026,16.303594612606275,2287.5,False
-35.0,-27.0,24.858824641337417,16.17646014334119,1597.5,False
20.0,-27.0,22.64512599727771,14.311230069131321,2000.0,False
-12.0,-17.0,23.206447036296304,15.565306167486478,2000.0,False
-28.0,29.0,22.582376173484917,17.11129170581487,2230.0,False
3.0,22.0,22.208458682455547,14.310745899541745,2517.5,False
-25.0,-26.0,23.481637199821304,13.555274276078872,1597.5,False
15.0,-24.0,23.550269678534463,15.36689386416717,2230.0,False
-18.0,-17.0,23.295981034297863,17.282936554381383,1885.0,False
13.0,27.0,22.37379343515209,15.164221090104087,1770.0,False
35.0,24.0,24.507759672175517,16.70900297055956,1712.5,False
-0.0,2.0,22.74391304737299,17.149310795041906,6600.0,False
-34.0,5.0,22.464146082800543,17.01936861772278,1770.0,False
-23.0,-19.0,24.232251536818833,15.572913592954187,1712.5,False
-12.0,35.0,22.345384336359153,14.691204788684939,2575.0,False
1.0,34.0,25.33878298330896,16.43926892835911,2920.0,False
18.0,4.0,22.305577301199857,17.449139794310597,1942.5,False
2.0,17.0,25.559746282280944,16.58396498796261,2862.5,False
20.0,-3.0,24.161685856675835,17.291181484549803,1942.5,False
-22.0,-27.0,24.59642721603944,16.88592340927511,1770.0,False
-18.0,-9.0,23.14768969199822,13.515600198386444,1712.5,False
-17.0,19.0,22.19378125557443,16.623854028746724,2172.5,False
-9.0,-17.0,24.25309663546426,14.43265905665896,2115.0,False
5.0,-17.0,22.98460365156329,15.702396991160354,5392.5,False
-17.0,17.0,24.880199513337796,17.099443840673256,2057.5,False
24.0,-18.0,22.44457509344587,15.394004003516727,2000.0,False
-31.0,-7.0,22.614419324673815,14.978977085909714,1597.5,False
-19.0,22.0,22.376128107545114,16.82353858870323,2287.5,False
12.0,-2.0,24.523350404733492,15.79977186024179,2000.0,False
-29.0,-12.0,25.54665584642935,16.449256216207687,1655.0,False
5.0,-9.0,22.697012749693275,13.965502119370077,2690.0,False
26.0,26.0,23.280357062503573,17.256523006434605,1712.5,False
-5.0,31.0,23.152444876662248,17.1650188329005,6082.5,False
-9.0,34.0,24.51469141460734,14.281026942533751,2632.5,False
12.0,30.0,23.24482128413418,14.67120650252677,1770.0,False
26.0,25.0,24.117660183767306,14.609896016033371,1655.0,False
-34.0,15.0,22.30717223386282,15.137383571340955,1770.0,False
-15.0,-32.0,25.135425487582364,13.708876107309727,1827.5,False
-33.0,24.0,25.598809752890368,14.030750434704972,1655.0,False
-25.0,34.0,25.751067366465495,15.110670778755743,3495.0,False
-0.0,-11.0,25.734897684517637,15.746251367672922,3955.0,False
12.0,32.0,22.660530151276973,16.32142032566475,1885.0,False
-18.0,27.0,22.067811194233155,15.59033909176712,2172.5,False
31.0,-9.0,23.33838888992294,15.73227140256436,1885.0,False
4.0,19.0,22.02967503240832,17.300788997301805,2517.5,False
-19.0,10.0,23.32617530943876,13.944360440120088,1770.0,False
25.0,-3.0,25.089379154995413,13.828836685533826,1712.5,False
3.0,-6.0,25.165069408565916,13.638982019052182,3035.0,False
5.0,27.0,22.37949359222024,13.979874687282559,2287.5,False
-25.0,-13.0,25.553338304363503,16.3383797928164,1655.0,False
29.0,18.0,24.774333325061097,15.533465580656577,1655.0,False
29.0,5.0,22.213362568914118,15.095057077778199,1770.0,False
29.0,-7.0,24.013170047823863,15.989899839555214,1885.0,False
3.0,-23.0,24.84436804807101,16.09130637625538,6542.5,False
22.0,-3.0,24.55343668543479,15.600112088994813,1827.5,False
-25.0,27.0,22.597334029060377,16.536527555581124,2172.5,False
-25.0,-30.0,25.709496294838296,16.85816100934699,1712.5,False
13.0,24.0,24.195678583982858,14.67739866159598,1712.5,False
20.0,-30.0,22.781642899751837,13.808453606853499,1942.5,False
31.0,35.0,24.053073820917348,16.9574485906572,1655.0,False
-6.0,34.0,22.05214910666825,16.9826899284222,5335.0,False
-30.0,8.0,24.271820771590434,16.29558939055083,1770.0,False
-7.0,28.0,25.500609819279514,17.4495160857632,4415.0,False
-19.0,15.0,24.25074117269026,17.15520627737856,2000.0,False
11.0,27.0,23.763184247465734,15.944737165287915,1885.0,False
10.0,-19.0,22.21011886336438,15.950809792000634,2805.0,False
-33.0,18.0,24.138922457954674,15.39065259535478,1770.0,False
11.0,-15.0,22.416325987883337,15.251767947192302,2345.0,False
17.0,-21.0,24.058923285260605,16.261780700792926,2172.5,False
13.0,6.0,23.709991017881197,13.595367832767591,1770.0,False
35.0,23.0,23.382178767391697,16.911335204783985,1712.5,False
-2.0,-25.0,24.907575631226962,13.514194897180195,2747.5,False
23.0,-1.0,24.126416090165765,15.21278232165944,1827.5,False
-8.0,-22.0,23.376747152122753,16.831180063840815,2402.5,False
20.0,17.0,24.402674439018128,14.227831985510445,1655.0,False
20.0,30.0,23.236943747291868,15.8620601602019,1655.0,False
18.0,29.0,23.77774504703654,16.232711976414556,1655.0,False
-9.0,-32.0,24.107071834916947,15.428278405678938,2230.0,False
-14.0,12.0,23.25673046786249,16.406819908869632,2057.5,False
-10.0,15.0,22.122996738081188,15.85659742532667,2460.0,False
-30.0,-2.0,23.061657683853163,15.831386528695843,1655.0,False
10.0,-32.0,22.010957359199878,14.691843425086423,2977.5,False
-16.0,22.0,25.289816860363437,14.32117794581414,1885.0,False
17.0,30.0,23.502385693100532,14.966847979264665,1655.0,False
14.0,1.0,24.577708476261922,17.420613482364274,2000.0,False
-34.0,-18.0,23.946521528817087,16.25927133019449,1597.5,False
22.0,-11.0,24.583088874454603,15.002115671098393,1885.0,False
31.0,4.0,25.473066748466742,13.557279707073523,1655.0,False
-15.0,15.0,24.098203480249882,15.610624131603853,2000.0,False
21.0,7.0,23.149724140288342,16.20283737611971,1827.5,False
-9.0,16.0,24.122528692448586,15.523030693985467,2402.5,False
24.0,25.0,23.932178235146047,15.756535391795108,1655.0,False
-9.0,11.0,25.63330987584105,15.25125905064495,2115.0,False
8.0,29.0,25.47331336539071,17.49751125577037,2172.5,False
-20.0,-17.0,24.34509971022274,14.047841428784837,1655.0,False
-22.0,32.0,22.950928618696246,15.847084806510427,2230.0,False
1.0,31.0,22.81529439898262,15.41801823710834,2805.0,False
25.0,21.0,22.870817183706322,17.42100255202476,1712.5,False
-9.0,1.0,25.59807537495214,13.738979639158572,2000.0,False
34.0,5.0,25.13897889689531,13.689138321721458,1655.0,False
-25.0,7.0,25.92215366409745,17.351781176664666,1770.0,False
24.0,-1.0,23.342132714077746,14.405536595847394,1770.0,False
-32.0,-8.0,22.168818212670985,14.131635650242814,1597.5,False
-29.0,-29.0,22.6380081943321,14.239082059942014,1597.5,False
-31.0,7.0,24.492642545268875,13.730282499113244,1597.5,False
-7.0,-5.0,23.89198379840279,16.065777476114178,2287.5,False
-3.0,-30.0,24.49024757684783,15.102188524735622,2517.5,False
4.0,35.0,25.26048605723272,13.721517622121983,2287.5,False
-32.0,-26.0,25.14119307787749,15.005630361506618,1597.5,False
22.0,-18.0,23.522755231173324,16.034035325871677,2000.0,False
-5.0,21.0,23.740924476409322,14.699961032959235,4587.5,False
30.0,-6.0,23.775393158937362,14.360884190715403,1770.0,False
34.0,18.0,25.921685950763088,14.415041468559973,1655.0,False
27.0,21.0,22.299208322444294,13.628911523682023,1597.5,False
-12.0,-9.0,25.321620267110436,16.80860640300666,2000.0,False
-30.0,1.0,23.269581793785154,15.281047094240789,1655.0,False
-26.0,-11.0,24.308525326107613,14.187921488221445,1597.5,False
18.0,-26.0,24.745742176586305,16.54307800875601,2172.5,False
8.0,2.0,23.441204132798937,15.92922383126011,2115.0,False
28.0,2.0,24.55467273288666,14.156026444640258,1712.5,False
-9.0,-31.0,25.043367236620707,16.393732801474663,2230.0,False
-3.0,-6.0,23.495262975127698,15.211238228749021,3150.0,False
-25.0,-21.0,23.26068967371458,15.159674382168049,1655.0,False
32.0,31.0,25.161991569712036,15.848208785806591,1655.0,False
31.0,-30.0,24.91339673093296,14.227953217354635,2000.0,False
23.0,-15.0,25.5306819169638,16.071797135080843,1942.5,False
4.0,7.0,24.821498955763687,16.624918601802364,2632.5,False
-29.0,-21.0,24.554215735464325,16.157578053060142,1655.0,False
-34.0,25.0,22.5276930400038,14.25484001011655,1770.0,False
-34.0,9.0,22.04706073797187,14.135686935488367,1655.0,False
-27.0,18.0,22.72268116142233,16.16955811651735,1885.0,False
-4.0,35.0,25.30430200264327,14.646377782941931,5795.0,False
-6.0,9.0,25.913510438494097,15.4040924270053,2402.5,False
28.0,-15.0,22.89204492080896,15.839760203836853,1942.5,False
9.0,-29.0,25.781866787008756,14.77414524086323,2517.5,False
-5.0,-21.0,24.267679576772842,17.060157401521487,2460.0,False
-27.0,-17.0,25.813041585694567,14.201328361965508,1597.5,False
-34.0,-34.0,23.193983204449914,15.952651217295987,1597.5,False
34.0,33.0,22.945236117027065,13.70253311576527,1597.5,False
-3.0,8.0,23.280047371073934,14.34276385612546,3495.0,False
-2.0,31.0,24.86419793595542,14.336204339216152,5277.5,False
33.0,33.0,24.844403138816865,16.413825872956238,1655.0,False
28.0,-27.0,22.923356720867343,17.123314321413847,2402.5,False
25.0,-1.0,22.895636812729826,16.509497342659976,1885.0,False
-30.0,1.0,24.354777559853805,17.456144497645997,1712.5,False
14.0,-21.0,22.901478314803022,16.685781109637254,2460.0,False
-14.0,-4.0,23.465188632127287,13.731694453671832,1770.0,False
-9.0,30.0,22.969195195290276,14.266700381682274,2805.0,False
-11.0,26.0,23.369163316501076,16.248071583353372,2690.0,False
-33.0,-8.0,25.269484329392103,14.37737634706813,1540.0,False
5.0,24.0,24.303551919292808,16.436664653988263,2402.5,False
19.0,27.0,24.415303190282735,16.752038236769,1712.5,False
-3.0,-5.0,24.567551241718576,13.813194592910255,3035.0,False
-7.0,-27.0,25.569385201983497,14.864669148720179,2345.0,False
23.0,-26.0,24.085832972089673,17.280809623361296,2172.5,False
-13.0,-14.0,24.397681526176992,15.22927539495153,1885.0,False
17.0,-17.0,25.994098871120833,15.53976106374248,2000.0,False
-11.0,-21.0,23.380539257730575,15.45277506137216,2057.5,False
-19.0,-18.0,22.726393151553985,15.475555712561029,1770.0,False
6.0,27.0,24.322522246030417,14.615710935083289,2287.5,False
32.0,-3.0,25.88111805164001,17.427710337588394,1827.5,False
4.0,-12.0,25.356848876824877,13.609278837713934,2862.5,False
33.0,-22.0,25.58048239777461,15.48367329006523,1827.5,False
-1.0,-14.0,22.023021409294714,16.787432854458018,2977.5,False
-10.0,-26.0,22.02555150788735,16.31079355327327,2230.0,False
-7.0,-10.0,24.29302430083275,15.759146440686377,2287.5,False
10.0,-16.0,25.266189331612534,13.578262737864195,2115.0,False
-27.0,16.0,25.92438792204032,15.416191988196175,1712.5,False
-31.0,-26.0,24.654034497026615,15.21596332575723,1597.5,False
-24.0,-26.0,24.275764453729888,16.02062676990422,1712.5,False
25.0,7.0,25.425534913596202,14.234638906394899,1712.5,False
23.0,29.0,25.898834773098812,15.047529657834783,1655.0,False
-1.0,12.0,23.49192327075508,13.69875830572943,5737.5,False
3.0,-12.0,25.265078687032695,15.975078626177725,7347.5,False
8.0,32.0,24.89834531211435,14.164837249707404,2057.5,False
-3.0,-25.0,25.842660546181882,15.46226635696051,2575.0,False
-21.0,-16.0,24.776808201824082,13.774176698144863,1655.0,False
18.0,17.0,23.862059621595833,14.656078903457386,1712.5,False
22.0,-28.0,24.12086871409987,17.235421630772983,2172.5,False
25.0,20.0,22.331365242638007,14.535379959011795,1655.0,False
-33.0,15.0,25.193216740219576,17.075123588668596,1827.5,False
31.0,19.0,22.611929603674646,14.4203059172861,1655.0,False
-27.0,-3.0,23.885472879485164,14.10338306056329,1597.5,False
15.0,-35.0,23.280212062523493,16.34315852386851,2517.5,False
33.0,-7.0,22.495061073831344,15.982978246970784,1885.0,False
26.0,-29.0,24.444212620195813,16.269031941381574,2000.0,False
2.0,-11.0,25.279347831703188,13.882851658690655,11200.0,True
-30.0,-32.0,22.781609153513187,14.120667057754842,1597.5,False
-1.0,-13.0,23.86328661445156,13.646136817377132,3207.5,False
-9.0,13.0,25.581944793471667,14.92207441225146,2172.5,False
-24.0,10.0,23.748958901005448,16.26979188658516,1827.5,False
-10.0,5.0,24.628817907752772,15.850504353095403,2057.5,False
-26.0,14.0,25.161854337015022,16.69536566857208,1827.5,False
-27.0,-16.0,25.557895432008156,17.158242274833928,1712.5,False
-4.0,14.0,25.945629795169243,14.645318481233566,3322.5,False
30.0,-30.0,23.46971104959585,17.30041300385053,3495.0,False
-31.0,-24.0,24.863353582704434,15.243246755799607,1597.5,False
-16.0,-9.0,22.936607312588205,16.895591083805616,1885.0,False
29.0,-16.0,24.364177809119287,15.642515282510608,1885.0,False
-13.0,-22.0,22.168089905114186,13.966854105340627,1885.0,False
10.0,20.0,23.58155166242499,17.233585101369957,2000.0,False
22.0,3.0,24.307115653708912,16.950992251641303,1827.5,False
-32.0,-3.0,24.226646466164084,15.976505102920349,1655.0,False
-20.0,30.0,22.509489457861974,13.91565037629767,1942.5,False
14.0,6.0,25.393314521091767,14.705727509963769,1770.0,False
-24.0,-21.0,22.948992036667647,17.27176433488417,1770.0,False
-10.0,-20.0,25.977793411235613,14.988713939983098,2057.5,False
33.0,-0.0,23.98864233677588,15.007188933306828,1770.0,False
-29.0,25.0,23.600693839009566,15.626848156176905,1827.5,False
26.0,-19.0,24.77702757872511,16.92883978137107,2000.0,False
-20.0,28.0,22.66407221983013,15.6141355848135,2057.5,False
-26.0,26.0,23.587351313608924,16.38037122068643,1942.5,False
28.0,-34.0,25.685105955154338,15.3537147143808,3380.0,False
-4.0,23.0,22.11382646558725,15.333197202732135,7577.5,False
2.0,-15.0,25.24264186781723,16.328150240779678,6657.5,False
-28.0,7.0,25.43796565541502,15.845180968142037,1712.5,False
-16.0,15.0,24.55299755444698,16.484240856057827,2000.0,False
-4.0,34.0,23.204489580044967,16.803279255681268,6255.0,False
24.0,24.0,22.145798589601128,14.545744395189875,1655.0,False
-29.0,-6.0,22.290206108769073,14.442600801457312,1597.5,False
-21.0,28.0,23.09854350588973,14.824766209607835,1942.5,False
33.0,6.0,25.01102645128894,15.430763350226867,1712.5,False
32.0,30.0,23.57527101203049,14.98858249276169,1597.5,False
26.0,-21.0,22.390764978044643,15.909975017265614,2000.0,False
-0.0,32.0,24.82867357185282,15.11960695638041,3380.0,False
-4.0,-21.0,23.638329478823493,15.579597254050901,2460.0,False
-20.0,10.0,24.410345368000133,14.835001385279751,1770.0,False
24.0,-8.0,24.872120930528666,15.96116086385954,1885.0,False
1.0,17.0,25.21252548637527,17.21161211388694,2920.0,False
-18.0,34.0,25.878064035509347,13.924057546081322,1885.0,False
18.0,21.0,22.178742874023467,16.009076745240062,1712.5,False
-30.0,-35.0,24.97433744882613,15.698756015435077,1597.5,False
23.0,29.0,23.7007767024025,16.240630071101798,1655.0,False
-19.0,30.0,22.269544458003562,14.488627555191375,2000.0,False
13.0,30.0,23.990261521998338,14.795891454179186,1712.5,False
-5.0,-1.0,24.09681698831246,16.946109827048634,2632.5,False
-4.0,-13.0,24.600586836723263,14.335766310424162,2747.5,False
30.0,-2.0,22.371060513930303,14.078446871575935,1770.0,False
-2.0,-24.0,22.02858212947558,14.11235658669224,2690.0,False
3.0,21.0,23.775127506587403,14.430516296401827,2575.0,False
-8.0,9.0,24.351513699788878,14.352530368602963,2115.0,False
-15.0,-14.0,25.422992714627124,16.15995866382599,1885.0,False
-11.0,-24.0,25.00021651076846,13.599706704216423,1942.5,False
17.0,-29.0,23.68902132552278,16.899563177501868,2345.0,False
11.0,-4.0,25.45552004784971,17.312497385487617,2115.0,False
-31.0,-32.0,24.187289004961247,17.17415767481156,1655.0,False
28.0,15.0,23.341746049306792,17.00691568395123,1770.0,False
-28.0,34.0,23.59366308640009,14.126257730187621,3265.0,False
-20.0,-4.0,23.942672285267072,13.629873154313414,1655.0,False
9.0,-27.0,23.071798221463393,14.003853501259567,2632.5,False
-7.0,-10.0,22.721110883873276,13.958863582156447,2230.0,False
-22.0,-30.0,25.848283177981408,14.50246929028949,1655.0,False
4.0,-5.0,23.54194366389075,16.584371002673468,2977.5,False
-11.0,-33.0,23.237950007145777,15.306257804189041,2172.5,False
23.0,17.0,22.52055137086213,13.863470276553747,1655.0,False
33.0,29.0,23.34232925665038,14.42207849323778,1597.5,False
-34.0,-26.0,24.580785639454202,17.25671618824418,1655.0,False
-21.0,12.0,23.869850136737874,13.547600938686571,1712.5,False
-34.0,-11.0,24.134065153099606,15.69605413130271,1597.5,False
30.0,2.0,23.06384050225136,16.8926866202751,1827.5,False
23.0,29.0,22.06702860670747,14.359939339548259,1597.5,False
9.0,19.0,24.345013021414836,14.620096395908517,1942.5,False
27.0,-1.0,23.050351011053966,16.936865685212023,1885.0,False
-9.0,2.0,23.417465799299357,13.999585379623355,2000.0,False
17.0,-23.0,22.53036093057921,17.474888945317026,2460.0,False
-2.0,-15.0,22.836279597541527,13.646846552731224,2805.0,False
-6.0,26.0,22.07470570936248,16.71044072616731,6197.5,False
-2.0,-6.0,22.211409208608263,15.770460778497155,3380.0,False
3.0,-32.0,22.688434380211383,14.392019173890588,5795.0,False
-22.0,-8.0,23.540893614071877,14.695741516329488,1655.0,False
-30.0,-22.0,23.24117816221261,14.078308827770147,1597.5,False
-21.0,-8.0,25.45264917228644,15.27407827086256,1655.0,False
25.0,-20.0,23.518583504603228,13.864811956624521,1827.5,False
15.0,24.0,25.954238761732192,14.950710578479,1655.0,False
-3.0,27.0,23.495939077071665,13.784032672888657,7750.0,False
4.0,-28.0,23.464005182762538,14.67045231829194,6772.5,False
-6.0,32.0,22.18144341276469,14.851912439200438,5105.0,False
-23.0,12.0,23.58020954367398,14.756379903413636,1770.0,False
-22.0,34.0,23.174770919086594,13.809317537408592,2000.0,False
8.0,7.0,23.67632886833666,17.343999206705426,2115.0,False
-11.0,35.0,23.383643388917346,17.46745700323693,3322.5,False
28.0,13.0,23.891935222465797,15.897319128444169,1712.5,False
11.0,-13.0,24.364163697635753,16.73740642118392,2345.0,False
17.0,-22.0,25.43134499659204,15.993268798842866,2115.0,False
30.0,34.0,25.22798011158293,14.42510444580154,1597.5,False
-26.0,-3.0,23.41400293331261,15.009733445933302,1655.0,False
-30.0,-13.0,22.458270998639918,13.937577617930321,1540.0,False
9.0,7.0,25.62829819888655,14.05419282421585,1885.0,False
25.0,-18.0,23.77292517470171,16.654720842984617,2000.0,False
22.0,-1.0,23.35530491729967,17.404344049827863,1942.5,False
12.0,-34.0,23.732157436944064,14.82200758441445,2460.0,False
-20.0,35.0,23.489672875427356,17.1359073515519,3725.0,False
5.0,-14.0,25.61424988512671,16.678456952314384,3495.0,False
18.0,5.0,22.20229100552483,15.254628542441854,1827.5,False
-34.0,-31.0,23.689056715590446,13.706646815347192,1540.0,False
13.0,-33.0,23.440905045656155,16.719421455903184,2747.5,False
-10.0,-5.0,25.354631060658047,15.23451710344005,2000.0,False
-14.0,21.0,22.081941562451235,17.106777865668807,2517.5,False
22.0,1.0,24.56904833645846,13.930835265873279,1712.5,False
-17.0,-33.0,23.811506685949823,16.90439872687015,1885.0,False
-33.0,33.0,24.01305980732399,16.227005895160374,3207.5,False
-17.0,16.0,22.915821733975726,15.640162674348966,2000.0,False
-9.0,14.0,25.50204538192571,16.886315341944844,2402.5,False
4.0,28.0,22.92122959678336,14.764964591573271,2345.0,False
-21.0,21.0,25.913375241977796,14.261593171397582,1770.0,False
3.0,17.0,22.531425033520268,16.927469490796955,2632.5,False
-6.0,9.0,24.16303455528217,16.560069804046943,2632.5,False
-23.0,30.0,24.99996773576074,14.518432006512064,1827.5,False
21.0,-10.0,22.62393692800618,16.92087278325325,2057.5,False
-3.0,16.0,24.73384145814904,14.615254814597291,9072.5,False
20.0,33.0,22.422843987997283,17.023009303948953,1655.0,False
20.0,-33.0,23.862111935918804,16.111745830798522,2172.5,False
31.0,30.0,22.301346482827885,13.66295399269231,1597.5,False
29.0,-13.0,23.473675922898547,13.847069602823712,1770.0,False
28.0,-10.0,25.11383904693812,16.620609920082153,1885.0,False
0.0,30.0,23.584714410414875,15.87119145094844,3207.5,False
8.0,0.0,24.384004190218825,14.908535285752071,2057.5,False
-6.0,21.0,25.34300283596828,14.180567871759843,2862.5,False
-32.0,12.0,24.789409791776123,14.804985344387697,1655.0,False
-7.0,-19.0,25.477802257528325,16.251896151914416,2460.0,False
17.0,18.0,25.337770685934878,14.775480315296413,1712.5,False
-5.0,21.0,22.02593970157085,15.9743270837296,7290.0,False
-20.0,-20.0,24.33316761375553,13.806136685506008,1655.0,False
30.0,-18.0,22.51409195621015,14.167181689790052,1827.5,False
-29.0,-20.0,22.938828589214282,17.220617222097744,1712.5,False
27.0,8.0,22.152165676367858,17.037980228266786,1827.5,False
-15.0,-26.0,22.654561233032627,14.146111324856182,1827.5,False
-10.0,-25.0,24.12692663808535,15.666182946230059,2172.5,False
-34.0,8.0,22.73000952441502,15.394782380412162,1712.5,False
-32.0,18.0,24.594386400235976,16.389502469245,1827.5,False
29.0,-13.0,24.827265991737434,16.499123702990723,1885.0,False
-27.0,-8.0,24.856216420435594,17.122330383416934,1712.5,False
-13.0,-4.0,22.788729204482173,15.15412821679123,1885.0,False
15.0,35.0,23.56653816877104,16.673428911814543,1712.5,False
-12.0,-8.0,23.10690621194664,13.635181846903878,1885.0,False
-10.0,26.0,24.791604207340974,14.473549374659452,2345.0,False
-10.0,-13.0,22.665264485053076,14.570202474289761,2057.5,False
8.0,-32.0,25.14526576733851,16.391533271904024,3552.5,False
4.0,-21.0,24.826491717737017,14.757974046493608,6312.5,False
15.0,6.0,23.773268435670985,17.37503312985357,1885.0,False
29.0,13.0,25.397114371469304,14.194169012710386,1655.0,False
10.0,-4.0,22.852434420809526,17.406485781432604,2287.5,False
-11.0,15.0,24.29181276287658,13.730908652708594,2000.0,False
-6.0,24.0,25.386915851411477,17.300676424759917,5105.0,False
3.0,-32.0,24.684584565837113,15.996039957342623,5565.0,False
30.0,-14.0,24.87259415425323,17.35480082779114,1942.5,False
-1.0,-18.0,22.26662971396262,14.693002238513639,2977.5,False
-28.0,-12.0,22.07989532053076,14.703615700878277,1597.5,False
0.0,12.0,25.362470162198633,15.498610476896403,3725.0,False
-30.0,19.0,25.29130094774387,16.709070993164204,1827.5,False
20.0,-19.0,23.597845876185477,16.851344700621873,2115.0,False
-29.0,16.0,25.720147153078248,16.30865010046487,1770.0,False
16.0,-16.0,23.53346228772925,16.88904975927262,2230.0,False
-32.0,-4.0,22.4194872843442,15.672797910629932,1655.0,False
-1.0,34.0,25.874181925300512,14.430819353277055,4357.5,False
-22.0,2.0,22.17978952306424,17.18777393187363,1827.5,False
24.0,28.0,22.728009614804115,17.033361260275402,1655.0,False
28.0,0.0,23.92598173508195,13.722348358877143,1712.5,False
-28.0,9.0,24.688427346747307,16.246609363949375,1770.0,False
-1.0,2.0,24.9702590125436,17.057141176775122,5795.0,False
6.0,23.0,25.512423076088247,15.708700454313055,2287.5,False
-25.0,-21.0,25.76484110351653,17.403537003893433,1712.5,False
-32.0,7.0,23.182868017712735,16.508128324774052,1770.0,False
-9.0,-1.0,25.62139027882182,16.489392644768493,2115.0,False
9.0,8.0,23.827866794546516,17.126793311356497,2000.0,False
-29.0,20.0,24.469190581719726,16.04858849633038,1827.5,False
-5.0,26.0,23.384777314991595,14.023543386018499,4875.0,False
-33.0,26.0,25.556035658054842,16.7858835256545,1827.5,False
6.0,-25.0,22.298605171010127,16.89113760357659,6255.0,False
-29.0,25.0,23.589311107928918,17.054643081351543,1942.5,False
18.0,-26.0,24.952563496300986,13.563216357765734,1885.0,False
14.0,9.0,24.36325670538827,16.327759472947292,1827.5,False
-9.0,9.0,23.86745662929621,14.18416936987331,2057.5,False
-2.0,-28.0,23.681577758715076,14.095180559202984,2690.0,False
19.0,-19.0,22.704383573730432,14.038468926405521,1942.5,False
-4.0,13.0,25.76993674000847,17.030564322536176,4530.0,False
-13.0,-26.0,25.33673413189505,16.173867568676897,1942.5,False
5.0,-22.0,22.075811479550794,14.812520603487513,6600.0,False
-22.0,15.0,24.544671561697964,13.64193173601087,1712.5,False
-26.0,-4.0,23.413655380986448,16.054607304165902,1655.0,False
4.0,13.0,24.824526588467805,15.235210019969083,2632.5,False
-5.0,17.0,24.354412611203383,14.715275932722317,3437.5,False
-34.0,-27.0,22.889491692951992,14.16118189560486,1540.0,False
-20.0,-4.0,23.605905981833782,13.882137272575463,1655.0,False
2.0,-7.0,23.158204664170878,16.031798892392175,11200.0,True
27.0,22.0,24.664493178770336,14.45578612650954,1655.0,False
24.0,-11.0,23.353899349406475,16.279884776740918,1942.5,False
-13.0,9.0,24.71730148606114,17.0557126015954,2057.5,False
-21.0,11.0,24.548136800703215,16.05987297269227,1827.5,False
8.0,-26.0,24.68442565386042,17.422865363536047,3955.0,False
31.0,2.0,23.02425691517019,14.516665952383374,1712.5,False
-32.0,15.0,24.5118365529999,13.721286931201654,1655.0,False
-19.0,19.0,22.853090558650898,15.641885705041819,2000.0,False
-18.0,7.0,22.194629942439782,15.182099255081392,1827.5,False
31.0,13.0,23.716674225765498,14.751283432461248,1655.0,False
19.0,-19.0,24.36437292283408,16.52833936558919,2115.0,False
20.0,-11.0,25.117903886846047,14.826423749364805,1885.0,False
-3.0,-6.0,24.804642289105374,14.613319927089211,3092.5,False
4.0,12.0,22.722611442223013,16.453422623188857,2690.0,False
-34.0,11.0,25.730126555002144,13.633980099592431,1597.5,False
-0.0,32.0,23.10366254587398,13.655383221750263,3380.0,False
27.0,26.0,22.347418355038705,14.881111157016763,1655.0,False
-35.0,28.0,22.06528053814219,16.427824748699685,2000.0,False
-33.0,29.0,24.10220910633395,15.477770477231275,1827.5,False
-14.0,-19.0,24.1986610028181,17.026305363415656,1942.5,False
16.0,-0.0,23.260242759660994,14.716505637288439,1885.0,False
31.0,16.0,23.87623363644403,16.003808989850338,1712.5,False
-1.0,1.0,24.089980975723762,16.189213156878722,5220.0,False
-19.0,-5.0,23.558686773010518,14.340657311335464,1712.5,False
18.0,-25.0,25.962705617596797,14.883149379450836,1942.5,False
-13.0,21.0,24.719544384778427,15.035393512209776,2115.0,False
-22.0,12.0,22.93166899424953,16.887185483666627,1942.5,False
-34.0,32.0,23.771294034880242,16.48231938144785,3207.5,False
-7.0,24.0,24.708642491136853,14.037916799418422,2747.5,False
-17.0,-22.0,24.004731747171686,15.574350439069793,1827.5,False
-31.0,14.0,23.16276787682485,15.676476525454532,1770.0,False
31.0,-13.0,25.72695881586403,15.44433416656292,1827.5,False
-13.0,10.0,23.11859602466279,17.098855161614477,2115.0,False
31.0,-17.0,23.072195551086896,16.187790693561254,1942.5,False
-30.0,-21.0,24.10211096286727,14.072732190100448,1540.0,False
-4.0,-11.0,25.477411451357476,16.737299568846087,2862.5,False
-28.0,-12.0,25.70754856203265,15.086981161462328,1597.5,False
1.0,1.0,22.38013502346046,17.261416264988842,4702.5,False
-3.0,-27.0,25.449472906234636,17.240899454968,2575.0,False
-7.0,29.0,23.6550481303686,15.449948409686346,4070.0,False
-23.0,0.0,23.087071533943476,15.070045266377377,1712.5,False
17.0,-17.0,24.538850615033837,13.760281943125236,1885.0,False
22.0,-27.0,23.13498190753122,15.260990460366287,2000.0,False
29.0,10.0,25.52507112867371,15.921624596719475,1712.5,False
-33.0,9.0,22.36973110471557,14.369034422007406,1655.0,False
-12.0,5.0,24.883240322345028,15.295533554030753,1942.5,False
7.0,7.0,22.494656042681342,14.85223196838978,2115.0,False
24.0,-32.0,22.804618911204816,14.925011744330028,2000.0,False
-20.0,-17.0,25.59568507676116,16.744017126778274,1770.0,False
-2.0,-12.0,24.11746824505711,15.532288366376342,2977.5,False
-8.0,34.0,22.704909559630316,17.320983159284694,4702.5,False
16.0,1.0,22.339769835379975,17.410395150073402,2000.0,False
10.0,-28.0,24.579937601265726,14.250702811058217,2402.5,False
12.0,10.0,22.952266331704635,15.784434101456315,1827.5,False
6.0,8.0,22.71799301062332,17.199792954182165,2345.0,False
-18.0,-34.0,23.099647622881008,15.48957963364991,1827.5,False
-28.0,-29.0,25.72079078993232,13.939072732155303,1540.0,False
8.0,-16.0,23.198064028925213,17.09543108872635,3150.0,False
15.0,-3.0,24.460874566519376,15.7925858358902,1942.5,False
-25.0,22.0,25.591746532207427,15.189504612256052,1770.0,False
-8.0,-30.0,23.277712493038603,16.243968390035977,2230.0,False
-0.0,17.0,22.460579299338242,15.492957929922254,3322.5,False
18.0,31.0,22.62606932017171,14.375704052952234,1597.5,False
11.0,34.0,25.51266022706301,14.753656298837061,1827.5,False
31.0,32.0,25.051528267817012,13.56599507428647,1540.0,False
-5.0,-18.0,23.364617315571905,14.30091249379723,2517.5,False
-27.0,11.0,22.810963297417924,16.14060814475663,1827.5,False
1.0,-30.0,23.744048517712393,14.348660692709158,3840.0,False
31.0,-8.0,22.57298484176342,15.25874860035785,1827.5,False
-14.0,6.0,22.546094388109506,13.790904865315975,1827.5,False
9.0,-23.0,22.1711563447108,15.289391132335835,3035.0,False
33.0,6.0,22.623436727514157,15.506269433138616,1770.0,False
17.0,24.0,25.97990697248073,17.04866685422373,1712.5,False
-25.0,-28.0,22.037368754047396,14.1794117030708,1655.0,False
-1.0,34.0,24.666539055885032,17.245570350898724,3552.5,False
26.0,10.0,22.488853040346704,16.18977882406926,1770.0,False
-8.0,-35.0,22.03086059071884,13.8996433035861,2115.0,False
34.0,26.0,24.360967204792775,13.631239431633873,1597.5,False
-20.0,-6.0,25.330207950972962,16.154861803166654,1712.5,False
-34.0,18.0,23.320485506256226,16.60043126364508,1885.0,False
-24.0,28.0,24.54916561034414,16.162763187828045,1942.5,False
6.0,31.0,23.126834000111003,15.672538834299878,2230.0,False
-9.0,-13.0,25.969198176108666,15.84132582831189,2115.0,False
-2.0,13.0,22.412846938093182,14.788164798454185,7117.5,False
-2.0,20.0,24.258717014109145,15.295260457535404,5565.0,False
22.0,27.0,22.908503882533,16.106241366624925,1655.0,False
-2.0,33.0,22.761276595852923,16.702447516881584,3840.0,False
7.0,-8.0,23.011854619051775,14.239197493772036,2345.0,False
-7.0,12.0,22.233700976127935,16.325186097134196,2920.0,False
-25.0,-7.0,25.928226634348977,15.993127473479511,1655.0,False
-29.0,27.0,25.41229435733986,14.336806348564988,1712.5,False
-24.0,-33.0,24.033072896205663,16.135677227924997,1712.5,False
17.0,-29.0,23.09547679348978,17.273255585581424,2460.0,False
0.0,21.0,23.076612251669463,14.315987570777677,3380.0,False
-26.0,-6.0,25.629335655701606,15.378778047701571,1597.5,False
23.0,-16.0,23.643067142093454,16.665144437098423,2000.0,False
23.0,22.0,23.140149149151238,14.034019371516095,1655.0,False
-7.0,-26.0,22.621557115054912,14.008393478389477,2287.5,False
25.0,20.0,23.051593077793864,17.062587965860153,1712.5,False
-10.0,-28.0,22.879900116295346,15.826573868241006,2230.0,False
16.0,26.0,25.985299757545036,14.976649934894088,1655.0,False
35.0,-4.0,25.125326378711087,16.06971373777432,1827.5,False
-9.0,-16.0,22.900140967018135,16.401136643701417,2230.0,False
-29.0,9.0,24.331355735914475,17.0450591676098,1770.0,False
-9.0,-31.0,24.04810595061195,16.691451686959052,2230.0,False
-28.0,-2.0,23.897097625153602,15.430168796322112,1655.0,False
-4.0,2.0,23.25572559197805,15.77300084969611,2805.0,False
33.0,8.0,24.176651531974837,17.404386023484005,1770.0,False
-1.0,-14.0,23.399675492550006,13.97905512850453,3150.0,False
-10.0,-18.0,24.970118065278946,14.564581765111518,2000.0,False
29.0,-22.0,22.994868870587705,15.600326285858495,1942.5,False
-32.0,-33.0,25.17791779671143,15.41421453658731,1597.5,False
34.0,-12.0,23.10182477441802,16.202347054947985,1885.0,False
2.0,-16.0,22.445443132411526,13.94649776767644,6542.5,False
-11.0,29.0,22.84632497378118,16.75730602684767,3092.5,False
24.0,14.0,24.01034283082869,15.077107459471911,1712.5,False
23.0,-7.0,22.20560156037303,13.563078409978578,1770.0,False
-27.0,13.0,22.189773969689725,15.931196162647506,1827.5,False
-9.0,-3.0,24.945386409698976,14.046851926989449,2000.0,False
13.0,18.0,24.36208314265651,16.14608187429939,1770.0,False
-17.0,19.0,22.22403982186485,14.84099638186339,2000.0,False
-11.0,13.0,23.071805627582236,14.237965301416512,2057.5,False
-30.0,13.0,25.72851511173842,13.847710505366072,1655.0,False
29.0,13.0,25.923370153397048,13.758133203024624,1655.0,False
-34.0,-31.0,24.286227180591855,14.659582345390483,1540.0,False
-1.0,14.0,24.447071363395704,13.67639782879559,5622.5,False
-32.0,-31.0,25.12720291218969,16.341284989754804,1655.0,False
-12.0,5.0,22.805517968627854,16.00776320935883,2000.0,False
-20.0,1.0,22.482720542562255,15.090770557114698,1712.5,False
30.0,21.0,23.028602327341197,16.203109771097488,1712.5,False
-23.0,21.0,22.592086418825282,13.642571050736986,1770.0,False
5.0,-2.0,24.195169695869367,15.054808090320826,2460.0,False
24.0,16.0,24.140835396644707,14.387688661970538,1655.0,False
-4.0,31.0,23.39224783744469,15.383812133870904,6485.0,False
-28.0,2.0,25.714017755233527,15.850415237831704,1655.0,False
3.0,31.0,24.746516101098564,15.615956822128103,2402.5,False
-3.0,13.0,22.764381520217484,14.949949951995304,10740.0,False
-4.0,-3.0,22.044992931744538,14.43121159647328,2747.5,False
-28.0,-26.0,25.30945828088432,13.65548608358519,1540.0,False
-18.0,3.0,23.41202729544851,17.20458966865916,1885.0,False
-20.0,-30.0,23.377130005050915,15.902871860935308,1770.0,False
4.0,4.0,23.440475987146268,16.811830855860944,2690.0,False
-4.0,1.0,24.195693874870763,14.615806639640418,2690.0,False
-15.0,-22.0,25.166341759251367,14.696858503843652,1827.5,False
-4.0,-26.0,22.55009307592211,13.681711297211951,2345.0,False
-33.0,-10.0,22.905392654015227,16.250364635410865,1655.0,False
8.0,-4.0,25.890637792378197,17.30151705537565,2230.0,False
-3.0,-28.0,25.659983191515483,15.597861743590606,2575.0,False
-29.0,-19.0,22.731443114563884,16.88356771232525,1712.5,False
15.0,2.0,23.789961370855146,16.34055758159441,1942.5,False
-22.0,18.0,24.346383332132824,14.140244203198126,1770.0,False
30.0,-6.0,24.199985788108386,15.264985889835632,1770.0,False
25.0,-21.0,22.973706380458516,17.051701347306793,2115.0,False
-31.0,9.0,25.343942907827156,13.617415549184553,1597.5,False
14.0,21.0,22.119662375205355,15.648813268253782,1712.5,False
18.0,-7.0,25.841277256493715,16.03543486232052,1942.5,False
-14.0,-28.0,25.312177422068064,17.47007077488412,1942.5,False
-28.0,7.0,22.378415319195277,15.705424689676565,1770.0,False
24.0,-12.0,25.490677002458277,14.321897715457299,1770.0,False
2.0,-34.0,22.60853883962829,13.744172210627715,4702.5,False
-11.0,33.0,23.78639438682807,14.313626607069615,2402.5,False
-22.0,-30.0,23.663452483733774,15.436965721442801,1712.5,False
-26.0,16.0,23.798334825104618,16.488971686131457,1885.0,False
21.0,15.0,24.137764853359908,14.623295249131615,1712.5,False
17.0,15.0,25.750178595314786,13.833314569540317,1655.0,False
-2.0,29.0,24.134515725146397,15.211376594804982,4760.0,False
-31.0,19.0,24.392287751134578,13.551206845062774,1655.0,False
6.0,-26.0,25.644241289215092,13.649773037382706,2920.0,False
-7.0,22.0,24.086469339297302,16.755447556690825,3955.0,False
15.0,-5.0,23.184904078101027,14.184059513152135,1885.0,False
20.0,-13.0,25.218319720101217,15.482393021017742,1942.5,False
-23.0,19.0,25.049022719384798,16.851639552759355,1942.5,False
-26.0,-31.0,22.651779773303932,15.265228139235187,1655.0,False
34.0,-21.0,23.341093022173126,16.279244384868118,2000.0,False
14.0,-1.0,25.25347475832616,13.542812452456214,1827.5,False
-33.0,-4.0,24.428000606857616,14.808251838314039,1597.5,False
15.0,31.0,25.602542015160616,14.446800808111215,1655.0,False
12.0,-22.0,22.24394924404773,16.86921194599982,2805.0,False
6.0,13.0,24.15202162340072,14.081241798530506,2230.0,False
2.0,-1.0,22.8845927357856,16.49912455564037,3610.0,False
27.0,-31.0,22.311185007041175,15.025078656645348,3495.0,False
-6.0,16.0,22.972152295402992,17.339077582813964,4760.0,False
16.0,-34.0,23.015649346316007,14.773850787134663,2230.0,False
-30.0,34.0,25.078668155698285,16.397704909345308,3322.5,False
24.0,-4.0,25.316308209734267,15.995153564640203,1827.5,False
25.0,-7.0,24.438340424348866,16.171919690140133,1885.0,False
29.0,1.0,25.626888418988067,17.105505285141373,1827.5,False
-34.0,-28.0,25.698327558869522,16.78356225492653,1655.0,False
3.0,13.0,25.256607236261306,14.227293525138812,2862.5,False
-22.0,33.0,25.34999673276216,15.390168068441563,2057.5,False
12.0,12.0,23.974309903988615,15.124801603595103,1770.0,False
-22.0,-15.0,22.460988179464128,15.713364579116742,1712.5,False
25.0,-29.0,25.995499282165195,14.390775141541077,1827.5,False
-4.0,-6.0,22.3339013115847,17.173001941879104,2920.0,False
-13.0,-13.0,24.05855467232324,15.252985213836315,1885.0,False
9.0,15.0,22.627169485886913,14.246638325821364,1942.5,False
28.0,-29.0,22.689294574868107,13.99365297838741,1942.5,False
10.0,-22.0,24.34740469494592,14.792405936181307,2402.5,False
-15.0,20.0,24.51802281277934,15.716165775239533,2057.5,False
2.0,-25.0,24.871244010870374,16.984250899012864,4415.0,False
19.0,28.0,24.91508020046976,15.193968224146541,1655.0,False
-10.0,21.0,24.588656532798023,14.380421155866618,2230.0,False
31.0,-13.0,23.34879452287125,15.827426996654363,1885.0,False
-25.0,-28.0,24.506738297715543,16.10712771108972,1712.5,False
-21.0,4.0,23.562789988322688,14.579344032226382,1712.5,False
-10.0,-5.0,24.44469777107841,15.988643985503218,2057.5,False
-32.0,-22.0,24.544898539000854,15.94712624214951,1597.5,False
16.0,-9.0,25.92539363348931,14.954094611094845,1885.0,False
22.0,-2.0,24.6027698699097,16.62551261613865,1885.0,False
-27.0,-17.0,23.711919469118328,17.124046666507706,1712.5,False
29.0,-17.0,24.74451510488086,14.00916272179971,1770.0,False
-8.0,5.0,22.519795621491287,17.326624305016082,2402.5,False
32.0,4.0,25.147198559629686,17.134158957958583,1827.5,False
-17.0,-17.0,22.8449582847249,14.04377531890804,1770.0,False
-23.0,31.0,22.77030182043798,16.56893232517572,2115.0,False
14.0,-33.0,24.804429541776393,14.946782939680446,2230.0,False
-32.0,-18.0,24.522811289215547,14.598787681173064,1540.0,False
-10.0,-33.0,23.30588279407135,15.68273109589557,2172.5,False
-24.0,14.0,22.68222742780139,13.555982564585129,1712.5,False
30.0,27.0,24.160750674867334,16.757899395635906,1655.0,False
-13.0,-20.0,23.596049496958166,13.505732841291321,1827.5,False
11.0,16.0,23.93944459647556,17.19256810750657,1885.0,False
-22.0,16.0,23.03723536644263,16.28604265107611,1942.5,False
1.0,11.0,22.223458438032214,15.319537107053435,3207.5,False
-27.0,-28.0,25.192112247988096,13.723339248951195,1597.5,False
-23.0,20.0,22.986540815003018,13.636153516977117,1770.0,False
-33.0,-11.0,22.890758384647945,17.446027432726183,1712.5,False
-1.0,-21.0,22.394010167176205,14.518872709585004,2920.0,False
10.0,-5.0,24.68328242205328,14.656716354805122,2000.0,False
30.0,-20.0,24.010858871919353,17.443080846210417,2057.5,False
34.0,32.0,22.37933501284083,14.289325887533368,1597.5,False
14.0,-22.0,25.635495555806973,13.655701375198614,1942.5,False
10.0,34.0,22.905095472113107,17.23345955116231,2000.0,False
-30.0,22.0,23.952286031897195,15.516829920271308,1827.5,False
34.0,-31.0,25.85987021025519,16.607406366010817,3322.5,False
-18.0,27.0,23.465793452853898,13.975341946742446,1942.5,False
-11.0,15.0,23.641746596615338,15.766727170135674,2230.0,False
8.0,-15.0,22.594358609151307,15.615719922226926,2747.5,False
2.0,-21.0,23.55599673661201,13.901269309133793,5967.5,False
-19.0,32.0,23.373316732790446,16.45023116370074,2172.5,False
-4.0,-4.0,22.248048131168854,17.343632396708234,2920.0,False
20.0,26.0,23.693585341744594,16.61911149205589,1712.5,False
-1.0,-3.0,23.648684482604416,14.030912494092904,4300.0,False
-3.0,-0.0,22.442049520576656,17.220275336454513,3265.0,False
31.0,32.0,23.155063272475854,13.967153053244324,1597.5,False
-11.0,-30.0,23.422937726907612,17.02522906185987,2230.0,False
10.0,-34.0,23.475075978911416,15.683425416038967,3035.0,False
-4.0,-19.0,23.3197272878753,17.190443472933403,2517.5,False
2.0,14.0,22.221662446415316,17.292459375554056,2862.5,False
-32.0,32.0,24.658778669251312,17.148470965570443,3322.5,False
17.0,5.0,22.444734195734675,16.955583429915848,1885.0,False
-33.0,25.0,22.853779932578867,15.351354391341879,1827.5,False
-32.0,21.0,25.125910555592434,16.76492392962972,1827.5,False
-13.0,26.0,22.07839195124221,16.476591059190376,2690.0,False
22.0,-20.0,22.274902529184324,16.404415188338497,2115.0,False
15.0,-3.0,23.523216024375003,17.264901456238665,2057.5,False
-29.0,-28.0,23.27085834506105,15.630304838680315,1655.0,False
-25.0,-10.0,25.223646794643923,13.86968976959728,1597.5,False
-31.0,-4.0,23.37489428342308,15.267672854056705,1597.5,False
-35.0,13.0,22.15565992191059,17.046053264571036,1885.0,False
-28.0,-15.0,23.409860023094843,14.0729072321218,1597.5,False
-23.0,-31.0,22.39221573811417,16.187648219816023,1770.0,False
3.0,33.0,24.51785728843334,16.314451940367558,2402.5,False
-16.0,15.0,25.19813611206644,13.823345094819711,1827.5,False
17.0,28.0,25.61034667058351,16.23349801803024,1655.0,False
-0.0,-12.0,25.54246074006093,17.25272212868416,3725.0,False
-18.0,-28.0,23.29487802912262,14.485181638994082,1770.0,False
15.0,31.0,25.189790389152783,13.62028742881555,1597.5,False
-25.0,-28.0,25.371783424884907,14.596870771590865,1655.0,False
19.0,29.0,25.78064351272761,13.763572483877946,1597.5,False
-28.0,-12.0,22.816426745245384,15.518617294809562,1655.0,False
8.0,-16.0,25.745599034769032,16.04336773964523,2575.0,False
-7.0,3.0,23.69369446773782,14.504085915854013,2230.0,False
-29.0,-10.0,24.844128043287213,15.684304847903004,1597.5,False
-19.0,-21.0,23.825580393315555,16.07479145917275,1770.0,False
24.0,19.0,23.231035024453625,14.66898542984763,1655.0,False
9.0,-0.0,24.527767891127976,14.745969799047367,2000.0,False
-34.0,-19.0,24.753128138100863,17.161608564496365,1655.0,False
-35.0,-6.0,24.348926740292352,15.7600640082665,1597.5,False
24.0,-29.0,25.44255569920403,15.956390254530252,2000.0,False
-33.0,-1.0,24.516979951151384,14.37733479490862,1597.5,False
10.0,22.0,22.707247767989127,13.55101495821727,1827.5,False
-14.0,-18.0,23.814070979369852,13.52241430912473,1827.5,False
3.0,-14.0,23.765338245632705,16.07438691935695,10682.5,False
-17.0,26.0,25.18426029480469,15.066114601770199,2000.0,False
-23.0,-20.0,23.573812690507747,16.102031076628794,1712.5,False
-22.0,14.0,24.750022195110123,16.624345559196897,1885.0,False
-22.0,-25.0,22.8381751778811,16.893031849538275,1770.0,False
25.0,21.0,24.59010787837469,15.475461367381108,1655.0,False
-19.0,12.0,25.407698125219106,14.227037985982626,1770.0,False
-11.0,33.0,24.986130786710277,17.392522915695974,2977.5,False
26.0,15.0,23.16241531707281,14.168047206567302,1655.0,False
28.0,11.0,23.25651265951574,16.30079167072121,1770.0,False
-16.0,-13.0,25.616570213465423,15.679469014738793,1827.5,False
-27.0,-29.0,24.6958204944857,14.815297713246828,1597.5,False
28.0,13.0,24.774595880630663,16.428510245049548,1712.5,False
-13.0,0.0,23.455337046632142,16.31182445307923,1942.5,False
15.0,-13.0,23.247146502400856,16.486293647141665,2172.5,False
17.0,33.0,23.58482011996794,14.720580877673745,1597.5,False
-31.0,1.0,23.285465497079457,14.45210959929508,1597.5,False
-29.0,-22.0,24.052829732278617,15.064332005466444,1597.5,False
35.0,-15.0,22.07712840791063,14.387865793303655,1827.5,False
30.0,-16.0,23.237691149556802,15.91371771429731,1942.5,False
30.0,-12.0,24.25848513054337,13.741909632411382,1770.0,False
4.0,-6.0,25.461358963207097,14.988178245162796,2747.5,False
-1.0,-29.0,25.629201568093798,16.730195224716038,2920.0,False
-32.0,23.0,22.357561337780666,14.42282988080262,1770.0,False
-28.0,11.0,23.989812676923563,17.232309493963037,1827.5,False
-31.0,-23.0,25.199505599073838,13.80505075630471,1540.0,False
-32.0,-34.0,25.4783253904008,13.963039023070818,1540.0,False
-27.0,15.0,23.526245436896318,15.318381820462019,1770.0,False
-22.0,-20.0,25.25400662726333,16.494652943643057,1770.0,False
21.0,-13.0,25.569662141591728,13.74455239360654,1770.0,False
-6.0,-0.0,22.47475062018034,16.506626746327797,2517.5,False
10.0,6.0,24.87109699826447,15.389894131273502,1885.0,False
19.0,-27.0,22.15539215461511,15.164382500035106,2172.5,False
0.0,15.0,24.27975497030096,13.926148561947157,3725.0,False
-14.0,-7.0,23.779997041650212,16.129226221717015,1885.0,False
-31.0,-25.0,23.532426900438267,16.011717512084488,1655.0,False
12.0,2.0,25.937610389578943,14.055998683190115,1827.5,False
23.0,8.0,22.751373899050915,16.60286421499048,1827.5,False
-29.0,24.0,25.42732016324663,15.83407274165421,1827.5,False
5.0,6.0,25.12750770827131,16.121578512699013,2402.5,False
-10.0,4.0,25.98737417457978,14.41599895601081,1942.5,False
32.0,-23.0,23.038925103346017,16.691691929498926,2057.5,False
0.0,-15.0,24.113567259581192,16.655137623414436,3437.5,False
25.0,-25.0,25.66115091043291,15.515533667012175,1885.0,False
-12.0,-22.0,23.146111331065576,15.457750718458227,2000.0,False
30.0,-17.0,24.08634462568776,15.282069755299744,1885.0,False
27.0,25.0,24.22730780786335,16.4034534633844,1655.0,False
30.0,-4.0,25.675142102314062,16.718984929146313,1827.5,False
-12.0,-0.0,24.65594898059898,15.010666156595795,1885.0,False
-14.0,14.0,22.44302580145744,14.554894991174182,2000.0,False
-5.0,-26.0,24.18160791267635,13.808943056785315,2345.0,False
9.0,16.0,22.55150575284469,15.219195277007492,1942.5,False
15.0,-28.0,25.37575945593569,17.17347128848451,2345.0,False
30.0,25.0,25.465124649525873,14.157685291956554,1597.5,False
10.0,-10.0,25.800385125945688,14.844638586478334,2115.0,False
1.0,-29.0,25.551222730484405,13.954974056359212,4300.0,False
9.0,23.0,24.185496320018114,14.370133602907606,1942.5,False
-15.0,-16.0,22.964033912916378,16.86606930359183,1942.5,False
27.0,8.0,24.44363962459447,16.86497757975941,1770.0,False
19.0,15.0,25.367320557765527,14.777853317738204,1712.5,False
28.0,20.0,23.86841816234415,15.152399501337165,1655.0,False
16.0,-21.0,24.222161465457162,13.556736881024321,1942.5,False
12.0,-7.0,25.301565611499488,13.645380132508333,1942.5,False
5.0,-6.0,24.50122893664489,17.303843819281266,2805.0,False
12.0,-21.0,22.79869144994959,16.759455578516754,2632.5,False
26.0,17.0,25.764218587372916,16.205686194147138,1712.5,False
-4.0,-2.0,22.834184666120457,14.616966968122185,2690.0,False
2.0,10.0,25.706793447532156,16.262229875448767,3265.0,False
-17.0,26.0,25.99146942516225,16.99499626860468,2115.0,False
25.0,15.0,24.834333641517002,17.272770932668823,1770.0,False
-12.0,-4.0,22.532107215674944,15.694265714026047,2000.0,False
30.0,20.0,23.58768382826181,17.042771038307553,1712.5,False
-31.0,-2.0,25.232365291079937,16.4028531455895,1655.0,False
-6.0,1.0,23.818226302741802,17.14557498596467,2517.5,False
-26.0,27.0,25.499463941056348,16.262944034781015,1885.0,False
23.0,-1.0,25.049853733713924,15.634467741954472,1827.5,False
-25.0,5.0,24.84439532256246,14.37692771060276,1655.0,False
-15.0,16.0,24.528710700224423,17.24516698255182,2115.0,False
12.0,25.0,24.4040754396596,17.468744974939508,1885.0,False
-21.0,26.0,22.779127781078532,16.202510384738666,2057.5,False
7.0,-25.0,22.688042558301053,17.40456119967934,5852.5,False
19.0,32.0,22.944975227097103,14.826682741359802,1597.5,False
-25.0,14.0,23.389108611971665,16.955829913569396,1885.0,False
31.0,-17.0,25.76306449201072,13.777450569731641,1712.5,False
26.0,-9.0,23.42094596738225,17.050955489211116,1942.5,False
34.0,33.0,23.373027275462135,16.25967992411162,1655.0,False
-21.0,34.0,22.788074050808028,15.410600818865696,2172.5,False
6.0,-14.0,23.270321032232353,14.374585994225965,2805.0,False
-21.0,11.0,25.048649740790303,16.17874981239594,1827.5,False
-26.0,-6.0,24.18641541680879,16.11899465057269,1655.0,False
-5.0,25.0,22.508608572061338,16.901522772618698,6772.5,False
32.0,11.0,22.082100269217356,15.799644393429435,1712.5,False
11.0,-22.0,23.109419822864663,15.585012402712149,2575.0,False
-14.0,-2.0,22.623942228704625,15.832658026911743,1885.0,False
-25.0,8.0,25.107542572893777,13.928127203950739,1655.0,False
25.0,-29.0,25.674964570843713,15.452794683600107,1942.5,False
15.0,16.0,24.49459688584434,15.428657566953307,1712.5,False
26.0,11.0,24.72102731416569,13.718705712578325,1655.0,False
9.0,-10.0,22.809507849560667,13.637698675861127,2172.5,False
-10.0,25.0,24.00237535192144,13.771571786386604,2287.5,False
-25.0,6.0,22.71955278505977,16.716913240114586,1827.5,False
-18.0,-27.0,24.422722031490306,15.082587630805893,1770.0,False
-28.0,-9.0,22.62122642301794,17.056125659788812,1712.5,False
-14.0,-30.0,24.405781044619754,17.04040089965126,2000.0,False
-21.0,-15.0,25.317271040171917,16.46351504090565,1770.0,False
-28.0,22.0,25.94897297250081,14.778271702288162,1712.5,False
28.0,-25.0,24.980028821735125,14.005265067986379,1827.5,False
32.0,16.0,23.734090294899744,14.434903505092503,1655.0,False
-12.0,-24.0,23.555225754647875,14.408315272839804,1942.5,False
21.0,-9.0,25.330323998597052,17.09925540188728,1942.5,False
2.0,-34.0,23.619841205880427,17.30429137668106,3782.5,False
22.0,-31.0,23.46846178742577,15.725992783824717,2057.5,False
18.0,24.0,23.38011643244735,17.393877441915624,1712.5,False
-15.0,-7.0,23.883809536525607,15.70053361433392,1885.0,False
2.0,-25.0,22.2854800640234,16.65403508111349,3897.5,False
-30.0,14.0,24.56301983736222,14.778562217626103,1712.5,False
-7.0,-27.0,22.213240655393665,16.176622409654684,2230.0,False
8.0,-17.0,23.880317212703535,13.885736421648668,2402.5,False
-12.0,-32.0,23.065807468834773,13.864316509068058,2000.0,False
2.0,6.0,23.264604622905207,16.2954467885635,3380.0,False
-17.0,33.0,23.74393500375247,14.197304164265024,2000.0,False
28.0,17.0,23.970748324573215,13.611069228971377,1655.0,False
-10.0,20.0,24.607846321987772,15.218756055132936,2345.0,False
18.0,27.0,23.520789309179413,15.564193918501296,1655.0,False
-34.0,-30.0,22.926410877415833,14.589463243991434,1597.5,False
5.0,18.0,23.041737832191195,16.665521548569714,2460.0,False
-8.0,9.0,24.723582264083312,15.46993937827223,2230.0,False
3.0,-7.0,23.538921270166004,14.22588803851727,3322.5,False
-33.0,30.0,22.143956827211703,13.829796088549465,1770.0,False
9.0,20.0,25.909748408522425,14.435646265977944,1942.5,False
33.0,28.0,22.527976158037422,17.42067391969876,1712.5,False
7.0,14.0,23.78144315613595,16.725710419651456,2230.0,False
-3.0,19.0,22.163818856155366,17.048723307068258,5277.5,False
-23.0,-27.0,23.933648140408053,15.474265161309575,1712.5,False
22.0,18.0,23.760451002927887,14.684782058932942,1655.0,False
24.0,21.0,25.698121370998795,17.183763674810795,1712.5,False
5.0,19.0,25.038729698316025,17.1998774237714,2517.5,False
-22.0,-28.0,22.555367662126613,14.088540945289644,1655.0,False
28.0,2.0,24.229817991543268,13.845234799389509,1712.5,False
4.0,30.0,22.241548838886626,16.631252940947252,2287.5,False
-1.0,-30.0,22.229034703717154,16.449243133890175,2747.5,False
33.0,12.0,25.13808736969092,17.03315689125327,1770.0,False
18.0,-2.0,22.43847488528545,16.47742667350257,1942.5,False
8.0,17.0,25.452252013142527,15.36316963466425,2057.5,False
-30.0,10.0,22.40156892514918,17.00510226724264,1827.5,False
10.0,2.0,25.689562135078546,14.108747966417328,1885.0,False
-33.0,-5.0,23.139631191347572,16.332972268764617,1655.0,False
-26.0,29.0,23.370009838544803,17.117051634881758,2115.0,False
-33.0,-32.0,23.134227188025843,16.334014291501052,1655.0,False
-18.0,22.0,23.678332589956664,15.2355424021507,2000.0,False
-4.0,25.0,24.814803910236026,13.766606780645475,5507.5,False
21.0,-4.0,23.154110348172736,15.584537818177989,1885.0,False
-20.0,7.0,25.819098363903134,16.515986102567147,1770.0,False
35.0,35.0,23.975677724174687,17.097407015474907,1655.0,False
-11.0,22.0,25.133716587196904,15.414057115749408,2287.5,False
-22.0,10.0,22.682744001328913,16.842218729852497,1885.0,False
33.0,32.0,22.909454910924463,15.854899846427553,1655.0,False
-1.0,4.0,22.118189820915084,17.395797419285827,8785.0,False
-16.0,4.0,22.19803075360069,15.547952271211306,1885.0,False
10.0,-21.0,22.501596518924625,14.583257932150236,2517.5,False
8.0,-25.0,25.72361380601771,15.862233661783456,2920.0,False
3.0,-1.0,22.82423576420197,14.986221285086192,2920.0,False
0.0,25.0,24.12077333547278,13.827709555294035,3495.0,False
12.0,-29.0,25.68410133674822,15.454301482386905,2345.0,False
-2.0,-4.0,25.269469847294815,17.283284487976736,3725.0,False
26.0,-19.0,22.347091512234798,13.562997791162555,1827.5,False
6.0,14.0,24.424148660196018,15.564667257827438,2287.5,False
-9.0,-7.0,24.35282704686805,15.587439918268007,2115.0,False
-21.0,25.0,23.148871078432812,14.601393985609358,1885.0,False
-11.0,2.0,23.145478082490165,15.40206166688331,2000.0,False
-20.0,-13.0,24.50470989117449,15.871206703652277,1770.0,False
-14.0,-9.0,23.87792844660372,14.048086399806335,1827.5,False
-4.0,29.0,25.50880937606864,13.80772060177786,5450.0,False
-7.0,17.0,25.322255113659864,17.454241960162207,3150.0,False
-25.0,29.0,25.21186470981104,13.692522901926242,1827.5,False
-7.0,-19.0,25.036353199104788,15.032493136822481,2402.5,False
-13.0,-12.0,22.43619380153838,16.834628407192078,2000.0,False
-8.0,7.0,25.24747511108356,14.117073350412888,2057.5,False
23.0,29.0,22.575150982944283,14.303730888917258,1597.5,False
-4.0,4.0,24.737033464380033,16.323136446352912,2862.5,False
27.0,-9.0,24.398703365233615,14.928359182754248,1827.5,False
-2.0,12.0,24.010259512343314,13.942995229159514,11200.0,True
27.0,25.0,25.621022519888157,16.518314830827947,1655.0,False
26.0,-22.0,23.402149736134195,15.998576777587541,2000.0,False
-32.0,-5.0,24.144501823340782,15.517832296701009,1597.5,False
-25.0,31.0,24.61031667247708,14.08614601836896,1770.0,False
-33.0,-24.0,23.978577043302504,13.703967122494806,1540.0,False
-5.0,33.0,23.94049452639382,16.263663238674052,5852.5,False
-13.0,-3.0,25.76726792548954,14.761246922497126,1827.5,False
-35.0,-0.0,23.66844071973261,17.111644481550197,1712.5,False
-1.0,-10.0,22.025093018948837,14.086920022217807,3207.5,False
31.0,-34.0,23.09421621203276,16.94763796549031,3265.0,False
-2.0,-8.0,24.9786692354552,14.987890362883162,3265.0,False
-15.0,26.0,24.178110842482674,15.290543001617596,2115.0,False
19.0,-29.0,24.039089328641598,14.004091132391663,1942.5,False
-10.0,-31.0,23.5029234803888,16.526098090468,2230.0,False
-11.0,12.0,22.60031580835046,17.207569934481338,2402.5,False
-5.0,-29.0,25.796801684328962,15.089808634609417,2345.0,False
33.0,-14.0,23.53404198429906,14.073442913766636,1770.0,False
-21.0,6.0,24.23792768179359,14.027458438875232,1655.0,False
-23.0,32.0,22.28023675282734,13.842584506928823,1885.0,False
31.0,25.0,23.093498714778015,14.168026005549887,1597.5,False
-20.0,2.0,22.332394719585086,15.72067887381783,1770.0,False
-35.0,2.0,25.630326130004402,15.95403220970116,1655.0,False
6.0,-22.0,22.79444792970508,15.489333998512091,4817.5,False
-9.0,-12.0,23.155102878259235,16.268697919669876,2172.5,False
7.0,33.0,25.85687729053847,16.85051013547518,2230.0,False
35.0,10.0,22.712768006499658,16.072693485723523,1770.0,False
-28.0,32.0,25.636162637397327,15.474117361987819,3495.0,False
7.0,-3.0,25.264526200214164,16.222969135814598,2230.0,False
2.0,12.0,23.974090496491506,17.20198550592609,3035.0,False
-10.0,18.0,22.620362983588446,14.492182901877083,2345.0,False
-30.0,-34.0,25.480470233421094,16.962405023948765,1655.0,False
-3.0,31.0,23.972800868823356,16.918325958900322,4760.0,False
-29.0,-31.0,25.532563010819885,13.772729091748408,1540.0,False
-31.0,-33.0,23.550398590458133,16.346531161439664,1655.0,False
-12.0,17.0,24.029392848673794,14.304754559877232,2057.5,False
21.0,-18.0,23.175411305724108,14.944394170601187,1942.5,False
23.0,6.0,22.703872583077793,16.27508386374238,1827.5,False
-17.0,19.0,22.035522720035203,15.008755602673595,2057.5,False
33.0,-12.0,25.246979292572533,17.02209780757856,1885.0,False
-14.0,23.0,24.09760994118691,15.984823210576776,2230.0,False
21.0,11.0,23.603818592438902,16.46543114274202,1770.0,False
17.0,-3.0,23.608077772809477,13.56394013608973,1827.5,False
9.0,24.0,22.189931483636418,14.807120424735757,2000.0,False
-4.0,2.0,25.773726380998404,14.962013872579456,2690.0,False
4.0,-22.0,25.413240144781447,17.34484078165626,7922.5,False
-24.0,7.0,24.11330536698087,15.838632815498588,1770.0,False
-28.0,14.0,23.334493396372636,15.792516131827536,1827.5,False
-14.0,11.0,25.188468437210382,14.697246106678739,1885.0,False
24.0,22.0,22.57613976999989,14.516946016433696,1655.0,False
29.0,6.0,25.014591074357348,13.663128219729824,1655.0,False
-9.0,-3.0,22.345263990036734,15.42040151248451,2115.0,False
22.0,-20.0,23.720818075146138,15.58478436808904,2000.0,False
2.0,30.0,23.812956604151193,16.64229893823967,2575.0,False
-24.0,22.0,22.931766476579728,15.137953782259675,1885.0,False
-14.0,-28.0,24.55352203083462,16.154431472707994,1942.5,False
-4.0,31.0,24.157537046535385,13.902838767996112,6197.5,False
-22.0,-2.0,23.629582438279783,16.313082681069215,1712.5,False
9.0,-25.0,25.292175780814382,16.625928856309294,2920.0,False
33.0,15.0,22.608133767193216,14.335024225737406,1655.0,False
3.0,29.0,25.347871034865744,14.04473835029316,2460.0,False
5.0,22.0,22.261713241337567,16.80616998274972,2402.5,False
-22.0,22.0,23.600503788422944,16.98313742528511,2057.5,False
25.0,-34.0,23.51286731832637,14.061214591958873,3380.0,False
-18.0,-23.0,23.158829346840342,13.512414726846284,1712.5,False
13.0,-30.0,23.148541309811485,15.654104390749637,2517.5,False
-28.0,-27.0,25.000060112720572,16.696833054092618,1655.0,False
26.0,-10.0,23.780518513439283,16.837145580330013,1942.5,False
-5.0,26.0,24.774631321497548,15.518570172654696,5680.0,False
-27.0,-31.0,23.65286480888017,17.215516634495817,1712.5,False
-13.0,-32.0,23.068926135910708,17.09844400278359,2115.0,False
27.0,-15.0,25.94759660856667,14.551897944611486,1770.0,False
26.0,-13.0,23.404632993257284,15.819508388774098,1942.5,False
22.0,-21.0,24.089211094210864,17.397513678251492,2115.0,False
17.0,3.0,23.129504484478222,14.819696703653076,1827.5,False
-17.0,3.0,22.012945172953913,14.3428047700923,1770.0,False
-9.0,-24.0,25.777184647130266,13.767184400154104,2115.0,False
29.0,18.0,24.325754282138305,14.209845579745876,1655.0,False
26.0,-22.0,22.699383405735546,16.765859899323782,2115.0,False
-7.0,4.0,25.151042688992966,16.177223590551133,2287.5,False
10.0,-18.0,22.713152593059366,17.488428129816842,3035.0,False
-10.0,26.0,23.389661220066955,14.174986450788824,2460.0,False
-34.0,-13.0,24.661648785883383,15.146215251170009,1597.5,False
29.0,-7.0,24.910869154256083,17.24200388143784,1885.0,False
-29.0,25.0,25.637264486252963,15.429613399854718,1770.0,False
5.0,-7.0,24.546193664488143,13.69287385006922,2460.0,False
0.0,-28.0,25.033079525852283,14.165409746546304,3437.5,False
-27.0,-35.0,24.463747464275936,17.389185634979537,1712.5,False
-31.0,-9.0,25.75245556999913,14.113669969335493,1540.0,False
-32.0,25.0,25.894021669087763,13.873076251161685,1655.0,False
-6.0,-9.0,24.743616787685312,16.236126789117836,2460.0,False
-7.0,7.0,22.110913821056016,16.053935430503653,2460.0,False
5.0,-11.0,22.694006507205426,16.161605339788505,3552.5,False
-22.0,10.0,23.700845468515432,15.64251189972801,1827.5,False
-2.0,-9.0,24.29539736148504,15.292946341077174,3150.0,False
15.0,-28.0,25.02827112073985,16.882272406652405,2345.0,False
-12.0,-23.0,23.50789849912641,14.923632930668356,1942.5,False
-9.0,-11.0,24.87087704705169,17.499393228854817,2172.5,False
21.0,-28.0,23.057297369367625,16.18948879556186,2172.5,False
-22.0,27.0,25.557550817050462,15.599827561825752,1885.0,False
11.0,26.0,24.454024825104703,14.846854972994901,1827.5,False
-28.0,-23.0,24.741982028377045,15.461346897253891,1655.0,False
-17.0,14.0,23.734650184599968,16.609813265772377,2000.0,False
23.0,-9.0,25.433165025114256,14.316933335359336,1770.0,False
12.0,35.0,24.795728351567867,15.178624270682494,1827.5,False
-22.0,19.0,24.51185747805474,13.803632343694012,1770.0,False
-8.0,-32.0,22.385324430011703,16.00303390048951,2172.5,False
33.0,35.0,25.216256877609595,15.83297858366717,1597.5,False
29.0,20.0,24.17446171239421,16.51447609169096,1712.5,False
18.0,-14.0,22.15611455863073,17.462650178575107,2230.0,False
25.0,23.0,22.553889654417265,16.568441587224907,1712.5,False
-32.0,19.0,25.131873794521503,15.116754260670085,1712.5,False
7.0,30.0,23.481385299540605,15.53977945154194,2230.0,False
-27.0,-7.0,25.543994991438463,16.930044749961752,1655.0,False
-27.0,2.0,23.00870013896294,17.20386350721232,1770.0,False
-7.0,2.0,24.597976833173064,14.898569617308409,2230.0,False
-10.0,29.0,23.934939092195247,15.283519483027812,2690.0,False
-28.0,-23.0,24.82262329121596,15.049451933477597,1597.5,False
-27.0,6.0,22.664138362394098,16.677673891102337,1770.0,False
15.0,3.0,25.402368269498737,17.284515301504985,1942.5,False
27.0,-7.0,24.674727316824413,15.826498305989574,1827.5,False
1.0,-9.0,23.574780394953212,17.137938804054823,4932.5,False
-18.0,-24.0,22.288110174653124,16.252001927049086,1827.5,False
2.0,-3.0,22.978958625855473,15.009029537007095,3782.5,False
24.0,-3.0,22.17326853313006,15.28109872991078,1827.5,False
31.0,10.0,23.281853992141354,17.131244229866404,1770.0,False
-31.0,10.0,25.05768437154503,14.800130678271405,1655.0,False
-7.0,1.0,22.02863500156806,16.320899553920874,2402.5,False
-27.0,-17.0,24.89901401062876,13.94386017180735,1597.5,False
-5.0,-5.0,23.22578924407271,13.962979707913226,2460.0,False
1.0,-12.0,25.02124953438066,16.72780986000475,4760.0,False
21.0,-22.0,24.188562964502303,14.913706866458234,1942.5,False
-24.0,15.0,23.220654838713234,13.91638237737916,1712.5,False
1.0,-16.0,22.936210231249596,13.983154161458948,4530.0,False
-2.0,3.0,25.57877807758477,14.959544812767732,3610.0,False
21.0,28.0,25.502412992408495,15.663847558077293,1655.0,False
34.0,2.0,22.692112670876384,16.313977605406745,1827.5,False
-16.0,-33.0,24.679127470579555,14.764764291141645,1827.5,False
-15.0,18.0,23.447634917604226,13.684753306137313,1885.0,False
-14.0,18.0,22.792146781010103,16.569307885462646,2287.5,False
-11.0,-23.0,22.314804563533286,16.754367288105552,2172.5,False
-11.0,-22.0,23.867421451793742,17.275644060732322,2115.0,False
-16.0,-9.0,22.832843844218413,17.436696512753024,1942.5,False
-14.0,17.0,22.47559150521405,16.674199856479678,2287.5,False
19.0,0.0,25.592364248151473,13.546861727908228,1712.5,False
-9.0,-15.0,25.40261354234944,13.752064828828443,2057.5,False
-25.0,2.0,24.591563538023674,14.650982913458549,1655.0,False
-25.0,-27.0,24.361130018379164,13.884983703939316,1597.5,False
-24.0,-25.0,25.817097792850994,13.808787565323767,1597.5,False
22.0,-26.0,22.33197189788367,16.109735957185386,2172.5,False
-22.0,19.0,25.826088007097912,15.205533303536768,1827.5,False
15.0,9.0,23.290373533188728,14.225774059192993,1770.0,False
-1.0,27.0,23.248647693043182,13.782911991660995,4127.5,False
-28.0,12.0,22.19731369776989,13.693580360005264,1712.5,False
8.0,12.0,23.714728023355313,17.15549306997379,2115.0,False
-0.0,-35.0,24.513226074919537,15.20862841699127,3207.5,False
11.0,7.0,25.015839660692134,17.29814001243694,1885.0,False
-4.0,-10.0,22.12769344667454,16.65024323687655,2862.5,False
30.0,24.0,25.55932840177276,17.417766661516154,1712.5,False
31.0,16.0,22.159122071306125,14.8950383435335,1655.0,False
17.0,-25.0,25.576770185972467,16.82486095208641,2172.5,False
7.0,-28.0,24.68259772125218,17.31694458986349,4702.5,False
-12.0,-22.0,22.714889665001706,14.970016633254932,1942.5,False
21.0,29.0,24.243640456804908,13.789745879558094,1597.5,False
-20.0,10.0,23.494446978955153,14.698985689682956,1770.0,False
-21.0,-2.0,23.11335932248,16.85264029369751,1770.0,False
-15.0,3.0,24.04512313958833,15.923601964303312,1885.0,False
-18.0,-11.0,22.489266133217907,14.135452828012715,1712.5,False
-7.0,29.0,24.57207673794509,17.086905924169113,4645.0,False
-27.0,-18.0,25.125459971148175,16.47793593804662,1655.0,False
1.0,-5.0,25.828242859355516,16.510739024158664,11200.0,True
23.0,-32.0,25.68661744666114,16.14438360486325,2000.0,False
-19.0,-31.0,25.829202095374107,14.230098696135798,1712.5,False
-11.0,-26.0,24.458952140645,13.654315490889822,1942.5,False
34.0,-16.0,22.428218835083197,13.538926327077723,1770.0,False
5.0,9.0,24.88477287284676,15.081501461559764,2402.5,False
-1.0,-2.0,25.671803351053562,14.471696659096084,4645.0,False
-6.0,33.0,24.16117160568465,16.31362408922025,5220.0,False
-2.0,16.0,24.104307347886476,15.129408329498771,6657.5,False
30.0,-3.0,25.319317656071867,16.44826031115538,1827.5,False
-22.0,-19.0,24.10442375562965,15.35842780058158,1712.5,False
6.0,-12.0,25.151226572981493,13.80040199472852,2402.5,False
16.0,-18.0,24.104016587478863,13.838948404467974,1942.5,False
14.0,20.0,25.869407016399453,16.64362757908671,1712.5,False
-24.0,29.0,24.234358720788627,13.99662624365492,1770.0,False
16.0,-29.0,22.2142486906618,16.866455699308133,2575.0,False
32.0,-27.0,24.71008472392659,16.05963903015291,1942.5,False
-1.0,-8.0,22.192950120197658,17.04609792932032,3265.0,False
-7.0,3.0,23.921632059980347,16.838811926666924,2402.5,False
34.0,25.0,24.907502815925508,13.795823925685443,1597.5,False
18.0,-13.0,22.03741404341221,13.571983228752122,1885.0,False
20.0,-25.0,24.638299877794193,13.970131836597256,1885.0,False
-24.0,2.0,25.087694890085086,14.471755327847966,1655.0,False
-21.0,-2.0,23.18201657526307,14.140980789734972,1655.0,False
27.0,12.0,22.2663090988816,14.752258073461562,1712.5,False
-12.0,-11.0,22.843968736116857,14.929023765852396,1942.5,False
-6.0,34.0,23.77014786707503,13.553014222598561,3725.0,False
-25.0,17.0,25.422217623879185,15.294899772792144,1770.0,False
-7.0,-9.0,24.229728737139933,13.888294655172263,2172.5,False
-8.0,3.0,25.896098320751975,17.27219851282627,2287.5,False
-34.0,-4.0,24.712331054216875,14.616853222346,1597.5,False
2.0,2.0,25.513314315922408,13.794785733427567,3265.0,False
31.0,-10.0,24.470125388288498,13.557934206145976,1712.5,False
-8.0,-35.0,24.230934021984,14.419833110798008,2172.5,False
5.0,-1.0,22.21485551151516,15.679516757610442,2517.5,False
10.0,-12.0,24.947878279071706,16.63929101120128,2345.0,False
-18.0,14.0,24.81873868760722,15.63121528389733,1885.0,False
-35.0,-31.0,24.36148950316034,16.51301547881801,1655.0,False
22.0,-16.0,25.80521508372735,14.230686933047851,1827.5,False
17.0,-11.0,23.54265964247187,15.787394467004328,2000.0,False
10.0,20.0,24.5465174777851,13.998956043267096,1827.5,False
29.0,-6.0,22.344905175243703,15.542193664820418,1827.5,False
18.0,19.0,22.446841180106716,14.374060915507533,1655.0,False
-13.0,9.0,23.560390495418133,16.326070490510606,2000.0,False
-18.0,34.0,23.75107677810037,13.56232694807266,1885.0,False
5.0,4.0,24.809407964278755,17.203331537899047,2460.0,False
-35.0,-23.0,23.43776298584386,14.410726423072596,1540.0,False
-19.0,-14.0,22.94120582025175,17.373848949554798,1827.5,False
-29.0,13.0,24.213655102931163,14.694720734984182,1712.5,False
16.0,2.0,22.699518546795826,15.332820577669665,1885.0,False
31.0,14.0,24.8048830270335,16.39403009526587,1712.5,False
-19.0,8.0,24.594668091118677,17.0320165474217,1885.0,False
15.0,23.0,23.99001612686257,15.443150364660074,1712.5,False
-15.0,-5.0,23.795228034063136,17.004854692208156,1942.5,False
-22.0,10.0,22.192973896694138,14.206745268236725,1770.0,False
-11.0,27.0,25.89899785401219,16.612340946745462,2517.5,False
-33.0,33.0,25.41676228801738,15.322129990540457,3207.5,False
20.0,30.0,24.159188427664095,15.763089276873929,1655.0,False
9.0,-17.0,22.690736111442167,14.436745138948107,2460.0,False
4.0,27.0,24.165609472015184,17.049836184651806,2402.5,False
24.0,-23.0,25.248116622309094,14.850833295491082,1885.0,False
-11.0,24.0,24.08144720610187,14.346957555749384,2230.0,False
20.0,-13.0,24.54624824154312,14.733711364152255,1885.0,False
17.0,12.0,22.013311625921155,14.65426770834016,1770.0,False
2.0,-7.0,22.019273620247162,15.95718989912807,11200.0,True
-0.0,-2.0,25.93437010022377,15.889786660504768,6830.0,False
4.0,31.0,24.12232679915415,16.91003643716438,2287.5,False
11.0,-32.0,25.26006545580806,15.85428285919385,2575.0,False
-31.0,-3.0,23.595533321559603,16.348413206074518,1655.0,False
-19.0,-26.0,22.47282088532524,16.287065434167864,1827.5,False
25.0,-7.0,23.42263876372287,16.417876245390463,1942.5,False
15.0,29.0,22.002129881643224,13.853874355733662,1655.0,False
30.0,-26.0,22.047596862116364,16.21413140723125,2057.5,False
32.0,-31.0,24.65796546784149,17.01127333882421,3380.0,False
-30.0,-24.0,25.950974718531004,16.561514763139293,1655.0,False
-27.0,-27.0,24.392831678971294,16.85071674676828,1712.5,False
1.0,-29.0,24.67280280001737,14.047153986406508,4127.5,False
5.0,-4.0,25.219210968115135,15.820661505764638,2517.5,False
-12.0,9.0,23.480807445664155,14.149984165919655,1942.5,False
15.0,-8.0,25.08863591765148,17.37066937714301,2115.0,False
7.0,-34.0,25.61854501926439,14.384344875942837,3035.0,False
-22.0,-7.0,22.58000155941851,15.917704609039513,1712.5,False
-22.0,6.0,22.25721081493196,16.181075262232916,1827.5,False
20.0,16.0,22.85178626921178,13.935553183129581,1655.0,False
31.0,-4.0,25.729292930056623,16.641100261566944,1827.5,False
16.0,32.0,25.111287245216747,16.814127735755495,1655.0,False
-14.0,30.0,23.24663944330914,16.276043071719673,2460.0,False
-34.0,1.0,25.979987400642283,15.756615433586944,1655.0,False
5.0,-16.0,25.56074233395711,14.671189189642664,3035.0,False
5.0,22.0,25.224074007547152,15.026711804885968,2460.0,False
15.0,15.0,25.772117521071916,13.990355957663619,1712.5,False
1.0,-0.0,24.43136788460409,15.265259868018632,4587.5,False
34.0,-7.0,23.130671607770395,14.603904095071528,1770.0,False
-23.0,1.0,22.545198089196127,16.50049292302233,1770.0,False
11.0,-14.0,23.510213070487218,15.529631981459291,2287.5,False
-24.0,-15.0,22.112810545002755,15.1868587004662,1712.5,False
-34.0,-2.0,24.653895971228277,14.34939404004892,1597.5,False
31.0,14.0,25.822625387682912,15.659942433247618,1712.5,False
-18.0,18.0,23.0843136800561,16.69982147127001,2115.0,False
-29.0,-23.0,24.403295588774245,15.52115305115776,1655.0,False
25.0,-7.0,24.6831567551804,13.710640966589278,1712.5,False
-22.0,-11.0,23.080592356028227,17.199623836583456,1770.0,False
11.0,-17.0,24.017584322613033,16.5037792905152,2460.0,False
8.0,14.0,23.84055809235616,14.283553114501524,2000.0,False
-11.0,14.0,25.792850417000217,14.026666223032985,1942.5,False
-30.0,26.0,22.38446146744751,13.86864226133664,1770.0,False
35.0,-4.0,23.39188295018029,17.225618062723044,1885.0,False
-35.0,-27.0,24.23145184441907,15.011605619329462,1597.5,False
15.0,21.0,22.670261165268187,14.067307023669738,1655.0,False
-6.0,15.0,25.432806896081043,15.127686202087748,2747.5,False
11.0,10.0,25.888128587126968,14.682184760500284,1827.5,False
3.0,18.0,25.675274880393147,14.603587730438722,2747.5,False
20.0,-15.0,22.533462994859228,14.223419759874346,1942.5,False
-35.0,26.0,24.983324204653034,15.930975182097008,1827.5,False
-10.0,9.0,24.632931329213143,15.672918329489958,2115.0,False
-32.0,-32.0,25.838258622516705,13.824271412051242,1540.0,False
-14.0,9.0,24.661730713460937,16.536707922304767,2000.0,False
29.0,8.0,22.26545077643083,17.06927207014878,1827.5,False
29.0,7.0,24.866399705753825,15.825709097942003,1770.0,False
-1.0,-20.0,25.070034903358653,14.151246173242608,3092.5,False
-3.0,18.0,25.06627965609995,16.839516608658748,7750.0,False
34.0,-18.0,22.545259274280152,14.150745479298802,1827.5,False
-9.0,4.0,22.04716728129166,15.629131697136177,2172.5,False
-9.0,33.0,24.51590506882869,14.629783288766472,2747.5,False
21.0,-29.0,23.911854375119095,13.829494649002315,1885.0,False
2.0,-2.0,24.11912501269021,16.619044113940557,3725.0,False
-27.0,-7.0,23.799144708830806,13.914040285195886,1597.5,False
-7.0,6.0,25.659749818648503,14.763292289930122,2172.5,False
-29.0,15.0,24.314646661717866,17.403220187308396,1885.0,False
0.0,34.0,22.500115894586706,14.2207408768967,3265.0,False
-33.0,15.0,23.25829108505484,16.948440779196073,1885.0,False
-6.0,22.0,25.744376728856327,15.763069640588023,3437.5,False
-27.0,13.0,23.28395877277586,17.093729804011584,1885.0,False
-35.0,24.0,23.421779664950265,16.436030321838555,1885.0,False
14.0,7.0,25.236366578472275,15.099410060621066,1827.5,False
-22.0,15.0,23.37560554813187,13.960448195936852,1770.0,False
-23.0,30.0,23.245155551714568,15.63257254146227,2000.0,False
-30.0,-32.0,24.444844432469953,13.598666053095421,1540.0,False
18.0,21.0,25.32392014621998,13.52698781523002,1655.0,False
3.0,10.0,24.821070575653373,14.826552717328576,2862.5,False
18.0,-17.0,22.06376700946117,17.371748383506528,2345.0,False
-21.0,-9.0,24.51822813429284,15.37408853608363,1712.5,False
-31.0,-10.0,25.512249236813915,14.263871723518527,1540.0,False
11.0,5.0,22.857690175244056,14.07649255778226,1827.5,False
11.0,-9.0,24.634278332334606,16.058223507369952,2172.5,False
-6.0,-26.0,25.04667309149877,14.389093812823866,2345.0,False
-32.0,9.0,25.49982535827115,17.026675964122404,1770.0,False
23.0,-5.0,25.503887923496524,15.6327771395265,1827.5,False
12.0,14.0,24.94134633694236,16.769890863550227,1827.5,False
8.0,-17.0,23.75024029656221,16.338050622418155,2920.0,False
-10.0,6.0,22.34512563229032,14.363955458068528,2000.0,False
9.0,10.0,23.632101174127868,16.084661157068474,1942.5,False
5.0,1.0,24.92028404269404,13.80340697574196,2287.5,False
21.0,8.0,25.15028234559091,15.450594285460625,1770.0,False
-8.0,8.0,25.999683203200878,15.929943166438402,2172.5,False
14.0,-7.0,22.557115317902145,16.108784852010892,2115.0,False
-34.0,3.0,25.53696732370061,13.509594663407201,1540.0,False
21.0,1.0,24.90465988377063,14.071842699009073,1770.0,False
-20.0,6.0,22.79680624000709,15.866269538874294,1827.5,False
19.0,-34.0,25.721957829592167,15.675120693365136,2230.0,False
1.0,1.0,24.095074660438165,14.733564216108597,4472.5,False
30.0,-2.0,25.688250490270335,17.493123880204784,1827.5,False
24.0,-33.0,25.569181722735976,14.15549669176123,2000.0,False
35.0,11.0,23.51437200408752,13.773098645868966,1655.0,False
0.0,-3.0,24.674450194383645,16.122647963883043,5565.0,False
13.0,17.0,25.970159800279205,14.91025940726222,1712.5,False
-15.0,-30.0,25.09407692783489,15.180596795808427,1885.0,False
4.0,3.0,24.40210863726229,15.996008343569097,2632.5,False
-15.0,25.0,23.728682894022988,15.473604233898387,2172.5,False
21.0,-17.0,23.261717960443473,16.165654965288137,2057.5,False
23.0,23.0,23.889278698917582,14.078950638812834,1655.0,False
-2.0,-21.0,23.08079463188511,14.185414030100908,2747.5,False
-32.0,-4.0,25.985202848208694,14.527640776469884,1540.0,False
-25.0,-14.0,24.531246376866115,14.230531785939544,1597.5,False
33.0,-22.0,24.418989418235192,16.89347776496753,2000.0,False
32.0,-12.0,22.778390005843853,16.704323479345838,1942.5,False
26.0,15.0,24.36418772874304,17.034800865525604,1770.0,False
24.0,24.0,25.741415941520874,13.980546200760548,1597.5,False
34.0,30.0,25.063712776669888,13.575622182986228,1597.5,False
2.0,-30.0,22.182510035816172,13.89287297782124,4530.0,False
18.0,-27.0,24.363303900052138,15.3242880897278,2057.5,False
-21.0,32.0,25.249175911151944,16.631535298694274,2057.5,False
1.0,-22.0,23.907061127079512,14.46285363731055,4127.5,False
-29.0,-23.0,24.834995702066347,15.491938778797685,1597.5,False
-25.0,-9.0,23.3795244316689,13.694583547205617,1597.5,False
-24.0,27.0,23.638656458487443,16.852200838541105,2115.0,False
-22.0,33.0,22.579166701238872,13.72642940541177,1942.5,False
35.0,32.0,24.335037452881814,14.315518408108769,1597.5,False
-27.0,33.0,24.42574573112257,14.194949489874169,3380.0,False
17.0,10.0,22.624048942901243,13.942550761606327,1712.5,False
-5.0,6.0,22.69170369821885,17.234658483181803,2920.0,False
23.0,31.0,25.682112212764217,15.404818654967112,1655.0,False
2.0,23.0,23.878266175240675,15.765871153387057,2575.0,False
7.0,-16.0,23.22003640508737,14.757397417782911,2747.5,False
18.0,-15.0,25.92320730255107,13.771785795363042,1827.5,False
4.0,-0.0,22.422657682324033,16.538897372859942,2690.0,False
22.0,29.0,25.040570151747293,14.081470511613052,1597.5,False
35.0,-17.0,25.084051337368738,16.40866939393365,1885.0,False
17.0,1.0,24.28067604990064,13.857600979049561,1770.0,False
29.0,30.0,24.620552701157756,16.170331000593986,1655.0,False
-10.0,28.0,22.066565214238743,16.98747920232959,3725.0,False
13.0,4.0,25.784502790593166,17.124823387024986,1942.5,False
17.0,23.0,24.85732068698738,14.70437208484295,1655.0,False
-34.0,-4.0,22.100485600279637,15.906639140753132,1655.0,False
21.0,32.0,23.629168519563116,13.56598240566825,1597.5,False
-25.0,-13.0,23.040611696941003,14.493538708884717,1655.0,False
12.0,14.0,23.3326474186283,15.311477726206926,1770.0,False
19.0,-34.0,24.83285910851498,14.344385869235527,1942.5,False
18.0,31.0,22.698763403837603,13.551574944636481,1597.5,False
15.0,9.0,25.78227592687179,14.441269214863244,1770.0,False
-9.0,18.0,24.57362865413049,17.038602565006602,2690.0,False
25.0,1.0,25.309560032520018,15.08600066003176,1770.0,False
-15.0,-19.0,22.39974072445574,16.82057838209242,1942.5,False
-28.0,-15.0,22.33730248323207,15.759785947771018,1655.0,False
29.0,-6.0,23.027059790714308,15.626731755091372,1827.5,False
-0.0,5.0,24.336978191568065,13.936525515939355,5105.0,False
-11.0,-26.0,23.604372360487737,17.046174767379533,2172.5,False
-33.0,31.0,25.961303663414405,15.900093133871717,3322.5,False
-30.0,-32.0,23.413331843782164,14.334213154387546,1597.5,False
-9.0,25.0,24.260446985161884,15.916783187162533,2862.5,False
-21.0,2.0,24.429611959403115,16.57917628648394,1770.0,False
20.0,-30.0,22.404401289224403,14.125441736110975,2000.0,False
4.0,23.0,25.449862405843547,16.07066444902292,2517.5,False
-28.0,2.0,25.978083916525346,17.222943352600627,1712.5,False
3.0,13.0,25.761113222206816,16.279776973302454,2920.0,False
-17.0,-21.0,24.554768991236674,17.357124244621406,1885.0,False
-10.0,24.0,25.366161795094044,17.213183941197226,2747.5,False
17.0,-33.0,25.066899391609045,13.89544909918271,1942.5,False
-19.0,-18.0,25.211778064225694,16.191890852292772,1770.0,False
-21.0,29.0,23.819656163830675,15.655530245105517,2000.0,False
-4.0,-11.0,22.29265032520136,16.907943887878865,2805.0,False
-4.0,21.0,23.964456108131348,17.230545567561,8037.5,False
34.0,-11.0,24.397303521668857,15.921313316265929,1827.5,False
-19.0,7.0,25.948059260259352,15.85809052773653,1770.0,False
-26.0,10.0,25.456777645493627,13.794750038899169,1655.0,False
-2.0,-8.0,25.931280438820323,16.10551776687078,3322.5,False
-20.0,-7.0,24.29292384265257,17.029774395750362,1770.0,False
18.0,17.0,25.29734610872683,16.425074476234144,1712.5,False
-11.0,30.0,23.818485197375907,16.244167933877034,2805.0,False
24.0,12.0,23.969796899366766,16.225924414267258,1770.0,False
-29.0,-0.0,24.44860034417903,16.60452284704898,1712.5,False
-15.0,12.0,24.892669595834658,15.11623327177761,1885.0,False
4.0,9.0,25.15584014633115,13.84903047706741,2517.5,False
27.0,6.0,24.72624628721845,17.430317534224642,1827.5,False
29.0,-9.0,25.91047582073801,15.582175499965011,1827.5,False
19.0,-13.0,25.25398586973726,17.437336325777967,2057.5,False
9.0,9.0,25.456863544139313,16.933576660013728,2000.0,False
28.0,-29.0,25.715465438387866,16.706132258325923,2172.5,False
2.0,-2.0,24.793757630667013,15.000466314937336,3495.0,False
-31.0,13.0,22.961565416373485,16.497203259283168,1827.5,False
11.0,-2.0,23.98880347488172,15.766538580032048,2000.0,False
6.0,33.0,23.85215508238616,13.976338622786368,2230.0,False
-9.0,22.0,23.65572554321317,17.26182096125909,3207.5,False
8.0,-6.0,24.9768210924732,15.09228865778061,2172.5,False
-32.0,27.0,25.677745275758944,15.772460829255035,1770.0,False
-11.0,-11.0,25.870449946392213,14.158935419176718,1942.5,False
-19.0,28.0,22.82557641144983,13.972577121999235,1942.5,False
19.0,13.0,24.830103544635584,16.60082904247468,1770.0,False
-34.0,0.0,25.953163613839173,16.122900260583336,1655.0,False
-1.0,8.0,24.465113350319676,15.278253559262613,7060.0,False
-2.0,-34.0,23.400772006075968,13.769446234922999,2690.0,False
-21.0,31.0,25.689647192380008,16.160716928173507,2057.5,False
25.0,5.0,24.309763495283427,15.517887920343787,1770.0,False
-34.0,32.0,24.880697575591434,14.22585076483378,3150.0,False
-7.0,-17.0,24.951453321851773,15.916224228843832,2402.5,False
8.0,14.0,22.63179319526525,15.512051527705955,2057.5,False
-28.0,-34.0,24.36829857796555,17.163397878868786,1712.5,False
-13.0,6.0,22.892120694243285,14.299553553590627,1885.0,False
11.0,9.0,22.648127512465877,13.556272241702974,1770.0,False
3.0,-19.0,23.25619459180102,16.216490294004835,6370.0,False
-6.0,8.0,24.212403493265164,16.373260592354523,2575.0,False
35.0,32.0,25.980289156430143,14.65642999322997,1597.5,False
-32.0,34.0,23.07658711026679,17.225711388114068,3207.5,False
-11.0,-16.0,25.459472456877485,15.651694551500768,2000.0,False
25.0,-30.0,24.535685372340318,17.044140891586217,3725.0,False
-11.0,12.0,22.35817657226998,17.109835687570733,2402.5,False
25.0,28.0,22.26611599521963,16.22708583065791,1655.0,False
27.0,11.0,24.492933985067747,14.770761845783717,1712.5,False
14.0,-28.0,23.186429274443867,16.179605412595492,2460.0,False
28.0,24.0,25.470766396340803,14.911476599318279,1655.0,False
6.0,-3.0,25.849468939199802,16.91637773362573,2402.5,False
-1.0,3.0,23.046814623326405,17.284232304455944,11200.0,True
-5.0,22.0,25.688653228521115,13.85155146117388,3265.0,False
19.0,35.0,22.40027102630503,14.281926082802904,1597.5,False
16.0,26.0,23.382320793629503,13.552694289034445,1655.0,False
7.0,-15.0,23.369259686820577,16.525964519522486,3150.0,False
26.0,-24.0,23.353292209885804,13.761040000643597,1827.5,False
-20.0,-2.0,22.992484159428926,15.86467165913264,1770.0,False
18.0,10.0,25.687560223008674,14.752505213374986,1712.5,False
-18.0,1.0,23.11925810739898,15.44438778399861,1770.0,False
8.0,-6.0,22.700279124902757,13.799359680037313,2172.5,False
-22.0,-26.0,24.525093072064912,16.660356372364788,1770.0,False
22.0,32.0,24.143742721335858,13.75974196665557,1597.5,False
-29.0,-13.0,24.810701841458375,16.634119319588127,1655.0,False
1.0,35.0,25.728958480980268,16.29796546044382,2977.5,False
34.0,-17.0,25.79879984599553,17.49011089041582,1942.5,False
28.0,31.0,24.448755067538873,13.72729271394202,1597.5,False
-23.0,-19.0,23.473284353471726,15.25840687946358,1712.5,False
-16.0,2.0,22.40525554736998,17.311052457436787,1942.5,False
-0.0,1.0,22.455920600822505,17.34855658856599,8727.5,False
-30.0,29.0,25.097219555833494,15.808930234224608,1827.5,False
10.0,21.0,24.46643451062516,15.767493811590588,1942.5,False
-9.0,12.0,25.955141749307383,14.531181181746787,2057.5,False
17.0,32.0,22.571979376018838,15.395588092333519,1655.0,False
34.0,-3.0,23.977836310729856,17.382181050816442,1885.0,False
2.0,-26.0,25.57377338707094,16.705209749031177,4645.0,False
-14.0,5.0,24.410387019385254,15.6158002232152,1885.0,False
1.0,24.0,24.410029399496263,17.374065110650772,2805.0,False
21.0,33.0,25.85116019307381,14.758073553231162,1597.5,False
30.0,-34.0,23.60967455132902,13.986673858216783,3207.5,False
6.0,-32.0,25.454737295836356,17.0465848422834,5220.0,False
30.0,12.0,23.171018004659796,15.610151493874932,1712.5,False
27.0,-2.0,23.948378119645064,14.803618575862673,1770.0,False
-32.0,-34.0,25.211785823475775,15.943566470677746,1597.5,False
-28.0,10.0,24.74037421518925,14.713007741680775,1655.0,False
3.0,15.0,22.290858935827117,17.277594103651595,2747.5,False
-32.0,-2.0,25.60541984890212,15.304607605284687,1597.5,False
9.0,-7.0,24.50883042979676,16.85637126990071,2287.5,False
-17.0,-32.0,24.069470869784272,16.455249433856903,1885.0,False
24.0,-29.0,24.685383618284426,14.804833665601263,1885.0,False
33.0,-31.0,22.12471557235009,15.858148277558554,3265.0,False
-16.0,-16.0,23.752246139049458,15.544775611743177,1827.5,False
-10.0,-29.0,22.137636005633325,16.707656325404383,2230.0,False
-31.0,-6.0,25.134736303719244,17.21621733315445,1655.0,False
22.0,-28.0,23.99181117634077,14.570077165516308,1942.5,False
-21.0,-29.0,24.863409260634917,17.323724502929785,1770.0,False
-25.0,28.0,24.309636336852556,16.69435316177378,2057.5,False
22.0,-17.0,24.6300490610434,14.375719240145155,1827.5,False
-34.0,6.0,25.629391404906276,16.6684649942493,1712.5,False
34.0,-1.0,22.310756226150318,15.330381411215116,1770.0,False
-3.0,8.0,24.491765709427263,15.622519896428885,3725.0,False
-31.0,-15.0,24.353278623135846,14.314306478847191,1540.0,False
-34.0,17.0,24.129893819699966,14.89855366630654,1712.5,False
1.0,-26.0,22.705531566742962,16.853972084578558,3322.5,False
13.0,9.0,25.62149983051293,13.68822176952212,1770.0,False
34.0,-2.0,23.54258186779259,14.283280590098201,1712.5,False
-32.0,-18.0,22.25982868031857,15.495315421444948,1597.5,False
-8.0,28.0,24.170614701206894,16.24208502491766,3552.5,False
29.0,3.0,24.442744520748388,15.382945068419733,1770.0,False
13.0,32.0,22.602891527348987,15.574013586785554,1770.0,False
-35.0,2.0,22.76787452380946,16.88379561408062,1712.5,False
14.0,10.0,25.580420635888366,16.505007496471702,1827.5,False
-1.0,10.0,24.916904137501685,14.461488433754502,6715.0,False
23.0,-30.0,22.374307964226954,16.89210731081799,2287.5,False
-3.0,-13.0,22.7212315778364,15.544669573499597,2747.5,False
-31.0,24.0,23.688847593549223,15.658678816416263,1827.5,False
-16.0,-3.0,22.274316911358035,14.587333580568275,1770.0,False
4.0,-11.0,22.733679214594346,14.527584784374472,3552.5,False
-11.0,-34.0,22.315219370754132,16.13492979413396,2172.5,False
-18.0,14.0,22.731782716815694,17.41556860177775,2115.0,False
-24.0,-29.0,24.003619819026465,17.26268935422844,1770.0,False
-9.0,5.0,24.206025438977075,16.618136612642022,2172.5,False
-7.0,-25.0,22.135020032895923,17.234837913586954,2287.5,False
-9.0,-20.0,24.140481631614712,14.058476272211182,2115.0,False
-26.0,24.0,25.753568104824428,13.564469787339059,1655.0,False
23.0,-4.0,24.90691317692454,16.57622560233341,1885.0,False
32.0,-20.0,25.11971967431988,13.953292988668572,1770.0,False
-12.0,4.0,23.049013107174652,13.97891141872699,1885.0,False
-7.0,0.0,25.1688724621961,14.816574663715546,2230.0,False
-10.0,-23.0,23.853737905447492,13.769645496869561,2057.5,False
20.0,-32.0,24.89433557694012,16.969980042129936,2230.0,False
30.0,12.0,22.532118058645086,13.669135358674216,1655.0,False
-14.0,-11.0,22.272083124254568,14.36125649756324,1827.5,False
23.0,13.0,24.569431148371805,16.13162739017116,1712.5,False
-19.0,18.0,25.755026041102205,17.413739070578938,2000.0,False
-11.0,-5.0,23.908438627845083,14.576771567313681,1942.5,False
-15.0,-4.0,25.84422169621025,15.576622670461772,1827.5,False
-29.0,-4.0,24.04532448047065,16.550438258332743,1655.0,False
-13.0,-18.0,25.605963958322313,13.789169731048325,1827.5,False
5.0,3.0,23.630376522526376,16.147414604500742,2402.5,False
-34.0,-35.0,22.004931803314445,14.23957278182587,1540.0,False
-17.0,13.0,22.53385900758102,15.363618903045998,1942.5,False
-28.0,0.0,24.014297414156825,15.555191583468314,1655.0,False
-16.0,-31.0,23.911587399222032,13.741796671221714,1770.0,False
-31.0,-5.0,24.577350580968115,14.963392740088356,1597.5,False
-10.0,-7.0,22.440466137357554,14.100839286721085,2000.0,False
-32.0,28.0,25.012675415275588,17.149798039682935,1885.0,False
-22.0,21.0,24.73681350261778,17.293908894521536,2000.0,False
4.0,-35.0,24.644421209019008,14.517315751538264,5795.0,False
-14.0,-2.0,25.672790599784282,14.566831074711981,1770.0,False
12.0,7.0,22.877542447686327,13.61754645700375,1770.0,False
17.0,-16.0,24.51934183586392,17.479455415941885,2172.5,False
0.0,29.0,22.059352538704562,14.361230505292006,3207.5,False
-34.0,-1.0,23.584255924076956,13.859568456088851,1597.5,False
-18.0,-22.0,24.42961934681081,14.76897382360249,1770.0,False
8.0,9.0,24.393444111572368,14.72607230137908,2000.0,False
23.0,27.0,24.175639041443123,15.182494027128197,1655.0,False
19.0,-24.0,22.188615236230923,13.879806921027189,2000.0,False
-33.0,-26.0,24.883458361004088,14.803570093228227,1540.0,False
25.0,-22.0,22.284850142645173,16.567773762806652,2115.0,False
10.0,17.0,25.97873828926608,14.609953749120542,1885.0,False
32.0,2.0,23.111659686534374,16.84120505715003,1827.5,False
17.0,-15.0,23.086889326926208,14.345071481282407,2000.0,False
-18.0,12.0,25.838454821990894,13.627379394708584,1712.5,False
-12.0,2.0,23.001790964235777,13.85683674035887,1885.0,False
23.0,31.0,23.878503217595743,15.806412639591867,1655.0,False
35.0,-23.0,24.686639366807267,15.599781474878306,1885.0,False
21.0,3.0,25.894780598091682,15.379605706988352,1770.0,False
28.0,31.0,22.66149687210611,14.968772745491059,1597.5,False
-7.0,8.0,22.043549083970024,15.427402467238668,2460.0,False
-16.0,32.0,23.36223901189695,14.202637520525142,2057.5,False
20.0,31.0,24.99611696311198,15.907945098444042,1655.0,False
-34.0,27.0,25.05813649531628,15.0775771457895,1770.0,False
-11.0,-11.0,25.404204482419843,15.080847146503558,1942.5,False
23.0,-6.0,22.82770250649106,14.972742389431371,1827.5,False
6.0,21.0,25.693117839710702,16.920072129638577,2345.0,False
28.0,-4.0,25.587288379758046,14.8946616591732,1770.0,False
-27.0,20.0,24.836399047107143,16.66855576505424,1885.0,False
30.0,-18.0,22.57168198715284,16.069240123306024,2000.0,False
3.0,-12.0,22.857175948642446,13.692461083816951,5105.0,False
29.0,33.0,23.061683409057423,16.601105610172997,1655.0,False
-25.0,-1.0,22.233387332553725,15.060520527864194,1655.0,False
-16.0,-31.0,22.315531293306226,14.11889437086791,1827.5,False
24.0,6.0,24.996195687547004,16.813175230830907,1827.5,False
-15.0,-6.0,22.55057335166078,16.801321351039107,1942.5,False
-34.0,3.0,24.8584383324019,15.604377637440301,1655.0,False
8.0,2.0,24.51139080017733,17.48327091462079,2172.5,False
25.0,13.0,25.31954396390718,14.327646337582543,1655.0,False
-34.0,-35.0,25.04215274199254,16.857427939870174,1655.0,False
-15.0,-16.0,22.43748791170216,15.68245989796143,1885.0,False
-14.0,23.0,24.745701601130484,14.278964164650132,2000.0,False
6.0,-12.0,24.028879870760814,15.257603024348729,2747.5,False
1.0,0.0,24.098551947847017,16.424493666035687,4760.0,False
-15.0,-22.0,23.919867837152992,15.656240942075048,1885.0,False
2.0,32.0,25.607341814369526,13.778807475289987,2632.5,False
-7.0,-28.0,23.26391052233313,17.211999071412553,2230.0,False
14.0,12.0,22.721244084061915,15.958111011776685,1770.0,False
-29.0,23.0,22.92971093950255,14.44186127986414,1770.0,False
35.0,-9.0,23.117063023906947,17.426194525796284,1942.5,False
-21.0,-26.0,23.15451063048497,15.724717544761486,1770.0,False
20.0,20.0,23.265450152048516,16.043530800076127,1712.5,False
5.0,-1.0,25.485088977112675,17.3276219304607,2517.5,False
27.0,2.0,23.77683425839761,17.05105078417834,1827.5,False
7.0,10.0,25.523225888562582,15.165553265996525,2115.0,False
-34.0,1.0,22.132728014041593,16.077463589576837,1712.5,False
24.0,-21.0,23.72474483024045,15.823958435020824,2000.0,False
-18.0,-23.0,24.86592701934221,17.33580732551021,1827.5,False
-27.0,-16.0,24.768778356012195,16.989740867341414,1712.5,False
32.0,31.0,22.64379635832423,14.580499548613323,1597.5,False
-30.0,-28.0,25.574093494593026,14.376042394465713,1540.0,False
-10.0,-16.0,25.511764243097943,16.521194029684736,2115.0,False
-11.0,-8.0,22.19313505950983,14.788253487695473,2000.0,False
-16.0,2.0,23.884492933904724,13.751851329553785,1712.5,False
-25.0,-19.0,22.62438742988516,14.371503309420884,1655.0,False
2.0,-0.0,22.793181260244253,14.124207788888082,3380.0,False
10.0,3.0,22.577136982588566,14.904521823314951,1942.5,False
29.0,-1.0,23.122959297210816,16.632180880158092,1885.0,False
34.0,8.0,24.85573496499905,16.724234909719375,1770.0,False
-27.0,21.0,22.61833281697387,14.608213998135808,1827.5,False
-13.0,24.0,23.684378007110382,13.872801277664001,2057.5,False
-16.0,28.0,24.74985490340252,17.483809572330422,2345.0,False
5.0,-19.0,24.111465386024328,15.828540081822899,5220.0,False
5.0,5.0,22.646066193372967,17.364339944025126,2517.5,False
-2.0,-10.0,25.966258980527492,15.30402135914836,3150.0,False
20.0,-9.0,22.19156769802106,16.138856164321865,2000.0,False
-10.0,34.0,25.81518516052982,15.949939507616074,2690.0,False
-25.0,-0.0,25.786951384975865,15.8967610602452,1655.0,False
19.0,21.0,24.00184801604288,15.429490566816316,1712.5,False
3.0,-35.0,25.912772684319464,15.981192880135955,6830.0,False
1.0,-9.0,24.92942563597073,16.88583128569604,5507.5,False
-14.0,0.0,22.603688314088373,17.363745476295538,2000.0,False
17.0,-19.0,22.356300948670192,14.594811425104202,2057.5,False
22.0,16.0,24.8539945629498,15.920205745033744,1712.5,False
-24.0,20.0,22.7372550218941,14.862483919298523,1827.5,False
-34.0,29.0,24.22543538011317,17.209963777919228,2057.5,False
-18.0,13.0,23.872272754936745,14.031830259626272,1770.0,False
29.0,14.0,24.896991533817022,14.660520054319889,1655.0,False
-30.0,-28.0,23.84937077881243,14.04147186393499,1540.0,False
-5.0,27.0,23.37817754255498,14.671638786288113,5737.5,False
27.0,14.0,24.789661215337578,14.190215382520133,1655.0,False
-31.0,17.0,24.313778331673333,13.835834792011116,1655.0,False
24.0,-24.0,25.40251946038554,16.783063825652896,2000.0,False
16.0,-34.0,23.577256671887035,15.855232836259397,2345.0,False
4.0,33.0,23.236808793491623,15.375769308111364,2230.0,False
-16.0,-24.0,22.789682059394206,14.558695792194628,1827.5,False
17.0,5.0,25.602567988341427,15.592472867772404,1827.5,False
19.0,7.0,23.38118287898957,13.737031480366213,1712.5,False
15.0,-5.0,24.744155789288307,15.24461133061195,1942.5,False
2.0,-18.0,25.273221268553776,17.400950470970958,5162.5,False
-15.0,6.0,24.717170748354306,13.609910438745686,1770.0,False
-25.0,-6.0,23.227916775878782,15.437440572348086,1655.0,False
-24.0,14.0,23.488100885147155,17.217523079116116,1942.5,False
29.0,-20.0,23.131634008339034,14.434657616910302,1827.5,False
-26.0,-7.0,24.103050483071854,15.1595102137439,1655.0,False
-12.0,-9.0,23.94420316172722,14.517067467335265,1885.0,False
-6.0,-35.0,25.878964521468205,14.182928207454712,2230.0,False
-26.0,-6.0,24.89695103612795,16.48022358905619,1655.0,False
-26.0,-24.0,22.454806617241132,13.967045794903262,1597.5,False
25.0,10.0,25.475643562769434,15.31949297966085,1712.5,False
26.0,8.0,23.79259336276842,15.394361985890368,1712.5,False
24.0,-3.0,25.76278707627383,14.518618987832928,1770.0,False
7.0,6.0,24.510021657417717,14.953256291119365,2115.0,False
-13.0,14.0,23.803945343561633,13.6954967065439,1885.0,False
10.0,7.0,22.9348962336398,16.80196055698729,1942.5,False
29.0,17.0,24.450188028252764,16.716555763927097,1712.5,False
22.0,24.0,22.048908371059046,15.216723912861072,1655.0,False
-21.0,6.0,23.026411150430537,14.109369621315892,1712.5,False
-16.0,16.0,25.687272284207964,15.251421928183165,1885.0,False
-22.0,-27.0,25.70539909295982,13.632954920176715,1655.0,False
-14.0,-12.0,22.763352663188336,14.397012923721785,1827.5,False
-31.0,-20.0,24.147330616964453,15.024453566027049,1597.5,False
-7.0,-17.0,25.642859892731316,15.843317732850709,2402.5,False
14.0,31.0,22.247761280408536,13.593344190880602,1655.0,False
-34.0,21.0,22.500277353092883,13.728381742217262,1712.5,False
12.0,-17.0,23.952872764150978,14.187990727052624,2115.0,False
5.0,4.0,23.038921145691603,15.06640062584207,2402.5,False
-7.0,-11.0,25.609472820651266,15.835150404577494,2287.5,False
1.0,11.0,25.661564029202612,15.046252690988323,3437.5,False
-16.0,-7.0,22.063420916794254,15.374186291941882,1827.5,False
-21.0,6.0,23.654507494696876,13.851685134807624,1655.0,False
13.0,-19.0,23.39193883775334,15.126594379791987,2230.0,False
18.0,-26.0,23.17828690536572,16.434435311738852,2287.5,False
6.0,5.0,22.647860604157394,15.909894894629321,2287.5,False
-4.0,3.0,25.75780733228343,15.720078278364888,2747.5,False
3.0,-24.0,23.654556192503616,16.39327858377163,5507.5,False
-20.0,20.0,25.591334780871435,16.305656814489286,1942.5,False
33.0,14.0,25.87515865519894,17.163930317712335,1712.5,False
-25.0,-12.0,23.632116191140835,13.631243924621455,1597.5,False
7.0,-26.0,22.003174206798334,14.56157302063426,4012.5,False
33.0,27.0,25.170212425143035,16.907329988208158,1655.0,False
-4.0,-35.0,25.71933835626899,13.908325438891136,2402.5,False
-5.0,-3.0,22.5710558012924,15.514793574714707,2575.0,False
22.0,-20.0,22.927276170040045,15.538392300434083,2000.0,False
-24.0,19.0,25.692649692124597,15.020397554747476,1770.0,False
-21.0,-17.0,22.995070824758336,13.507017429542627,1655.0,False
24.0,-9.0,23.80077104677277,14.001185561860092,1770.0,False
-26.0,29.0,22.308010473188983,14.692112475403485,1885.0,False
12.0,-21.0,23.89909400414301,16.12406442274096,2460.0,False
11.0,23.0,25.522135038227994,14.481678670755688,1827.5,False
31.0,34.0,25.513415780043985,14.09059991472295,1597.5,False
-1.0,32.0,24.351032302093937,16.22789916523794,3667.5,False
-20.0,-21.0,22.796375116957176,16.677077694740227,1827.5,False
4.0,-14.0,22.119236771730307,14.020768498834766,4530.0,False
17.0,13.0,24.137931359165734,16.138807097384785,1770.0,False
15.0,16.0,23.276056740473802,14.074550064720116,1712.5,False
17.0,-16.0,25.97549546345322,16.761788801750097,2057.5,False
17.0,3.0,25.201184382653512,13.6620786131216,1770.0,False
19.0,-17.0,24.06405200808657,17.07720020466722,2115.0,False
6.0,8.0,23.793206197477396,14.133583346651138,2172.5,False
13.0,17.0,25.57498746985679,16.121405669545645,1770.0,False
-9.0,-8.0,25.458318443521804,15.99627130264448,2115.0,False
-21.0,31.0,25.572730878601586,16.541695509714867,2057.5,False
1.0,-1.0,25.75246233873574,16.77793249510027,4932.5,False
-15.0,-16.0,25.775889071897982,14.434344728192336,1770.0,False
17.0,9.0,25.2143369000751,16.412826958461824,1827.5,False
-28.0,16.0,23.35927832996025,15.480643560220878,1770.0,False
-13.0,-31.0,22.09452557921645,17.39288169662574,2115.0,False
1.0,20.0,25.29751017885314,17.46030449191801,2862.5,False
-19.0,-11.0,22.515430271619962,17.250836120800855,1827.5,False
29.0,33.0,24.936171443156415,13.559766569331863,1597.5,False
-24.0,33.0,24.028696733788387,16.421175846202097,2460.0,False
-12.0,-11.0,23.59347179019812,13.881422223226101,1885.0,False
30.0,23.0,25.62096605097826,16.259281700149796,1655.0,False
-2.0,-18.0,25.950297869951545,15.098501954662154,2805.0,False
-24.0,6.0,23.43209794187673,15.775731577689148,1770.0,False
-19.0,23.0,24.94809539292327,15.303471770743796,1942.5,False
15.0,34.0,23.644493865420174,15.66770215587736,1712.5,False
-0.0,32.0,22.43906906431239,14.996084981126067,3150.0,False
-5.0,-8.0,24.296767670514527,16.308129430467247,2632.5,False
28.0,-29.0,23.541740835876837,15.015227505937487,2000.0,False
25.0,-8.0,25.992093730756103,13.704930239367776,1712.5,False
5.0,10.0,22.159332705707943,16.73232391386479,2460.0,False
20.0,-5.0,24.857653384206955,13.848822502809599,1770.0,False
-33.0,-19.0,23.81562485243633,14.850449825028774,1597.5,False
5.0,31.0,23.368845047406452,16.475707661610517,2287.5,False
-3.0,-29.0,24.60034735609771,13.97787805826206,2517.5,False
-18.0,-26.0,25.352601808965716,16.085810161510825,1827.5,False
-20.0,-28.0,24.442818197097786,14.962029817493814,1712.5,False
16.0,23.0,22.79582578863042,17.47321866992281,1712.5,False
-5.0,18.0,22.22397920769037,14.002174127709841,4070.0,False
-35.0,9.0,23.327831997138404,16.5861637265518,1770.0,False
-24.0,30.0,25.892563456892198,16.94505973705153,2172.5,False
28.0,-1.0,23.167065658488042,13.917960785505956,1712.5,False
19.0,11.0,22.507618735789627,16.66500262573516,1827.5,False
-18.0,13.0,23.155046998090764,15.91760863744617,1942.5,False
-31.0,5.0,24.786421538819084,16.5411572177861,1712.5,False
6.0,29.0,23.268675562922233,14.481444813596152,2287.5,False
-0.0,-4.0,23.97214757748421,15.29613657928834,5105.0,False
-9.0,9.0,25.570247349772373,13.59342600067415,2000.0,False
-15.0,21.0,24.392288102559352,14.822439597914416,2000.0,False
-26.0,1.0,25.42935942243053,17.34480400981596,1712.5,False
11.0,-28.0,24.708008266275467,14.886945365900429,2402.5,False
-22.0,15.0,23.97432904510031,17.333802697693123,1942.5,False
22.0,23.0,23.462430437830882,16.04719938066584,1712.5,False
-24.0,-10.0,25.528496777227353,15.343138564918014,1655.0,False
7.0,29.0,25.6936644248219,17.171287338931382,2230.0,False
-31.0,-6.0,24.200102073743732,13.714724787511825,1540.0,False
29.0,-18.0,25.132201155483656,15.7168956989698,1885.0,False
20.0,2.0,25.80762977194278,17.04166059487869,1827.5,False
19.0,9.0,25.250422754997935,15.330930218426772,1770.0,False
8.0,-24.0,23.36558903644682,13.924711564098041,2690.0,False
-19.0,20.0,24.780237357192927,14.439832298716954,1827.5,False
24.0,-32.0,24.796640997837056,16.51092856990445,2057.5,False
-6.0,17.0,23.19894622995678,14.208231023753266,2977.5,False
-24.0,32.0,25.9298753620659,15.972194625354014,3667.5,False
-1.0,29.0,25.797747144316922,17.08197462467557,3782.5,False
-28.0,-14.0,22.809622419584993,13.543333676844851,1540.0,False
-4.0,-7.0,23.5500632555509,14.27030579708477,2747.5,False
7.0,10.0,24.94838103994331,13.712159801641349,2057.5,False
32.0,-25.0,25.026166194352935,14.546026593332105,1827.5,False
1.0,-11.0,22.781539931903623,15.161067193655882,4875.0,False
-29.0,5.0,22.65332535599827,14.78281616680026,1655.0,False
-24.0,-16.0,23.96957315760216,15.311649103542573,1655.0,False
-35.0,18.0,25.65250566443223,16.004247256751373,1770.0,False
-13.0,9.0,23.808155211386314,14.681051828131663,1885.0,False
-2.0,-3.0,23.602026722036005,14.95490128996685,3610.0,False
-10.0,-31.0,25.21880621228758,14.855782512338445,2172.5,False
17.0,23.0,24.987056796617836,14.29464547351116,1655.0,False
-25.0,-33.0,23.67858311797026,13.629534701485033,1597.5,False
1.0,26.0,25.489173190909938,15.506738947559123,2920.0,False
22.0,-5.0,22.7633678877279,14.387526679415043,1827.5,False
-4.0,-34.0,22.91661031381236,16.03805313217279,2345.0,False
-0.0,24.0,25.07348911777298,15.25036916855969,3437.5,False
32.0,25.0,22.542248753154063,14.382462502193347,1597.5,False
-3.0,-30.0,23.689663534196345,14.61589584912108,2517.5,False
1.0,29.0,23.42740726348895,14.549654756848222,2920.0,False
35.0,19.0,23.113189353412114,17.199199064392648,1712.5,False
-6.0,30.0,25.412806959481593,16.731636368353747,5047.5,False
-9.0,-8.0,25.99663506410953,14.130175142667298,2000.0,False
-9.0,-25.0,25.410591725614243,16.72741565454228,2287.5,False
-8.0,-26.0,25.60769303243402,17.341067489502333,2345.0,False
15.0,14.0,25.030567104428194,16.45027965887797,1770.0,False
-31.0,22.0,22.881113004006718,16.660500977152576,1942.5,False
-11.0,20.0,24.552767211832993,14.136610293891874,2115.0,False
-24.0,-23.0,23.59902226258249,17.43408832209365,1770.0,False
-33.0,23.0,23.87616690596864,14.995742877273662,1770.0,False
35.0,-1.0,22.59220928040984,16.599933201831405,1885.0,False
33.0,-15.0,23.21010848926806,14.259304493117746,1827.5,False
-20.0,-3.0,24.95037977079364,15.426436249237426,1712.5,False
2.0,34.0,25.511356440090065,14.510482170681033,2690.0,False
19.0,-10.0,24.4867485932053,15.913076892547924,1942.5,False
10.0,27.0,25.329446844917204,13.860470378796014,1885.0,False
-14.0,-17.0,25.48185709056444,17.313092313441242,1942.5,False
34.0,24.0,24.35165659193107,15.075423456940666,1655.0,False
-11.0,-19.0,22.92937512216622,14.50433436317211,2000.0,False
-4.0,25.0,25.644637154515593,16.43527200114464,7462.5,False
-8.0,-34.0,25.209954877138788,13.898350722219968,2230.0,False
20.0,7.0,24.2763220539789,15.55472218749498,1770.0,False
14.0,1.0,25.274997670863225,15.451529274788838,1885.0,False
4.0,-32.0,23.02024988505435,15.479799423543433,6370.0,False
-18.0,-20.0,25.788394015359348,14.32922165263045,1712.5,False
5.0,26.0,23.8961774562383,15.794425910942223,2345.0,False
33.0,7.0,24.78982358723578,15.893550505173152,1712.5,False
21.0,-9.0,24.09559267941996,16.296022472202853,1942.5,False
32.0,14.0,24.829794417219517,14.639686153680827,1655.0,False
-25.0,-7.0,25.304759314214564,14.31901153231114,1597.5,False
32.0,-32.0,23.556638053463402,16.099686948185212,3265.0,False
-35.0,2.0,25.08762255099351,14.95160837095965,1597.5,False
-29.0,-24.0,24.722819102198446,14.710262742352732,1597.5,False
-20.0,18.0,23.01451555344533,13.734382804982525,1827.5,False
21.0,-9.0,22.93760768223702,15.889559658131088,1942.5,False
34.0,13.0,23.504539905282105,14.74404683032058,1655.0,False
27.0,-22.0,25.411806096857905,14.380042859270295,1827.5,False
8.0,21.0,23.94708747878433,14.299637794537528,2000.0,False
8.0,-13.0,24.935963658837792,16.87296128951923,2632.5,False
-19.0,-19.0,23.503174214831628,14.818371446272636,1770.0,False
14.0,-11.0,22.691235677734255,15.509128780635779,2115.0,False
17.0,9.0,22.449213502390695,16.58504194542311,1827.5,False
2.0,4.0,23.404052208044106,16.68843282780019,3437.5,False
-7.0,11.0,24.013818772330872,16.34980252061048,2575.0,False
-10.0,11.0,23.677091926812253,17.225487685269943,2345.0,False
-21.0,26.0,25.18030668999122,15.863990175007412,1942.5,False
14.0,6.0,23.438199598148564,15.050564743524957,1827.5,False
6.0,3.0,25.33884224090287,13.797537071955476,2172.5,False
34.0,2.0,25.065649478706863,14.620544328579898,1712.5,False
-13.0,-19.0,24.98723044918189,17.143537513839345,2000.0,False
-9.0,29.0,25.060299682117623,16.9113609121516,3207.5,False
11.0,-26.0,23.461526297873423,17.132339373657718,3035.0,False
-30.0,9.0,23.903771971653146,15.514339930085942,1712.5,False
9.0,-1.0,25.118701946035387,16.876861625418066,2115.0,False
32.0,34.0,25.08115746418916,17.284903162335368,1655.0,False
32.0,-4.0,22.506374669108894,14.927913867554754,1827.5,False
-22.0,4.0,23.433762041416458,14.652777510688447,1712.5,False
-19.0,-1.0,23.493634366502555,15.911436820078857,1770.0,False
11.0,-14.0,24.39349374826513,15.978017120369127,2287.5,False
16.0,-4.0,24.039524237120904,17.34154489804633,2057.5,False
31.0,24.0,23.94425287497015,15.608524180942798,1655.0,False
28.0,33.0,24.34698575034113,17.140077859072672,1655.0,False
12.0,-7.0,22.600926560755703,15.287759247689852,2115.0,False
6.0,-23.0,25.151162115053573,16.310131357340364,4242.5,False
26.0,0.0,23.087141186989673,14.118038351615827,1770.0,False
34.0,20.0,22.506180406225887,14.71064175277234,1655.0,False
7.0,16.0,22.735325693347235,14.144795800520548,2115.0,False
2.0,5.0,22.602934461746262,17.320873463520513,3437.5,False
24.0,34.0,22.22968047299243,13.524678981440221,1597.5,False
-23.0,10.0,22.69514027958524,14.217390133608468,1712.5,False
7.0,21.0,24.518295575547153,14.981382662911521,2172.5,False
-21.0,8.0,25.26743382454288,14.450827719157349,1712.5,False
15.0,26.0,24.72351422240613,14.461527497213133,1655.0,False
-21.0,-1.0,25.654308135163472,15.372312108326565,1712.5,False
2.0,-27.0,23.699751213504577,13.960275791272204,5220.0,False
35.0,-18.0,22.35877823252759,14.170696740052861,1827.5,False
14.0,15.0,25.86501162280305,15.674372855374688,1770.0,False
-27.0,4.0,25.91039334658765,15.445096611214897,1655.0,False
-22.0,21.0,24.662264895596522,15.056503380882805,1827.5,False
34.0,1.0,25.802480060881468,16.304869280260743,1770.0,False
28.0,10.0,25.8945661832239,15.490089913567031,1712.5,False
8.0,18.0,22.895388579594847,15.61614034060274,2057.5,False
-10.0,7.0,24.293405556119982,17.255479179069518,2172.5,False
11.0,-31.0,25.7117019463547,15.176000895877365,2402.5,False
-29.0,-25.0,22.278455302558925,16.900249295023666,1712.5,False
10.0,5.0,24.25841415435478,16.274223234637287,1942.5,False
6.0,-1.0,22.328734762483634,17.406015122015358,2460.0,False
5.0,-7.0,25.783655126833196,17.409114545995564,2805.0,False
8.0,-10.0,22.55012693018433,14.895092578540574,2402.5,False
-29.0,21.0,22.009722423621884,17.01549745290195,2000.0,False
-10.0,20.0,23.339224070965265,15.391067986158877,2460.0,False
-20.0,27.0,25.65034940613659,15.118210432647597,1885.0,False
-20.0,33.0,23.615363908111934,16.965242537092557,2230.0,False
-8.0,23.0,25.327125861898633,17.422771585015177,3322.5,False
-6.0,-19.0,23.55671843157812,15.728343873424965,2460.0,False
7.0,18.0,23.841943052245508,16.219464605395608,2172.5,False
3.0,5.0,24.90632772927975,14.852406623260986,2862.5,False
20.0,-11.0,25.083382022243498,16.960482180422517,2000.0,False
-11.0,9.0,24.625569888957674,16.046764988137138,2057.5,False
-5.0,23.0,23.736471098241637,13.707993352131641,4012.5,False
29.0,-27.0,22.655184338698874,16.178706741486188,2057.5,False
0.0,6.0,25.784503970490974,14.925569005831877,4760.0,False
10.0,26.0,25.732532347480255,13.837163602547054,1827.5,False
2.0,1.0,23.329067731953582,14.183994388928927,3322.5,False
10.0,-5.0,25.986244603650942,14.096166729115328,1942.5,False
-26.0,-15.0,22.00627374891604,16.582389121871806,1712.5,False
-4.0,-18.0,23.373017950703247,16.48256903458934,2517.5,False
-3.0,27.0,22.51259765540874,16.318904543414256,4817.5,False
-11.0,-28.0,24.30387722691234,16.731981215645625,2172.5,False
-20.0,-15.0,25.949281796065158,15.44108095577481,1712.5,False
18.0,-6.0,24.07505566216023,15.04861901562455,1885.0,False
34.0,-14.0,25.44524099680176,14.195716066372416,1770.0,False
-7.0,-16.0,24.17275464210271,14.022759716112512,2287.5,False
-24.0,-32.0,24.996266718933715,14.453296187829311,1655.0,False
12.0,12.0,23.04927707649863,14.593699900575716,1770.0,False
34.0,-10.0,22.005677443693205,17.061975194307806,2000.0,False
35.0,24.0,22.871846886986372,17.272076929541402,1712.5,False
10.0,-10.0,25.98379159976649,14.110897055877558,2057.5,False
13.0,31.0,22.274246085489544,15.183784882886888,1770.0,False
8.0,25.0,22.465681278908647,16.649512249426554,2115.0,False
3.0,2.0,22.565705327320973,14.296998570029963,2862.5,False
32.0,-4.0,23.320804520540964,15.864629165421944,1827.5,False
14.0,13.0,22.491262522653194,17.279561270697204,1827.5,False
-25.0,-26.0,24.62314955144418,15.936368682077692,1712.5,False
-19.0,-10.0,23.645646810605097,15.679320850263974,1770.0,False
33.0,15.0,24.034269880978403,14.439828325104356,1655.0,False
4.0,6.0,25.00648757691357,15.035987802241394,2575.0,False
35.0,9.0,22.82786469936323,14.413570131921231,1712.5,False
1.0,-14.0,24.746320659202038,14.478413644203652,5162.5,False
28.0,-24.0,23.22567680540927,17.242640449795424,2115.0,False
-22.0,-11.0,25.953501946705,13.961446720647878,1597.5,False
-19.0,-5.0,25.259725731438444,17.070918991802603,1770.0,False
-32.0,32.0,24.580118429561647,15.952412601167257,3322.5,False
28.0,-5.0,22.82860012660921,16.024330994307316,1885.0,False
-34.0,30.0,25.233505746414274,14.463701952420905,1712.5,False
-21.0,6.0,25.0484778581938,16.109667286790867,1770.0,False
2.0,-25.0,23.77145836366769,14.572918303326016,5047.5,False
29.0,-21.0,23.44872136379797,16.6687821931124,2000.0,False
33.0,-3.0,22.914207376046928,15.148096757731837,1770.0,False
-28.0,27.0,22.11224891546266,16.61438731132646,2000.0,False
20.0,-33.0,24.22484252749174,16.988286022705594,2230.0,False
7.0,34.0,22.199954264649673,15.138483708397771,2115.0,False
31.0,1.0,25.918617647468913,13.975313246465545,1655.0,False
-2.0,2.0,23.45428008632512,15.688237662600626,3782.5,False
-3.0,-27.0,24.012888417251585,14.070336450715804,2517.5,False
6.0,-18.0,24.774249225122993,16.51089389562557,3667.5,False
33.0,7.0,25.74673372341351,14.51766074656481,1655.0,False
3.0,24.0,25.801300261883096,16.476083857169257,2575.0,False
10.0,-33.0,22.451557268596897,14.669030757576978,2862.5,False
-8.0,-8.0,23.782312376913914,16.135252933563688,2230.0,False
0.0,22.0,23.075679282347448,13.744651793992151,3437.5,False
-16.0,-1.0,25.90217816453684,14.873238645106044,1770.0,False
-2.0,27.0,24.590789493246763,14.395862435394964,5450.0,False
-6.0,13.0,23.098354119811383,14.40266947133462,2690.0,False
29.0,-12.0,23.668100324815608,13.822427462805868,1770.0,False
11.0,-21.0,24.186628063001756,14.39125331533295,2230.0,False
20.0,7.0,24.138129711645618,14.091572233439575,1712.5,False
-31.0,34.0,23.564083880361636,16.637757080236565,3265.0,False
10.0,-30.0,24.20121167370148,14.952337361415822,2632.5,False
32.0,13.0,25.36492674545404,14.185293655189524,1655.0,False
-24.0,16.0,24.621326796345624,16.049661540320574,1827.5,False
-25.0,-24.0,23.10882663168705,14.114367380335832,1597.5,False
27.0,7.0,25.017585363033,15.470785918470423,1712.5,False
31.0,5.0,24.29117823574143,16.72712240741597,1770.0,False
17.0,9.0,23.606527218264922,16.324693790034605,1827.5,False
16.0,-13.0,22.342730601766092,16.34316175554067,2172.5,False
12.0,21.0,22.34486061161771,16.614786650385902,1827.5,False
33.0,26.0,24.410742948092157,16.293757463512875,1655.0,False
-30.0,-11.0,25.89495840350859,17.13992817378259,1655.0,False
-18.0,-3.0,23.805230245640683,14.993294221476473,1712.5,False
17.0,8.0,22.049263706295164,14.992276886653505,1770.0,False
-31.0,1.0,22.678572835203276,14.356600893406137,1597.5,False
-14.0,32.0,25.443620510621166,17.345568333826897,2460.0,False
14.0,34.0,23.55401514857979,14.439637966348737,1712.5,False
23.0,34.0,25.731837160858333,17.205668777603066,1655.0,False
34.0,-7.0,24.530306947728928,15.548862990132703,1827.5,False
-1.0,-4.0,23.506217155834545,15.776123914766877,4070.0,False
-28.0,5.0,22.435954794188277,14.28416861814437,1655.0,False
31.0,23.0,25.803620761572954,15.222416415443151,1655.0,False
31.0,9.0,25.64887593760376,16.484727555773226,1770.0,False
27.0,-33.0,25.542616179989977,16.135578271350735,3495.0,False
-5.0,2.0,22.735093058912256,14.558646386958209,2517.5,False
24.0,-21.0,24.908585037323746,14.109173292731604,1827.5,False
8.0,-35.0,22.3022132792631,17.095854198491473,4587.5,False
2.0,22.0,23.118029169752937,15.337671633914532,2575.0,False
-13.0,-20.0,25.761703657699123,13.575685226277797,1827.5,False
-22.0,-8.0,23.089438675670774,17.424986625048373,1770.0,False
33.0,11.0,25.801793509487826,16.71320164361588,1712.5,False
21.0,13.0,25.65763219572907,16.95587327709568,1770.0,False
-9.0,18.0,24.711423933973965,15.811058717258302,2460.0,False
30.0,24.0,22.511457378007957,16.322191350441848,1655.0,False
-11.0,-24.0,24.37805182609312,16.878438337943205,2115.0,False
11.0,-9.0,22.62121827889874,15.919765540247662,2230.0,False
17.0,15.0,25.183834826140334,14.6235362138118,1712.5,False
-30.0,-14.0,23.142757476286157,13.954709553969572,1540.0,False
34.0,-12.0,23.995994744556523,16.980252238922557,1942.5,False
28.0,28.0,22.15076571488409,14.278292543182697,1597.5,False
-11.0,-11.0,24.73896811084882,16.99748205350348,2057.5,False
-24.0,30.0,23.722170160646805,14.336410028077166,1827.5,False
20.0,11.0,25.682698039440357,14.10176406333765,1712.5,False
15.0,-16.0,23.97293785339192,16.863333322177915,2230.0,False
5.0,1.0,24.671077298026614,16.83787496935227,2460.0,False
-22.0,21.0,23.529850656219164,16.099383338113412,1942.5,False
-11.0,31.0,25.09757209040265,15.507361046632125,2460.0,False
-20.0,21.0,24.89694835235235,15.538895470434541,1885.0,False
15.0,34.0,22.734231585259483,15.444526575818447,1712.5,False
23.0,-14.0,25.342516816020407,17.23279702914606,2000.0,False
-27.0,-8.0,23.425641439695674,14.121905133880245,1597.5,False
-14.0,6.0,23.051956230576717,13.80184205759171,1827.5,False
-5.0,-7.0,22.5398023725445,16.652413047139657,2690.0,False
-23.0,19.0,24.26068863527996,16.3044045046931,1885.0,False
13.0,-6.0,25.47299401941773,14.52168397134502,1942.5,False
-9.0,-31.0,25.915694883763628,15.43582248194302,2287.5,False
23.0,-35.0,24.022023287833086,13.974866599940045,2000.0,False
29.0,-9.0,22.739213933707497,15.641452730509638,1885.0,False
-3.0,34.0,24.29099891601159,16.691686796921765,4817.5,False
-32.0,-32.0,24.48676622208458,16.74225853328292,1655.0,False
33.0,-15.0,25.881543885884376,14.184476496778952,1770.0,False
-11.0,-4.0,24.454167542110884,14.09015053472731,1942.5,False
35.0,31.0,22.03861704800383,14.569541006798817,1597.5,False
17.0,17.0,22.92507301660342,15.495192547033051,1712.5,False
14.0,30.0,24.489131893810683,16.737526307237722,1770.0,False
29.0,-22.0,22.415332016794345,14.274664486696018,1885.0,False
1.0,19.0,24.04096014740071,14.190991898931225,2862.5,False
15.0,-14.0,22.486239450398323,15.809546224418142,2172.5,False
14.0,-24.0,23.72808360710814,14.673916832445588,2172.5,False
-15.0,18.0,23.985540824065936,15.547381419627978,2057.5,False
33.0,12.0,23.942030295792065,17.15157419534879,1770.0,False
-31.0,-8.0,25.97427674789363,13.726630142410668,1540.0,False
-19.0,8.0,23.118429742913328,14.372564322324271,1770.0,False
-0.0,-6.0,24.18793500670449,15.490184350799463,4530.0,False
12.0,-30.0,25.547391650368386,15.306680773949086,2345.0,False
-3.0,-10.0,25.266708655009452,14.002803956254763,2977.5,False
21.0,-10.0,22.208295630258544,16.3649818668324,2057.5,False
11.0,15.0,23.741262787461757,13.738573957735074,1770.0,False
-31.0,-18.0,22.20345765783665,17.07604831619915,1712.5,False
-32.0,19.0,25.20346777045116,14.363690686896742,1712.5,False
5.0,-17.0,25.782940286924592,16.46632927759817,3897.5,False
15.0,6.0,25.95905558722353,17.36929690937326,1885.0,False
23.0,30.0,25.10187627879925,15.832465647802485,1655.0,False
-21.0,-27.0,23.63112995381928,13.804830475756326,1655.0,False
-23.0,-5.0,22.868649456147118,17.217304172141944,1770.0,False
-8.0,31.0,24.43414350391948,15.137466461783328,3150.0,False
1.0,-6.0,22.276986696775747,17.373156827659997,5852.5,False
-0.0,-1.0,25.33003766209333,15.678043025123536,9072.5,False
-2.0,-21.0,23.927954522997823,16.38772687564997,2690.0,False
23.0,19.0,22.268014285838408,16.15140846415536,1712.5,False
23.0,-24.0,22.643373439100863,14.806668527312379,2172.5,False
-33.0,-22.0,22.787407101569507,15.75464170068522,1597.5,False
-35.0,25.0,22.968443005844637,16.600085598931418,1942.5,False
-1.0,35.0,22.222200812282015,14.651213461584563,3667.5,False
19.0,17.0,24.36824122144778,14.824314655818391,1712.5,False
-28.0,18.0,24.45499971112574,14.369051905937644,1712.5,False
9.0,26.0,22.58796152544894,16.04254469303495,2057.5,False
14.0,-20.0,23.488991360951655,16.4147128773353,2345.0,False
14.0,10.0,22.86988240389121,15.12050868580301,1770.0,False
22.0,13.0,24.72385904009824,15.991538084890964,1712.5,False
-24.0,16.0,24.798800606742514,16.674377718639118,1885.0,False
23.0,25.0,23.476953087760936,14.242446530657638,1655.0,False
14.0,14.0,24.689159044001222,14.475411431455383,1712.5,False
28.0,-14.0,25.046803554444935,15.319095024029277,1827.5,False
-22.0,34.0,22.44308462573787,15.46162867882942,2172.5,False
8.0,4.0,24.34800860346496,16.587496073212066,2057.5,False
-9.0,27.0,25.82670242757135,13.880201924113413,2345.0,False
-5.0,28.0,25.682993339768434,16.805079195616866,6312.5,False
34.0,11.0,24.21388607778917,16.640266520793354,1770.0,False
-20.0,-16.0,23.74422479911693,14.215845372851136,1712.5,False
33.0,8.0,22.677654104999345,13.69636359663366,1655.0,False
-25.0,25.0,23.411425370462375,17.008010457047803,2000.0,False
-25.0,-20.0,24.177657795874453,14.938839690528983,1655.0,False
6.0,22.0,24.600985876186762,13.786953445284087,2230.0,False
-4.0,-3.0,22.15269993778591,15.515674496512068,2805.0,False
24.0,32.0,22.948181153876753,16.76482348461601,1655.0,False
3.0,-24.0,24.650086449305885,15.709743082095912,6657.5,False
29.0,27.0,22.294025638230906,16.18729045270648,1655.0,False
-2.0,17.0,23.295413028046266,14.412156051800045,6427.5,False
25.0,7.0,25.696673402806045,15.654987359715614,1712.5,False
24.0,7.0,23.976343205352656,16.730934299184987,1770.0,False
-8.0,-18.0,22.35426818474341,15.011764056615906,2287.5,False
26.0,33.0,24.537590140841104,14.194901404745575,1597.5,False
14.0,-31.0,25.409669958349532,13.884624155515782,2057.5,False
-34.0,-33.0,23.187106502980594,14.466147840599113,1540.0,False
0.0,30.0,25.46768058507211,13.695407331222691,3610.0,False
-34.0,30.0,24.65397221173324,16.524591466522235,3322.5,False
-31.0,-22.0,23.086968205624775,14.520550809369787,1597.5,False
-12.0,-32.0,23.00419183413081,14.962449427737278,2057.5,False
-23.0,31.0,22.855184655612376,17.1462675905048,2172.5,False
4.0,-33.0,24.481524562277322,15.248966398186608,6197.5,False
28.0,10.0,24.988155152284122,14.963357354697251,1712.5,False
-25.0,-25.0,22.4120579130499,14.170123083657376,1655.0,False
3.0,24.0,23.295443602051723,13.901165283531173,2517.5,False
-2.0,4.0,25.51167019561209,15.242764617912385,3725.0,False
-30.0,-20.0,23.4800778922682,15.039827231823743,1597.5,False
11.0,11.0,24.42168810180729,16.63061072536418,1885.0,False
5.0,28.0,22.08272892264013,14.502987287138406,2287.5,False
15.0,33.0,25.267017100662944,15.477755141424957,1655.0,False
-15.0,1.0,23.226659554279927,13.654893692337136,1770.0,False
-14.0,2.0,23.790126072063533,16.169996796930956,1885.0,False
-3.0,18.0,22.441478115109778,16.474362284421428,6025.0,False
-0.0,-9.0,22.472453088415893,15.542746797717523,3840.0,False
11.0,-3.0,24.709214475950343,14.320559557449496,1942.5,False
7.0,27.0,23.251725486911287,15.514922431831696,2230.0,False
-13.0,3.0,25.704241345459895,16.04371099951041,1885.0,False
13.0,-6.0,25.97117648804332,14.215246888817031,1885.0,False
-1.0,8.0,23.956208065728855,13.777381748974806,8440.0,False
-30.0,22.0,24.87646505279891,16.49317801072129,1827.5,False
5.0,15.0,24.879095999944635,14.774530302580013,2402.5,False
4.0,-15.0,22.011349556366536,15.401839047097623,8785.0,False
2.0,5.0,24.497046447264147,15.96063219099829,3380.0,False
-19.0,-3.0,22.22830230688866,14.026428102347545,1712.5,False
-33.0,34.0,24.343427029785364,14.094443954547001,3092.5,False
-28.0,-10.0,22.948810826108758,16.21405161201655,1655.0,False
-16.0,17.0,24.04997192339954,16.85046206770566,2115.0,False
31.0,30.0,23.64321770520465,16.513657406785963,1655.0,False
18.0,-12.0,25.895477831820447,16.622978892024108,2000.0,False
-24.0,-22.0,24.885994858208676,13.895083797325567,1597.5,False
19.0,1.0,22.354782128840178,13.500604451058251,1770.0,False
-25.0,9.0,23.426699207984516,15.63970789025765,1770.0,False
-21.0,-26.0,22.25054131215422,13.811386040496869,1655.0,False
-18.0,-22.0,24.83684812827132,17.106497727136553,1827.5,False
-2.0,-33.0,22.10094199792891,15.545958533162624,2575.0,False
-7.0,23.0,25.995374119053878,14.84924900546649,2747.5,False
-27.0,29.0,25.81177280147066,15.585897515374835,2000.0,False
11.0,7.0,24.222026318938,14.150546182590107,1827.5,False
-26.0,-16.0,23.682763054720386,15.098036333494676,1655.0,False
-20.0,2.0,23.579751887765624,15.75656466201588,1770.0,False
-12.0,32.0,23.12515415247289,16.50130812622165,2862.5,False
-16.0,5.0,22.34444051656423,13.500157925729471,1770.0,False
32.0,-11.0,22.72355854967349,14.257077762797643,1770.0,False
-18.0,-16.0,25.21407705379506,14.919267208839464,1770.0,False
-12.0,-24.0,23.244882260270227,15.2751513114741,2000.0,False
-26.0,-16.0,25.45448357082337,13.585639591767803,1540.0,False
31.0,23.0,25.090936006783405,14.076455272888781,1597.5,False
-24.0,26.0,25.975276205559656,14.643359891495187,1770.0,False
9.0,-8.0,22.769097441937117,14.361553982348143,2172.5,False
16.0,6.0,24.795548890295592,14.70594626088645,1770.0,False
-29.0,9.0,25.08433118903983,16.756976659158827,1770.0,False
13.0,3.0,24.011544783355742,15.052788137191126,1885.0,False
3.0,-11.0,25.67658111943631,14.711634905759869,3840.0,False
16.0,23.0,22.256563125553757,16.79758691212007,1712.5,False
16.0,-4.0,25.42891943154391,15.07068363486007,1885.0,False
-2.0,-10.0,23.7886673680964,16.204484970833995,3035.0,False
22.0,25.0,23.799333955323277,17.004394811839568,1712.5,False
-26.0,25.0,24.771246911656426,16.303530878281258,1885.0,False
24.0,-32.0,22.146871671923186,15.039824232728094,2517.5,False
11.0,-25.0,22.849602922605243,17.205762725959474,3092.5,False
1.0,35.0,23.99834268945767,15.943155564294953,2862.5,False
-24.0,17.0,25.28251670496636,15.912930168774077,1827.5,False
1.0,-12.0,25.210588235455557,15.03468119262531,5507.5,False
-19.0,2.0,24.529315100996172,13.840480657272938,1655.0,False
22.0,29.0,23.035810332086907,15.978429035101716,1655.0,False
1.0,21.0,23.262080089161902,13.88573315578158,2920.0,False
13.0,9.0,23.74104326114567,13.80146414974741,1770.0,False
31.0,16.0,23.798520235603604,16.199502989070496,1712.5,False
29.0,2.0,22.833145388468914,14.983660330310906,1770.0,False
10.0,-23.0,25.04646689193442,14.178221805551535,2287.5,False
22.0,-21.0,22.498618616394115,16.605607351230663,2172.5,False
-1.0,23.0,25.852234132253763,14.687685154663292,4530.0,False
2.0,27.0,24.861457899684183,16.31882381083699,2575.0,False
31.0,16.0,24.546449679509205,17.21218924489,1770.0,False
-33.0,-20.0,25.824929357490536,13.665108243965676,1482.5,False
-9.0,-34.0,24.286294832249578,16.372142279682073,2172.5,False
-4.0,33.0,23.057747296184267,17.033868387443015,5277.5,False
-25.0,33.0,23.700221905030823,16.45170968178537,3552.5,False
-19.0,32.0,25.283701856713698,16.689773616747388,2115.0,False
9.0,24.0,23.053595744398077,14.666903342458786,1942.5,False
29.0,29.0,23.192951404484614,16.778789340817426,1655.0,False
2.0,-26.0,25.46643064408584,15.509304508922513,5105.0,False
-10.0,11.0,24.46766105185418,17.486274010896082,2345.0,False
-33.0,-1.0,23.364919085856908,14.856875727122237,1597.5,False
32.0,34.0,23.235458688902696,14.521464618087354,1597.5,False
32.0,-24.0,23.817842328992707,17.121246033973012,2057.5,False
-34.0,14.0,22.003796972264162,16.745323054167432,1885.0,False
-2.0,-16.0,22.54302191401622,15.595446739351317,2747.5,False
29.0,21.0,22.150832477085977,15.408722853549259,1655.0,False
34.0,11.0,22.720706861159403,15.425624692392983,1712.5,False
20.0,35.0,25.58890745289786,13.894449376133979,1597.5,False
-31.0,-32.0,25.110132467419923,15.35485078687585,1597.5,False
2.0,16.0,22.024625140596804,14.125031936689739,2805.0,False
10.0,-9.0,25.56794672879614,14.27910450626998,2057.5,False
-23.0,25.0,25.273331984813623,14.343446342478764,1770.0,False
-34.0,1.0,22.76116377984248,15.42963262486359,1655.0,False
16.0,-24.0,22.934781114276163,16.042401929970087,2287.5,False
-27.0,-16.0,22.874972516941565,16.836363646359676,1712.5,False
-5.0,25.0,22.69944240792774,13.512663136604889,4817.5,False
15.0,32.0,24.502293617904623,16.867265318531366,1712.5,False
29.0,15.0,24.54109392470723,15.46417076814252,1712.5,False
10.0,0.0,23.026139721400593,15.065322163942291,2000.0,False
-15.0,-33.0,25.256424888216834,14.022525199229468,1827.5,False
1.0,32.0,23.4563223989544,14.637644120412157,2920.0,False
-3.0,-1.0,22.771723458977473,17.221679749853667,3265.0,False
-33.0,15.0,24.351417292888282,15.100695007935673,1712.5,False
29.0,18.0,24.51465712434236,15.979393509106325,1712.5,False
10.0,6.0,23.625542236225797,17.000893749428144,1942.5,False
-21.0,27.0,22.767316399032367,14.564830688989778,1942.5,False
-25.0,31.0,22.08774461906959,15.627724234648522,2402.5,False
8.0,-25.0,22.996142438222304,14.891830763489828,3092.5,False
-25.0,29.0,23.11406015758221,14.115209173543953,1827.5,False
30.0,21.0,22.125412994709123,15.102791433604708,1655.0,False
-34.0,-32.0,25.117161369614127,17.22703621514021,1655.0,False
29.0,5.0,24.477147837067324,15.7532687983626,1770.0,False
34.0,34.0,23.28827715321586,17.159135654460293,1655.0,False
20.0,-30.0,24.220149925726503,14.200673988375385,1942.5,False
-35.0,-17.0,22.33563031280798,15.378296963403994,1597.5,False
-30.0,2.0,22.46017627179561,17.131845235027292,1770.0,False
-5.0,15.0,23.989185719766134,15.430184194783543,3552.5,False
17.0,-26.0,24.91546726395523,14.473701243180217,2000.0,False
-19.0,-26.0,25.009586183986347,13.948015143909092,1712.5,False
19.0,15.0,23.65657650059012,14.429506743931576,1712.5,False
2.0,25.0,24.989239775533406,16.729814996932504,2575.0,False
14.0,18.0,23.849751151211535,14.275328519366145,1712.5,False
25.0,-29.0,24.19753496999686,16.48671670755246,3782.5,False
20.0,5.0,22.262182947232215,15.058239297495838,1770.0,False
20.0,12.0,25.449315784267483,13.54989278600647,1655.0,False
-18.0,18.0,24.02646699687488,16.03116706159311,2000.0,False
11.0,-19.0,25.738638526914848,13.686651179658504,2057.5,False
31.0,-17.0,22.81821086077832,15.204422000725682,1885.0,False
-30.0,-11.0,23.765180176968386,13.957519624507395,1540.0,False
-29.0,27.0,24.243743566860374,15.41756334546466,1827.5,False
13.0,-14.0,23.293787388920343,17.31428858603065,2402.5,False
23.0,29.0,22.573495754433566,17.467842163020237,1712.5,False
-22.0,-17.0,22.635156854465407,14.611181310764673,1712.5,False
34.0,-21.0,23.29441903636311,13.630665514476116,1770.0,False
34.0,-15.0,24.470542877992095,17.344632679428816,2000.0,False
-26.0,26.0,24.548955157784867,13.881083918500618,1712.5,False
-16.0,29.0,25.629186172074014,16.003695452357032,2115.0,False
-17.0,9.0,22.738553091587605,15.18103670495221,1885.0,False
-4.0,-4.0,24.151407052925308,15.727052786621138,2805.0,False
-10.0,-1.0,23.380061229658157,17.237197373073982,2172.5,False
21.0,-21.0,25.94176505785273,14.460447247714509,1885.0,False
10.0,30.0,25.63751999263222,14.403325372550777,1885.0,False
-27.0,24.0,23.21990436944528,15.63249082369775,1885.0,False
22.0,32.0,25.187995277709632,14.78997585180511,1597.5,False
-17.0,-34.0,22.71361175066442,15.379187501011613,1827.5,False
1.0,-2.0,23.99285587187397,16.93661061965329,5910.0,False
18.0,16.0,22.840354771496926,15.588371526708265,1712.5,False
19.0,32.0,23.667278491156946,16.669092560896374,1655.0,False
-14.0,-23.0,23.77975375305774,17.289323998363916,2000.0,False
-22.0,7.0,24.08964848896256,14.49961085905512,1712.5,False
8.0,31.0,24.573984572300102,14.5247888158766,2057.5,False
-27.0,-30.0,22.791310665724428,13.60888520068295,1597.5,False
-3.0,-1.0,24.26187785867134,17.372798619591865,3207.5,False
-26.0,8.0,22.295991440603736,17.14588398025453,1885.0,False
-32.0,-21.0,25.968196674269187,15.789813234198538,1597.5,False
1.0,-30.0,23.899827649881363,14.990135020861892,3725.0,False
13.0,1.0,22.72415666193697,13.922290873213472,1885.0,False
28.0,15.0,23.345634965093335,14.949850165011012,1655.0,False
3.0,-15.0,24.71612942582674,14.90377860301332,9187.5,False
-35.0,-5.0,25.916997938054283,15.33210716129623,1597.5,False
34.0,3.0,25.09996237896437,17.429251836680354,1827.5,False
26.0,31.0,25.81200322014748,14.979653842842666,1597.5,False
18.0,-8.0,25.892184593038813,14.135669120132317,1827.5,False
-3.0,-14.0,24.77018560047408,16.864964806273694,2805.0,False
-19.0,-8.0,23.397747720847043,16.049869065151572,1770.0,False
-29.0,-21.0,22.62634063544567,15.707539755003161,1655.0,False
22.0,21.0,23.467878108819622,14.314516189279757,1655.0,False
-16.0,-20.0,25.426598321082803,14.416565401256296,1770.0,False
14.0,7.0,23.024598181613367,14.05489037246275,1770.0,False
28.0,4.0,24.254586597167886,17.28052357605201,1827.5,False
1.0,-1.0,25.483781265509368,14.239745818945533,4587.5,False
-21.0,-2.0,24.729564123027448,15.260451853927984,1712.5,False
22.0,20.0,24.588528750267905,15.152978070180973,1655.0,False
-14.0,21.0,25.992137670762357,16.067929988088743,2115.0,False
31.0,-17.0,25.593056492847992,14.81602864168131,1827.5,False
-19.0,-25.0,24.514732569514567,15.028401502839078,1770.0,False
-1.0,31.0,23.28638083867421,14.237589082738,3955.0,False
-20.0,31.0,23.882975882966477,16.244068626555812,2115.0,False
7.0,20.0,23.304066383831447,17.187639624204152,2230.0,False
18.0,-18.0,25.76770873066697,17.011912936711212,2115.0,False
11.0,3.0,25.160315393719767,14.141340976908833,1827.5,False
-7.0,-10.0,24.95764349106503,15.383938284283705,2287.5,False
10.0,-34.0,24.45012895930925,15.81167688105394,2862.5,False
22.0,-5.0,22.137392667157894,16.89763654369102,2000.0,False
-20.0,18.0,23.61104592888248,17.1779753473297,2057.5,False
24.0,-32.0,23.60854924419526,14.14723742530883,1885.0,False
-18.0,28.0,25.203996680175194,13.726186360123899,1827.5,False
31.0,20.0,22.768724177716365,13.895999374453865,1655.0,False
16.0,-21.0,22.400055572524174,14.437097514363032,2115.0,False
-31.0,1.0,23.902578599386217,17.444937431879886,1712.5,False
-1.0,9.0,25.50820580325282,14.575444734037061,7692.5,False
8.0,15.0,22.227009015596472,16.463401699651758,2115.0,False
34.0,2.0,24.809484986719095,13.833094699079552,1655.0,False
-19.0,-30.0,24.201760042379437,14.83834041182853,1770.0,False
-34.0,-5.0,23.948582897716502,14.814203733725112,1597.5,False
29.0,23.0,22.38216976121765,16.628802243427042,1712.5,False
-26.0,13.0,25.235635424088976,15.415705842628459,1770.0,False
-1.0,-35.0,22.2359818170725,15.948781692038617,2747.5,False
-22.0,20.0,23.917606658217494,14.45216749563571,1827.5,False
19.0,5.0,22.794286963871308,14.497833335552158,1770.0,False
25.0,-4.0,23.257238863839817,14.430325771220375,1770.0,False
8.0,-20.0,22.038667159769414,13.930531485842028,2747.5,False
-16.0,-32.0,23.8598750238758,15.091399137675403,1827.5,False
-20.0,-33.0,22.67822641675102,14.456132562123786,1712.5,False
18.0,-8.0,24.684219635579023,16.050847858332393,1942.5,False
-20.0,12.0,23.909911216161987,16.65062654817556,1885.0,False
34.0,19.0,23.81621799781335,14.434111186849552,1655.0,False
22.0,12.0,22.9411452533597,15.815499771610398,1770.0,False
-8.0,11.0,24.970230904757017,14.095505927544995,2115.0,False
5.0,20.0,24.618054143662185,13.872649358122938,2402.5,False
-30.0,31.0,25.635214795971375,13.577700774162095,1655.0,False
10.0,27.0,22.55484118548556,16.96652075708811,2000.0,False
14.0,-9.0,25.633601321675158,15.264758420491695,2000.0,False
8.0,-34.0,24.536663950215644,14.567286777591331,2977.5,False
10.0,15.0,25.633318770798958,15.27447456986908,1885.0,False
-34.0,3.0,24.243062405991516,17.06981592345571,1712.5,False
-3.0,20.0,23.112245081318044,16.281184738710774,6025.0,False
-25.0,-31.0,22.808334317520693,14.471814792529448,1655.0,False
-10.0,-3.0,24.40451617039474,16.034647823375913,2057.5,False
-20.0,20.0,22.38001550579397,14.177865658290193,1885.0,False
-8.0,25.0,23.689829295713086,14.457488338709378,2805.0,False
-1.0,18.0,25.67457161506681,16.502559181097194,4357.5,False
-27.0,7.0,24.325575927813,15.505482376345684,1712.5,False
16.0,27.0,22.816244172683714,14.52185903875787,1655.0,False
10.0,-10.0,24.746680781252014,17.423794702878407,2402.5,False
31.0,-2.0,25.66947681754778,16.115660205622124,1770.0,False
14.0,-33.0,25.42299498233072,14.038419599713073,2057.5,False
-25.0,31.0,22.576605692325074,14.0815621152468,1827.5,False
-32.0,-14.0,22.333185393540926,13.989409495297982,1540.0,False
-24.0,27.0,24.985494584687444,16.6636171751425,2115.0,False
-11.0,9.0,22.21380365906152,16.574955027373083,2230.0,False
9.0,34.0,22.670708025609258,14.517209100583884,2000.0,False
13.0,-35.0,23.840333135692077,17.45046639093505,2862.5,False
32.0,-13.0,25.948519118467537,16.57638926387928,1885.0,False
-23.0,23.0,23.42440201679522,17.080376344609,2057.5,False
-25.0,-31.0,22.77147822582687,16.383260244464754,1712.5,False
-33.0,-13.0,25.42984035276591,15.138503887976578,1597.5,False
-12.0,-28.0,23.68660584961607,14.603767164035048,2000.0,False
5.0,8.0,23.672985489825997,17.27316181832007,2460.0,False
-27.0,-32.0,22.988838990384835,15.481683606868433,1655.0,False
23.0,-15.0,22.4055908750564,15.240994989126303,1942.5,False
25.0,2.0,25.4844394584054,15.55808057378669,1770.0,False
35.0,7.0,23.37753238984989,15.810946699648659,1770.0,False
11.0,-29.0,24.219364676323266,16.597091574380453,2805.0,False
-3.0,-2.0,25.062010412275427,15.9062545360462,3092.5,False
-13.0,18.0,24.95542677580033,16.042446103051315,2115.0,False
12.0,26.0,22.433740512422276,15.488910593098524,1827.5,False
-21.0,11.0,25.053622584406487,13.753050604838336,1712.5,False
-23.0,5.0,23.361499329281155,14.207513778015858,1655.0,False
-14.0,-32.0,24.151109359079904,13.642379259132625,1827.5,False
4.0,-33.0,22.773892166124458,13.946957178989503,6025.0,False
-26.0,-10.0,23.745067807887313,16.80184604586272,1712.5,False
-21.0,27.0,22.59975582064788,13.988548508482204,1885.0,False
27.0,-21.0,23.866805971759113,15.770346416717965,1942.5,False
-10.0,-10.0,22.410485978815167,13.73414155434319,2000.0,False
-3.0,-5.0,22.79520138716112,13.6101336990665,3035.0,False
-3.0,-20.0,25.504609000001285,14.105324190045229,2632.5,False
-29.0,-29.0,23.855472839052698,15.062470710038937,1597.5,False
-1.0,-12.0,25.62138054913282,16.676106993391855,3207.5,False
15.0,17.0,22.902083220364545,16.423840321307658,1770.0,False
-2.0,-10.0,23.864068079878425,13.838081151136162,3092.5,False
-22.0,-9.0,23.847320025314904,17.01293302806466,1770.0,False
7.0,-8.0,24.536559203426812,15.521990328218461,2402.5,False
28.0,32.0,24.504972155138862,14.112602634517657,1597.5,False
-24.0,31.0,22.102029092688507,16.699894876740377,2172.5,False
-32.0,28.0,23.496455105485932,15.09207529948861,1827.5,False
14.0,10.0,22.477973881826802,14.299899526123475,1770.0,False
27.0,-20.0,23.86552633497646,16.187623025792302,1942.5,False
13.0,-19.0,25.794788428460688,15.204793740312397,2115.0,False
27.0,-32.0,23.580999709086086,16.417188685729215,3495.0,False
6.0,0.0,23.810097740295706,15.29256291174828,2287.5,False
35.0,27.0,23.334783363272695,13.725269253589953,1597.5,False
14.0,30.0,22.284949607435372,15.053989977177263,1712.5,False
30.0,22.0,23.995828361247558,16.25281304024833,1655.0,False
13.0,7.0,22.662628197837297,15.583339021388225,1827.5,False
-32.0,-11.0,23.62823138076891,14.590168502162763,1540.0,False
4.0,-34.0,24.925293995283585,15.937740001600302,6140.0,False
28.0,-32.0,22.190148001245728,17.415437880110787,3495.0,False
-21.0,2.0,25.70351982624299,15.052602415931155,1655.0,False
-15.0,-1.0,23.25337114818258,13.830795237531891,1770.0,False
-6.0,18.0,25.324039131056626,14.816329816228738,2862.5,False
32.0,7.0,25.062212927486545,17.24913359456712,1770.0,False
33.0,-15.0,25.9067243158549,16.16941127328118,1827.5,False
4.0,34.0,22.160033468804084,15.544933777178569,2230.0,False
30.0,-32.0,24.852800498709485,16.684119569969052,3437.5,False
-14.0,28.0,25.221710303491268,16.06519228101075,2230.0,False
5.0,17.0,24.010520534971047,15.950387058653073,2460.0,False
2.0,5.0,25.257750604180114,15.521106981450156,3322.5,False
-15.0,31.0,23.59869383655375,17.216853668917178,2517.5,False
19.0,27.0,25.30259591039557,16.84840874675141,1712.5,False
-13.0,-26.0,25.66695754609084,16.97471785797389,2000.0,False
30.0,-4.0,22.63174564833878,13.799736186568094,1712.5,False
9.0,-19.0,22.239476643277396,17.0194392841908,3322.5,False
-32.0,-28.0,24.611122274798415,16.96375240223233,1655.0,False
-18.0,-35.0,22.118842292094758,16.684960594442547,1885.0,False
-1.0,-27.0,25.85592088794546,15.615717327456663,2977.5,False
-11.0,32.0,22.221945654493876,14.489854253957635,2632.5,False
9.0,-4.0,24.657941881097766,15.695863764619764,2115.0,False
12.0,31.0,24.218662822669927,14.227595771505438,1770.0,False
17.0,7.0,24.97834245582317,16.927670277255892,1827.5,False
18.0,-6.0,23.724679021867914,16.754266087277827,2000.0,False
-6.0,-7.0,25.639294683379724,13.57911710520059,2230.0,False
24.0,33.0,24.07226325725982,14.771448343579078,1597.5,False
-20.0,-20.0,24.378232881548104,16.413848594609366,1770.0,False
15.0,6.0,24.241807416446314,13.911801141038106,1770.0,False
-28.0,-33.0,23.752315498212322,15.461322764262633,1655.0,False
22.0,6.0,24.86074743703048,16.03487725138251,1770.0,False
-19.0,20.0,23.639435615009884,16.092232246657606,2000.0,False
-13.0,-9.0,23.37618952445345,13.696388947941005,1827.5,False
3.0,16.0,24.485767984624367,13.74629372589705,2805.0,False
-18.0,-6.0,25.48496321752087,14.680420013218733,1712.5,False
5.0,1.0,25.80131596603739,16.308452472716013,2402.5,False
-24.0,-29.0,23.599191874352655,15.277216849589848,1712.5,False
-33.0,21.0,25.16072643735924,15.665602952435892,1770.0,False
12.0,16.0,24.98744613496447,15.161599446358592,1770.0,False
-20.0,-9.0,24.27466651737113,17.12708542831179,1770.0,False
-34.0,14.0,23.142606454796717,16.817945852998957,1827.5,False
9.0,10.0,25.62470237138375,15.197389611506154,1942.5,False
-0.0,12.0,24.18076103073868,16.021615295425367,3552.5,False
-17.0,-27.0,25.810058509246296,14.617161448462173,1770.0,False
14.0,7.0,24.792487512828504,15.720405716898131,1827.5,False
-18.0,15.0,22.92166454420415,17.05928516980152,2057.5,False
-30.0,28.0,25.315652765710094,14.468746467511835,1712.5,False
11.0,31.0,22.776887403441656,14.520723370120704,1827.5,False
-15.0,-2.0,24.47049221746032,16.21064420662338,1885.0,False
-28.0,-26.0,23.45758335719152,16.143866524895447,1655.0,False
-24.0,20.0,25.40527717733633,13.64773322236195,1712.5,False
-7.0,-6.0,25.10610045381087,16.965435115555948,2345.0,False
-27.0,3.0,22.017012840321613,17.124526350579128,1770.0,False
-4.0,34.0,23.035090454717192,13.742296903577776,5910.0,False
23.0,29.0,23.092623037698118,15.309009142037993,1655.0,False
-10.0,4.0,24.243649102039633,16.05980099160534,2057.5,False
-15.0,0.0,22.663240697751643,16.0858414347533,1885.0,False
-31.0,-16.0,22.705108307492836,13.884788724789999,1540.0,False
6.0,-26.0,25.296792295800778,15.01011211910341,3610.0,False
-18.0,-24.0,24.962783218884134,17.26349325554013,1827.5,False
24.0,5.0,24.740472581925328,13.627947709514771,1655.0,False
32.0,16.0,25.19204305302297,14.894728312252864,1655.0,False
-34.0,-16.0,23.924371556836313,15.298669540500663,1597.5,False
15.0,9.0,24.80397506941425,16.81195592956725,1827.5,False
6.0,-7.0,24.201593787188752,14.228875550159554,2345.0,False
-21.0,24.0,22.65022840679412,13.893445527723136,1827.5,False
-19.0,-3.0,24.121325304707,13.980079949530738,1655.0,False
-17.0,-29.0,22.679493964722177,14.353825565743563,1770.0,False
22.0,-2.0,23.29719430854565,15.833903818170581,1885.0,False
-4.0,20.0,22.080222557752386,15.374272032552515,8095.0,False
-29.0,1.0,23.907837777241458,14.703351782486152,1655.0,False
9.0,31.0,24.97058179359692,14.091077816704837,1942.5,False
-27.0,-29.0,25.34734484142992,17.34448504051106,1712.5,False
29.0,-3.0,23.449790353309798,13.966506165273511,1712.5,False
-5.0,-3.0,22.281164267817267,15.748384552356615,2575.0,False
-32.0,-0.0,24.340355494918093,14.031512893265873,1597.5,False
-10.0,-34.0,24.02322314257809,14.781850144332102,2172.5,False
19.0,-25.0,25.306196650161823,15.85868723408204,2057.5,False
16.0,15.0,24.353653519643,13.729881642883182,1712.5,False
5.0,-31.0,25.338886955949672,14.695033579869609,4645.0,False
6.0,-11.0,22.01348857969193,16.013083790772388,3150.0,False
-16.0,-31.0,24.508841840417105,15.384102298765177,1827.5,False
-33.0,31.0,24.1562329374212,14.768903061454326,3265.0,False
-20.0,-10.0,24.29416962671457,13.693112750234274,1655.0,False
34.0,-5.0,22.154245252867263,15.712183046951214,1827.5,False
23.0,10.0,24.330144190382807,16.741291268253004,1770.0,False
23.0,31.0,25.80142836590867,16.084760343741927,1655.0,False
-4.0,9.0,23.149022754125784,15.878659924013846,3495.0,False
8.0,-9.0,25.830575686119502,16.479515702851742,2345.0,False
-11.0,25.0,23.104861541763977,15.868544325999846,2632.5,False
21.0,26.0,23.1464162183149,13.50794146920449,1597.5,False
-10.0,-19.0,24.67184504570009,13.820601207590489,2000.0,False
-24.0,13.0,25.409180181813237,16.102038408819187,1770.0,False
-17.0,-28.0,25.444267062783844,16.065807742061153,1827.5,False
15.0,5.0,23.044238757892906,16.780425394979957,1885.0,False
-8.0,17.0,22.19959852520463,13.898724946405562,2517.5,False
31.0,20.0,22.639131162682386,13.86132256942797,1655.0,False
11.0,35.0,22.33146717308255,14.887597441707747,1885.0,False
22.0,-7.0,23.099094156612455,15.720511214061077,1885.0,False
23.0,30.0,23.05881526254254,16.390375754156246,1655.0,False
18.0,2.0,22.73320913472588,15.034687934210348,1827.5,False
20.0,-28.0,25.99237379134368,14.830173815716106,1942.5,False
-20.0,13.0,22.443827190688147,14.66348116708613,1827.5,False
-21.0,-14.0,22.218787232693053,16.15334337597894,1770.0,False
-14.0,29.0,24.250116714895302,16.533961226199228,2402.5,False
-33.0,21.0,25.556286042659927,15.28422275155857,1712.5,False
-32.0,-30.0,24.417918550720753,14.149973159325748,1540.0,False
0.0,-12.0,24.085476655460344,14.198159861848087,3897.5,False
-5.0,9.0,23.8415007576425,13.79381139788886,2517.5,False
24.0,-6.0,24.357772998053758,15.041923558879445,1827.5,False
-8.0,-9.0,22.89327834434377,15.709744600393796,2230.0,False
0.0,-24.0,22.854596603801745,17.40811890052415,2977.5,False
24.0,34.0,23.63850162546778,14.437070052127023,1597.5,False
-25.0,8.0,22.408836142391785,16.06639130793829,1827.5,False
12.0,-11.0,24.427772777621964,15.760813298494405,2172.5,False
0.0,18.0,25.023632677775876,14.618564474468716,3610.0,False
-10.0,-15.0,24.75453329652596,16.564752705436852,2115.0,False
8.0,-25.0,22.89885893199688,14.56899362447977,3035.0,False
19.0,25.0,22.311462189730843,15.15561095381361,1655.0,False
-24.0,27.0,22.74635665359208,13.925619257355219,1885.0,False
-6.0,31.0,22.656873515591748,15.074363741560791,5105.0,False
-16.0,14.0,22.370739344582653,15.709265508357273,2000.0,False
-34.0,32.0,23.54918713766585,14.811153288457422,3150.0,False
9.0,1.0,23.518391113330576,13.887927332389452,1942.5,False
-24.0,33.0,23.843742656796444,13.950567041515555,1942.5,False
-21.0,18.0,23.652077052391803,16.134206182950233,1942.5,False
-31.0,-23.0,22.761263153788313,14.614641928606915,1597.5,False
-35.0,-1.0,24.256523304875294,13.705507566837635,1540.0,False
12.0,-29.0,24.44894586788765,14.630851762373547,2287.5,False
16.0,14.0,25.57642415381782,15.481876872431958,1712.5,False
-29.0,20.0,25.97979304069498,15.292316608315172,1770.0,False
-18.0,26.0,23.07242429828831,14.451627777982974,2000.0,False
28.0,-24.0,22.5336480239634,14.893114254934293,1942.5,False
8.0,-8.0,24.387714621360757,16.27921521010459,2402.5,False
-1.0,-3.0,25.042266027700908,16.03088222089933,4357.5,False
-24.0,-21.0,23.844897975065994,15.457287266495335,1712.5,False
6.0,5.0,23.224829642359584,16.01009610243934,2287.5,False
29.0,31.0,24.26033581675944,16.52549673484358,1655.0,False
13.0,31.0,24.437142266472875,15.017062852866058,1770.0,False
11.0,10.0,24.657630035597517,15.333750564665563,1827.5,False
-27.0,-4.0,22.040299485122787,14.951767666932062,1655.0,False
-0.0,-16.0,24.21962464023902,14.892301874517264,3610.0,False
-10.0,7.0,25.563026677420563,13.895910936464526,1942.5,False
11.0,-5.0,22.616414672352477,14.328672784584064,2057.5,False
25.0,1.0,24.64406029921772,15.961924631394881,1770.0,False
17.0,30.0,22.288065571373995,13.679740674808603,1597.5,False
14.0,-32.0,24.690268591898736,15.25075629782997,2230.0,False
19.0,28.0,22.65529376326558,16.438492598075257,1655.0,False
-9.0,30.0,23.38203489933319,15.748608894903377,3265.0,False
-4.0,26.0,24.402464205012997,16.535555273637673,7232.5,False
6.0,7.0,22.2570847349162,14.21294173679556,2172.5,False
-23.0,-4.0,25.819907091732222,14.971876520550985,1655.0,False
8.0,16.0,24.799363318117,13.914145170819111,2000.0,False
18.0,16.0,24.622771754231156,13.507434205710785,1655.0,False
-23.0,10.0,25.487921359467876,14.061110811292163,1655.0,False
19.0,-3.0,23.15364572384519,17.427141429649204,2000.0,False
-27.0,13.0,25.203712096147257,17.197659932610303,1827.5,False
7.0,-16.0,23.930386313950947,16.22655520783255,3035.0,False
32.0,13.0,22.70620293464342,14.101566832857642,1655.0,False
24.0,14.0,22.835648917056474,16.73692746185003,1770.0,False
-17.0,-9.0,22.78715428693887,13.84259102188471,1712.5,False
-30.0,-6.0,24.137660391214325,15.963359305755892,1655.0,False
31.0,-15.0,23.345395238156378,16.76766454166043,2000.0,False
29.0,-8.0,22.920864353543323,16.96712223526717,1942.5,False
6.0,15.0,24.403626825255927,13.688974471760137,2172.5,False
-34.0,-6.0,23.67088405100944,16.036798421395044,1655.0,False
2.0,-1.0,22.73740465871474,14.522029461200066,3437.5,False
19.0,25.0,24.863898606033715,14.158610778546452,1655.0,False
9.0,26.0,24.84155545406917,14.626212947946025,1942.5,False
14.0,6.0,24.34613693178412,16.278804623556837,1885.0,False
-4.0,15.0,25.668136836511728,15.998639145313248,4530.0,False
-5.0,-9.0,23.609114770119817,13.83512312169795,2517.5,False
18.0,23.0,25.22530668763074,16.292883488510057,1712.5,False
3.0,-9.0,23.690507895944698,14.410928490250978,3725.0,False
1.0,-2.0,24.358087133753727,14.43973668403013,4932.5,False
-17.0,17.0,22.594085609878245,13.796143954716499,1885.0,False
33.0,33.0,23.890183349058535,15.212026272055127,1597.5,False
-33.0,-8.0,25.02784717894918,14.887490988934015,1597.5,False
32.0,-29.0,24.406037655790442,15.18644851836138,1885.0,False
-23.0,-8.0,22.193870995198342,15.647431136975142,1712.5,False
-28.0,13.0,25.748371167344636,16.918176898841523,1770.0,False
-31.0,-35.0,22.58479945215488,17.108577767054378,1712.5,False
7.0,8.0,22.188023439952296,15.088982077314423,2115.0,False
-28.0,32.0,22.885151486101147,15.508350652976585,3437.5,False
9.0,-23.0,23.42998405663665,15.78518913854587,2920.0,False
-20.0,34.0,25.25674191172323,16.22605989400423,2402.5,False
-18.0,-20.0,23.56445622554164,14.164100138007372,1712.5,False
21.0,-13.0,24.474416417681667,16.755681128175013,2000.0,False
-14.0,3.0,24.08492978357493,14.44269170523165,1827.5,False
-21.0,33.0,22.311845999248586,16.375906410775983,2172.5,False
29.0,-0.0,23.105668477306068,14.658607667102405,1770.0,False
-0.0,-10.0,22.327179665315533,15.523904599810683,3725.0,False
5.0,-27.0,23.263219196519252,13.677539412816547,4702.5,False
24.0,26.0,23.33974743080408,14.16774470308162,1597.5,False
-25.0,28.0,25.637452554641143,13.833972049648635,1885.0,False
7.0,17.0,24.716777390472796,14.427578347249543,2115.0,False
-13.0,15.0,25.211877602885586,15.779895010658903,2057.5,False
-13.0,11.0,23.482644663433017,13.509697953732186,1885.0,False
25.0,12.0,23.94952068708931,16.941430636748308,1770.0,False
-6.0,-14.0,23.8662616816411,14.873539116292502,2460.0,False
10.0,13.0,24.246411273514795,13.80361692690647,1827.5,False
28.0,7.0,22.281750353853383,15.287053864699716,1770.0,False
-32.0,-24.0,24.394297296774994,16.88899208960889,1655.0,False
5.0,24.0,25.5340192021488,13.954038466439602,2402.5,False
-22.0,-10.0,24.964625396690046,15.716175036997598,1712.5,False
9.0,31.0,24.38738129007668,17.25498608823247,2057.5,False
-31.0,-3.0,22.27920018287392,16.090727789227394,1655.0,False
9.0,-26.0,24.859560927687134,14.55607258106438,2517.5,False
-15.0,-18.0,25.702806540826426,14.266943789803957,1770.0,False
3.0,35.0,23.54679518537744,15.236064853873518,2402.5,False
2.0,-12.0,23.967410079014183,13.673610315768952,11200.0,True
-13.0,9.0,23.60552055213885,16.692530952534124,2057.5,False
28.0,24.0,25.746356601486507,16.292788592322076,1655.0,False
10.0,-4.0,22.39016675881085,14.532766181320248,2057.5,False
23.0,-34.0,22.05166977139713,14.990779806510849,2172.5,False
12.0,12.0,25.81047981635226,15.860257693626185,1827.5,False
-17.0,-5.0,22.16851103735494,15.062393554757104,1770.0,False
-34.0,-11.0,23.15414781409052,14.176757746453617,1540.0,False
25.0,-9.0,22.70232672422344,16.187894202370458,1942.5,False
-35.0,-14.0,22.681217806243048,14.467804351297335,1540.0,False
-0.0,33.0,24.425036994291172,15.668646458624304,3265.0,False
18.0,-6.0,22.75273682965012,14.173611032650449,1885.0,False
14.0,11.0,23.356453053918646,16.8108273774027,1827.5,False
33.0,24.0,22.339857157968744,15.170738396188,1655.0,False
-2.0,7.0,25.131369446236615,14.019915252412934,4012.5,False
16.0,-16.0,23.008046148730852,15.926900398252698,2172.5,False
1.0,2.0,22.493193898317667,14.872950102234427,4357.5,False
30.0,-13.0,23.336819981728343,16.211869824650492,1942.5,False
-11.0,-1.0,24.304056596976736,16.87852734443036,2057.5,False
21.0,29.0,24.772832273677505,15.111203101219342,1655.0,False
-12.0,32.0,25.355303917202328,13.593967926159483,2115.0,False
33.0,-24.0,25.53169014512494,15.831405916453086,1885.0,False
-28.0,-29.0,22.967332766771985,16.936776062421526,1712.5,False
20.0,-11.0,22.689149481090357,14.187330464348143,1885.0,False
-6.0,-13.0,23.15791698110001,15.89995748864994,2517.5,False
7.0,-4.0,24.078357861879585,15.018303295521363,2230.0,False
-27.0,17.0,25.69273179132267,15.197439066516013,1712.5,False
-32.0,26.0,25.239081179512876,16.349130400048125,1827.5,False
16.0,34.0,25.880880724273524,16.349740967422598,1655.0,False
-22.0,-30.0,23.136394625665353,14.200814594158546,1655.0,False
10.0,-25.0,22.867063077923014,16.819640811833665,3265.0,False
4.0,-10.0,23.73999912510835,17.43172435782594,4702.5,False
-16.0,-35.0,22.83271586220498,14.256941429461975,1827.5,False
-24.0,27.0,23.303612828326926,13.6049184504786,1827.5,False
8.0,-26.0,23.82047335259909,14.130106840312585,2747.5,False
14.0,-33.0,24.651439704865,13.506329036359777,2057.5,False
-4.0,-12.0,22.665814440279895,17.15885593682115,2747.5,False
16.0,-4.0,24.467678059320658,14.26991761352476,1827.5,False
12.0,25.0,24.402219776891904,14.886942757807294,1770.0,False
21.0,5.0,23.441371604170946,14.431682077259897,1770.0,False
5.0,-31.0,25.136382740554087,15.003044888864473,5047.5,False
33.0,-13.0,25.002435603922134,13.562050209885308,1712.5,False
-33.0,11.0,25.129191935507844,15.371349084795238,1712.5,False
34.0,-22.0,22.423392908912707,17.266364270476245,2115.0,False
-27.0,-2.0,22.06167835110658,15.606687577839473,1655.0,False
-12.0,8.0,25.312465928089438,16.552998806821083,2000.0,False
6.0,3.0,24.40346976931619,15.937760382672655,2230.0,False
-9.0,25.0,23.17044332912769,16.39262957131896,3265.0,False
-21.0,14.0,22.391392802258018,13.509101980556894,1770.0,False
3.0,-17.0,24.60937948935573,16.077931231694848,9877.5,False
1.0,22.0,23.22655873311966,14.646386148877056,2862.5,False
35.0,5.0,25.97896016874583,17.180745367311093,1770.0,False
-18.0,11.0,24.182862964534856,13.62410553812464,1712.5,False
3.0,-9.0,24.743135181675513,13.766349787698365,3265.0,False
18.0,34.0,25.34296563977722,15.143686478286908,1655.0,False
24.0,-20.0,23.470508265123684,15.348368032714573,1942.5,False
18.0,17.0,22.662719483491944,15.739207336882327,1712.5,False
-0.0,-27.0,25.049693644043398,14.282145101945627,3437.5,False
-8.0,12.0,22.302671932940296,16.766891957092703,2747.5,False
-7.0,3.0,25.46681693474682,15.731523529856174,2287.5,False
-2.0,27.0,22.127656219580786,14.103129400642125,4702.5,False
31.0,-22.0,22.218933774925794,14.83006875399036,1885.0,False
33.0,-5.0,24.28625717104399,15.727283531284655,1827.5,False
-2.0,-21.0,23.52884310699609,16.225419310266098,2690.0,False
6.0,-15.0,23.67784328331059,15.082019604259196,2977.5,False
-14.0,-3.0,23.360778241814824,16.878505139777474,1942.5,False
-34.0,-31.0,25.617774533292167,14.0539338189429,1540.0,False
-11.0,-11.0,25.558116202583758,14.659513983556975,1942.5,False
26.0,-14.0,23.224205668863554,16.687630181941444,2000.0,False
-29.0,-25.0,24.751296865923862,15.64452650130187,1655.0,False
6.0,16.0,22.98235941132978,16.41197709770934,2345.0,False
-28.0,-6.0,23.234770779792846,13.572952241572674,1540.0,False
1.0,19.0,23.2379765641068,15.909856424618425,2805.0,False
5.0,-1.0,25.99503801028971,16.459548122478807,2460.0,False
29.0,-11.0,23.153311426380093,15.433771870082209,1885.0,False
13.0,5.0,25.85615071866834,16.493840203771637,1885.0,False
25.0,-8.0,22.857740191595987,17.493104841928872,2000.0,False
12.0,35.0,24.9134892376827,14.621505132708423,1770.0,False
-14.0,-5.0,25.19670590706101,15.85487902021423,1885.0,False
5.0,7.0,24.310921377412555,16.201169988870102,2460.0,False
-27.0,28.0,22.367177138749675,15.912689258098144,2172.5,False
8.0,-7.0,24.837809802387394,14.303238242623445,2115.0,False
28.0,-3.0,22.604270836975278,14.52740295289354,1770.0,False
26.0,32.0,25.568460140446767,15.824368556462728,1655.0,False
-32.0,8.0,22.591040778419355,15.338048096856362,1712.5,False
-35.0,-35.0,25.974647285411333,16.575674569065747,1597.5,False
33.0,11.0,25.245325702282788,13.994141849500433,1655.0,False
15.0,-22.0,23.916451964089685,14.143461714395102,2057.5,False
-34.0,23.0,23.718688719774658,14.830639529495139,1770.0,False
-31.0,15.0,22.42139469997423,16.89571364636802,1885.0,False
7.0,-30.0,23.232282133566393,15.578971464495515,4185.0,False
-17.0,-35.0,24.037323423021064,15.3221630782566,1827.5,False
-9.0,-17.0,22.97191885182702,13.682951234202669,2057.5,False
-1.0,13.0,23.384804410953738,16.78189206333775,4357.5,False
23.0,2.0,24.159394823604785,16.63840185034786,1827.5,False
-9.0,8.0,23.797013141696645,16.18642328539917,2230.0,False
33.0,-13.0,23.81860304080418,14.01794884564837,1770.0,False
31.0,33.0,24.613164554013274,15.145161895184398,1597.5,False
-0.0,-31.0,24.68065606922572,14.016447207634418,3380.0,False
29.0,-35.0,25.122626588605275,16.127070214031733,3322.5,False
-34.0,28.0,22.61348350630719,15.342761370217266,1885.0,False
-5.0,3.0,25.288919364973125,15.43392463340939,2517.5,False
35.0,-13.0,23.665806890137986,16.00837719698692,1885.0,False
11.0,-34.0,24.38695914512497,15.568474323911868,2632.5,False
-35.0,8.0,24.25183611400378,17.181159155538623,1770.0,False
-15.0,-1.0,23.3983800478536,16.829900728923963,1885.0,False
-7.0,20.0,25.454662956828983,14.553019921440008,2632.5,False
-15.0,30.0,22.374855453299954,16.025384909271434,2402.5,False
9.0,7.0,25.646087316293514,13.693349537120046,1885.0,False
17.0,27.0,22.135525284950386,17.49606965731922,1712.5,False
-25.0,8.0,23.040517970183963,14.635248367979647,1712.5,False
15.0,-27.0,24.837362989928724,15.770346993776412,2230.0,False
34.0,9.0,22.560729648368778,15.47376426891457,1712.5,False
22.0,26.0,24.582648654676518,13.634042241450132,1597.5,False
-29.0,12.0,22.135472049217263,16.43502932450362,1827.5,False
34.0,-16.0,25.62720366106763,17.101334144362987,1942.5,False
25.0,4.0,24.871363202094297,15.482693285083377,1770.0,False
25.0,32.0,25.381267708117804,17.01743836638983,1655.0,False
-1.0,-34.0,23.79283231235196,15.125957147742117,2862.5,False
-6.0,-6.0,23.658342496350684,17.436690258292877,2517.5,False
30.0,1.0,24.283232637652475,16.478527006236682,1827.5,False
1.0,30.0,22.99271506065333,16.224026665761148,2805.0,False
-19.0,-23.0,22.2060411274499,17.015270349582686,1827.5,False
-6.0,-20.0,22.502202514894396,17.04255787942787,2402.5,False
30.0,-22.0,24.21719528429048,15.477135750482544,1885.0,False
15.0,14.0,24.991956782174597,14.581579398466154,1712.5,False
-25.0,18.0,23.283555498168113,13.912008725516364,1712.5,False
26.0,-15.0,23.339147508843716,16.03603447741498,1942.5,False
-15.0,24.0,24.09447567607838,13.518866954899273,1942.5,False
2.0,8.0,22.583245823030786,15.612372696031985,3322.5,False
-12.0,-33.0,24.3790072603271,17.215124276993247,2172.5,False
-17.0,-12.0,23.18078803122047,14.018129852329853,1770.0,False
20.0,13.0,25.25437545623706,14.217598221032146,1712.5,False
-18.0,-28.0,23.31336051946513,14.447223586175937,1770.0,False
20.0,-31.0,25.333037753410892,16.381594716250344,2115.0,False
21.0,-29.0,24.74380180476218,14.150505441377735,1885.0,False
-13.0,24.0,25.030146737908773,15.253501551057068,2172.5,False
-18.0,-11.0,24.188561170337156,15.681622580588947,1770.0,False
34.0,2.0,23.068227483968528,16.51264665168432,1827.5,False
4.0,17.0,23.24594318888218,16.06349342759378,2632.5,False
24.0,9.0,24.219433413638633,15.44942039741203,1712.5,False
28.0,-20.0,23.323677495281807,16.215681700539776,2000.0,False
-17.0,12.0,25.60416480342749,15.489122795069154,1827.5,False
21.0,-3.0,23.400067275808,13.865869541669074,1770.0,False
30.0,-15.0,23.700463924166748,14.677369222206238,1827.5,False
-24.0,-16.0,24.703179515252025,16.958225737057727,1712.5,False
-3.0,-4.0,25.334880134157675,17.25687177932555,3207.5,False
22.0,-7.0,24.947923521790507,16.244043427495903,1885.0,False
-23.0,12.0,25.950520617671465,13.733305573538676,1655.0,False
9.0,3.0,23.38206335367313,13.586049898065053,1942.5,False
12.0,11.0,25.888183680964634,17.38316468355983,1827.5,False
7.0,-24.0,22.551792250342572,16.549629310558018,5105.0,False
8.0,-30.0,25.86667617062224,14.646329934172098,2690.0,False
18.0,-8.0,25.016513805809353,13.735466192030827,1827.5,False
32.0,-4.0,22.8236889727566,13.922580653097853,1712.5,False
-11.0,6.0,25.68998658632847,14.762702804718113,1942.5,False
-13.0,-33.0,24.851491749802676,14.024342497512901,1885.0,False
8.0,28.0,22.22301699469842,14.49269677978419,2057.5,False
-19.0,8.0,22.87111984109533,13.785456496585327,1712.5,False
-30.0,1.0,24.142820321832616,14.852550511482026,1655.0,False
21.0,-20.0,22.56498179587883,14.754577991847068,2000.0,False
-33.0,1.0,23.630487327062262,14.838178668914894,1655.0,False
7.0,11.0,25.824777665919033,17.09503504817413,2172.5,False
26.0,-20.0,24.301879342826325,14.00648475713725,1827.5,False
-8.0,29.0,22.132924337558464,14.80091311384742,3552.5,False
18.0,-2.0,22.632496297871985,14.011871801750143,1827.5,False
16.0,-20.0,23.328221645213755,14.029157088387866,2000.0,False
32.0,27.0,22.525305418521196,13.632347499028134,1597.5,False
-31.0,-25.0,22.443269387012535,16.215665283887535,1655.0,False
1.0,3.0,24.020476191659775,15.58581482838215,4300.0,False
1.0,-16.0,22.09799973250729,16.30574475084028,3725.0,False
-33.0,0.0,23.381868346795248,14.05355951432597,1597.5,False
-34.0,25.0,22.037308305739728,16.74143435461621,2000.0,False
25.0,29.0,22.926756862125686,14.215293453994331,1597.5,False
31.0,-13.0,23.61407009956025,15.663529357018204,1885.0,False
-14.0,-30.0,25.318643378763703,17.34586646162076,2000.0,False
-14.0,-14.0,22.674006532628272,13.852517858755506,1827.5,False
16.0,18.0,23.001627584798154,14.196130550478529,1712.5,False
16.0,-18.0,22.388660500054012,15.057002159339401,2115.0,False
-20.0,23.0,22.094339881641087,14.15271795929523,1885.0,False
-23.0,-28.0,23.609110425067854,15.531857943483969,1712.5,False
-24.0,-21.0,23.899312666084043,17.080945162119427,1770.0,False
-2.0,-3.0,24.960601890563716,14.647501971829355,3552.5,False
24.0,27.0,23.908777957007743,17.395733779506447,1712.5,False
34.0,14.0,22.36727437076782,16.858247928821957,1770.0,False
16.0,20.0,24.12886549351315,14.122628444435644,1655.0,False
3.0,-21.0,23.176256109268945,17.313033818778564,5220.0,False
31.0,-33.0,24.493257686949434,14.365289999356987,3207.5,False
-23.0,35.0,24.663757625413105,15.579260748421325,2057.5,False
-27.0,21.0,24.309032718004275,13.956668260471645,1712.5,False
21.0,2.0,24.17688494987686,15.47858398712204,1827.5,False
-19.0,-26.0,24.642741653788725,17.06959153120176,1827.5,False
6.0,-25.0,22.626390977007222,16.770589559368684,6255.0,False
15.0,-19.0,25.895183847757504,13.85754058473109,1942.5,False
13.0,-28.0,25.125897762365472,15.325322565191097,2287.5,False
24.0,-25.0,23.648283754701964,14.762827536162197,2115.0,False
-33.0,-24.0,25.02709394192322,15.68440913299988,1597.5,False
-32.0,-18.0,25.10704728807736,15.333558017382936,1597.5,False
-0.0,5.0,23.474691924595756,16.723823312006413,4702.5,False
16.0,-22.0,25.090816400411235,13.884561475336167,1942.5,False
-20.0,-17.0,22.736860190774344,15.77369533557209,1770.0,False
31.0,6.0,25.75382069461071,16.53319413152195,1770.0,False
7.0,-24.0,22.12036620183757,13.66945439491666,3150.0,False
-11.0,-21.0,23.661914985198614,16.597935052648737,2115.0,False
27.0,-28.0,25.197155939003817,14.832835061381086,2000.0,False
18.0,22.0,25.128036809640953,15.156001002008043,1655.0,False
-34.0,-15.0,25.762631207196687,14.784690472828395,1540.0,False
4.0,25.0,23.26862929520871,15.020036025716076,2402.5,False
-25.0,14.0,25.97020564019877,13.516558498122928,1655.0,False
-7.0,25.0,25.3427788841122,16.165018199214934,3437.5,False
-4.0,-12.0,25.612258275881008,13.79262412653142,2805.0,False
-11.0,21.0,25.964175737415623,14.238180009490893,2057.5,False
27.0,31.0,22.967587465105662,17.23875897632645,1655.0,False
7.0,-3.0,22.72861835888373,14.578204707879797,2230.0,False
12.0,9.0,22.81056582033358,15.470222753622064,1827.5,False
31.0,7.0,24.97769322236672,14.085389047774042,1655.0,False
11.0,8.0,24.25047093448189,15.104770468897955,1827.5,False
19.0,-23.0,25.79796237828782,14.317852230758826,1885.0,False
16.0,0.0,24.519712710621786,15.619294434659075,1885.0,False
0.0,-15.0,25.624100383696273,15.057208437045547,3725.0,False
16.0,-12.0,25.185285438040847,16.043281645269047,2000.0,False
-7.0,-16.0,24.23147230733943,17.4172025722348,2460.0,False
21.0,33.0,24.644058073657526,16.214825830486824,1655.0,False
30.0,4.0,23.673366413735344,17.205736850526183,1827.5,False
-15.0,1.0,25.6717856517866,15.11064150450009,1770.0,False
-5.0,19.0,22.832487167259224,16.85704842063569,7692.5,False
-27.0,-29.0,22.907938539351314,16.213348510555964,1712.5,False
25.0,-35.0,25.97145208493527,15.340388182476865,3437.5,False
-27.0,5.0,25.492980814370565,13.900220382923953,1597.5,False
30.0,-7.0,24.299573112767106,15.002652195626066,1770.0,False
8.0,11.0,22.00498841754467,15.483564921528908,2057.5,False
11.0,21.0,22.735980130371853,16.165114749360505,1885.0,False
-5.0,-14.0,23.308447508477798,17.24651125294246,2690.0,False
-28.0,-6.0,23.413080262717976,13.672001338979463,1540.0,False
27.0,-1.0,23.206845565740284,14.958231778245386,1770.0,False
-2.0,-8.0,22.450020368400885,16.54460839161428,3150.0,False
20.0,2.0,22.75171351799974,17.32321726052399,1942.5,False
-28.0,32.0,22.016752282685843,14.866921142083898,3380.0,False
-22.0,-2.0,25.665538529575073,13.571358373578821,1597.5,False
-24.0,-29.0,25.701991195952893,15.91114902995729,1712.5,False
-23.0,28.0,22.618057795786257,16.09157054133624,2057.5,False
19.0,-18.0,24.643342072540598,16.163485240867665,2057.5,False
-31.0,18.0,22.300484982999475,14.104054235076603,1712.5,False
-18.0,21.0,22.754444713795596,15.458438677725363,2057.5,False
-25.0,3.0,22.556293884032087,14.556370384426579,1655.0,False
6.0,14.0,25.631592981905065,14.91685913949472,2230.0,False
-31.0,-26.0,24.083830018051323,16.246797466991225,1655.0,False
19.0,-27.0,25.629901388052147,16.102609863377523,2057.5,False
20.0,-31.0,24.33611356950584,17.00247108191253,2230.0,False
8.0,-1.0,25.006479543211967,16.876229606716727,2172.5,False
-23.0,13.0,24.41073883055376,13.705949392272862,1712.5,False
-24.0,18.0,25.33209001043872,14.332180526541364,1712.5,False
-25.0,-10.0,25.05945587501614,16.36143063349745,1655.0,False
-27.0,-3.0,24.69910871387531,16.97951912309862,1712.5,False
16.0,-19.0,22.032916966334437,16.099502541488278,2287.5,False
22.0,-16.0,22.61756847454821,14.093801627230512,1885.0,False
-3.0,31.0,24.81273724418051,14.21711785883855,7232.5,False
-34.0,27.0,24.75838725263053,15.069078692820316,1770.0,False
-18.0,-24.0,22.277092768865163,16.864363812528907,1885.0,False
32.0,-20.0,24.491792612515034,15.511800342169769,1885.0,False
-23.0,7.0,22.1215314769243,15.580414805525164,1770.0,False
4.0,-3.0,25.692243434113074,17.03004096435497,2805.0,False
5.0,2.0,23.25714389033442,14.219699691313066,2345.0,False
27.0,-29.0,23.82689561143414,15.595556270290071,2057.5,False
-17.0,34.0,23.29901112531012,14.069249916269793,2000.0,False
31.0,26.0,24.422646272711642,13.813876232886075,1597.5,False
13.0,2.0,24.195323435430577,14.70303216788348,1885.0,False
18.0,-13.0,25.102838983073575,15.861717394707496,2000.0,False
-26.0,9.0,24.370362204285684,16.908056613604145,1827.5,False
24.0,-20.0,24.59096648681863,15.833157632398157,1942.5,False
-34.0,3.0,22.559469434371973,15.256465204214086,1655.0,False
19.0,-2.0,24.03328304846181,13.740472461295262,1770.0,False
-0.0,-0.0,24.085685969035303,13.96302032040813,11200.0,True
-3.0,-19.0,23.837565756392777,16.122210483168008,2575.0,False
9.0,2.0,23.756262842422405,17.49245838752047,2057.5,False
-33.0,3.0,23.79109809264348,15.734795734543267,1655.0,False
-12.0,-24.0,24.762378586692897,14.171395079608303,1942.5,False
-10.0,21.0,24.051915105003186,13.847227700097223,2230.0,False
-33.0,16.0,23.604200727338082,16.494020847750384,1827.5,False
4.0,9.0,25.227115988733548,17.45960360406852,2690.0,False
-24.0,-30.0,22.592634214272014,14.567827531837528,1655.0,False
-33.0,30.0,24.931339561479994,16.374104879880367,3380.0,False
-14.0,9.0,24.6261492492745,16.628906885817365,2000.0,False
-3.0,-19.0,22.377457677296615,15.465407286811022,2517.5,False
-24.0,21.0,25.022930341791344,16.30569108450897,1885.0,False
22.0,3.0,24.882750642722666,16.99549589392086,1827.5,False
11.0,16.0,22.110159360981037,17.196556076808626,1885.0,False
-23.0,-18.0,22.40817758021682,13.730720594122529,1655.0,False
-22.0,11.0,23.97286508326937,16.635176428797013,1885.0,False
8.0,4.0,25.55983560887487,14.892723890179271,2000.0,False
-16.0,34.0,25.00605754245546,15.486098077597081,2115.0,False
16.0,-26.0,24.209593536766306,15.007859337756555,2115.0,False
16.0,15.0,23.490881067096286,16.091178832617423,1770.0,False
-26.0,24.0,22.675835041698818,17.03932910009379,2057.5,False
4.0,-32.0,22.044646219168,16.62296444479131,4932.5,False
27.0,-15.0,24.338842503042176,14.0516798962314,1770.0,False
23.0,-2.0,22.772564793162914,15.019560140294768,1827.5,False
-26.0,16.0,24.13272512909608,14.284775706159476,1712.5,False
10.0,10.0,22.76259595081347,14.410968014156062,1827.5,False
-20.0,-18.0,25.308418746952185,14.702669272919511,1712.5,False
-32.0,24.0,25.999681073362844,15.019334191001136,1712.5,False
-12.0,-23.0,23.914723306405474,15.812751231724318,2000.0,False
-16.0,-29.0,22.070259085570708,16.886073292584847,1885.0,False
-24.0,-13.0,23.681450001898845,17.204495178423844,1770.0,False
10.0,4.0,25.638268003611824,15.938669257352931,1942.5,False
9.0,-28.0,25.810849544778545,16.994799044466102,3035.0,False
-33.0,22.0,24.059792801506056,14.725831456844565,1712.5,False
23.0,-21.0,22.88182439238379,14.756466389270168,1942.5,False
10.0,13.0,25.6769653676498,17.44647242486769,1942.5,False
-4.0,1.0,25.7127042329139,17.494150811729977,2862.5,False
-22.0,33.0,23.91073139624963,16.667055570296437,2230.0,False
-15.0,28.0,23.138242555934795,17.232789241818185,2517.5,False
11.0,9.0,23.49559015737938,16.526088576628247,1885.0,False
24.0,-1.0,23.22816807716675,15.53971996919637,1827.5,False
5.0,8.0,24.167999567565875,16.332505735090738,2460.0,False
14.0,21.0,25.016399383632173,16.348332872593343,1712.5,False
-20.0,33.0,25.752284833085724,16.1013121263112,2115.0,False
-16.0,-11.0,23.559349008537296,14.620473279290422,1770.0,False
-20.0,-22.0,24.92471900476114,13.693732665769884,1655.0,False
-28.0,24.0,22.239391524065397,15.784990099997387,1942.5,False
-2.0,-9.0,25.250646750208,15.598650834319082,3207.5,False
33.0,1.0,24.3554292060986,16.68467099484947,1827.5,False
-33.0,18.0,22.258070483126595,16.15757152101406,1885.0,False
-16.0,12.0,22.29930630078203,16.20677987965111,2057.5,False
-16.0,14.0,24.813635607996687,14.643421334720482,1885.0,False
13.0,10.0,23.513007093565836,17.417717181739018,1885.0,False
23.0,-35.0,25.75196897186098,14.012920789852187,1827.5,False
-18.0,24.0,24.588405849672963,14.191574241867093,1885.0,False
16.0,29.0,24.14205179898582,15.017479554113713,1655.0,False
-28.0,-20.0,25.418027499183797,16.066153291646884,1655.0,False
-7.0,30.0,24.269949491624946,13.713911095327797,2977.5,False
23.0,-34.0,24.935395385096403,16.072425114885114,2057.5,False
-11.0,-14.0,23.130170947143913,15.451035349994864,2000.0,False
25.0,-22.0,23.62707030714732,14.15255672044859,1827.5,False
26.0,-23.0,23.887218911287924,14.522644776624803,1885.0,False
-5.0,4.0,25.842578880605135,15.907891221410841,2575.0,False
28.0,26.0,25.238054951012188,13.72437556700596,1597.5,False
-16.0,-13.0,24.679983933556866,14.985739460590239,1770.0,False
-22.0,-5.0,23.138825911394438,14.490684473130933,1655.0,False
-25.0,-20.0,25.48217466583264,14.19946599122576,1597.5,False
-32.0,-7.0,24.47545814475675,17.33701398109241,1655.0,False
15.0,-32.0,25.923545678494285,14.56163616742816,2057.5,False
-16.0,-15.0,24.512422963193004,14.767451466469229,1770.0,False
18.0,28.0,23.83126316845877,17.439511691501217,1712.5,False
-1.0,-2.0,23.744522432456343,16.44971503843339,4702.5,False
-6.0,14.0,22.404331597630105,16.860102025450544,3897.5,False
28.0,33.0,24.323184932745853,15.9774691808145,1655.0,False
23.0,28.0,24.648363147508938,13.512992650195287,1597.5,False
24.0,31.0,22.672644840219014,15.952593155321942,1655.0,False
-17.0,-10.0,23.989495315448444,14.241286708170492,1712.5,False
-28.0,-25.0,22.528380213631554,14.497485841412214,1597.5,False
1.0,-12.0,23.603148391359827,15.8024596112318,4702.5,False
-30.0,3.0,25.6709891681974,16.461139747509854,1712.5,False
-31.0,-30.0,23.34167948834433,16.394163181980225,1655.0,False
29.0,4.0,23.4082964442323,14.796253038775317,1712.5,False
34.0,-13.0,24.059730687871,15.94918561360546,1885.0,False
-31.0,-22.0,24.23967032807881,16.691636305837584,1655.0,False
-32.0,-33.0,23.261104506620832,15.112861451580187,1597.5,False
8.0,32.0,25.00650222250003,16.954150360597783,2172.5,False
-21.0,-7.0,23.308081733365306,15.155636328933657,1712.5,False
26.0,-23.0,22.345018216887926,17.007297087601,2172.5,False
3.0,13.0,24.5158492892411,17.18981562071052,2920.0,False
-19.0,27.0,22.862285116547536,14.311494071838833,1942.5,False
-5.0,-9.0,22.84301726366226,17.287524063511693,2747.5,False
22.0,-29.0,22.618088646607454,15.666333747667291,2115.0,False
21.0,17.0,25.918795657111552,17.0706952466856,1770.0,False
-0.0,-21.0,24.737203802080195,14.846758654122283,3437.5,False
26.0,24.0,23.256339569704668,14.037530349627994,1597.5,False
14.0,-21.0,22.677683702480625,14.3632496415996,2172.5,False
-30.0,4.0,24.082838703163993,16.95632657207883,1770.0,False
25.0,33.0,23.256276512623863,15.19309915440752,1597.5,False
24.0,-17.0,24.126127027885786,16.37005271463888,2000.0,False
8.0,12.0,25.42006304679137,13.988927674807835,1942.5,False
15.0,-4.0,25.600788473524357,14.571522801814622,1885.0,False
14.0,-29.0,23.846309798986397,17.338055402038105,2632.5,False
-15.0,4.0,24.9700161917166,16.98681794860895,1885.0,False
-32.0,-20.0,22.879454627518655,15.948048111175684,1655.0,False
24.0,-30.0,23.145969339673698,13.591308126505863,1885.0,False
-16.0,-1.0,24.97739966448779,15.61083022753661,1770.0,False
24.0,9.0,22.6546162929267,17.428671869092096,1827.5,False
-10.0,16.0,23.282969536395647,16.062417598182925,2460.0,False
33.0,-18.0,24.314251972879475,14.591333484803544,1827.5,False
-26.0,22.0,23.617197306044865,14.12097963926524,1770.0,False
14.0,-28.0,24.164675281607057,16.24072027794722,2402.5,False
-32.0,11.0,24.063941269067936,14.851259995415063,1712.5,False
-34.0,-21.0,24.978669980903625,15.92846506305402,1597.5,False
-27.0,-7.0,25.056049719869897,16.966996292171032,1712.5,False
-33.0,17.0,24.340127775576285,16.381862523942974,1827.5,False
-6.0,-10.0,23.003152280532337,15.45608690593267,2460.0,False
-27.0,22.0,25.814702701859176,15.294229035419285,1770.0,False
-26.0,-5.0,23.73829700796843,15.595926626030712,1655.0,False
26.0,-4.0,22.64364451899077,16.552209186651186,1885.0,False
10.0,-4.0,25.30356115568033,15.988703319866584,2057.5,False
-16.0,-1.0,25.208503761941728,16.319346173773077,1827.5,False
13.0,-32.0,22.6807337915858,14.587054217471858,2402.5,False
34.0,-2.0,25.722703570541917,15.794593380880073,1770.0,False
-34.0,-35.0,23.28636188434522,15.735105381021025,1597.5,False
15.0,16.0,24.060547354504262,15.446013605412489,1712.5,False
29.0,20.0,23.957760216371096,14.549211612683782,1655.0,False
18.0,-6.0,25.326263536693077,15.030276954102275,1885.0,False
-9.0,33.0,24.679546781375553,14.73276978276706,2747.5,False
-22.0,-12.0,23.982786248185445,16.810690742038894,1770.0,False
-31.0,-31.0,24.648358422353947,14.80701064660551,1597.5,False
27.0,-5.0,23.1378495311276,14.540851154646614,1770.0,False
-33.0,30.0,24.83052777672199,16.92295984709292,3380.0,False
-16.0,-13.0,25.559680927358524,14.890403759989884,1770.0,False
1.0,-18.0,23.966560146700328,15.30460797707245,4185.0,False
24.0,30.0,22.39291144078959,15.982518859924514,1655.0,False
-1.0,3.0,24.033230168213343,14.560915608150314,5737.5,False
-32.0,-8.0,23.932365356856643,14.178962199642731,1540.0,False
12.0,-20.0,23.405241812288885,13.92537960592534,2172.5,False
28.0,-30.0,24.481484459295366,15.060376333137855,1942.5,False
-31.0,34.0,23.525417208560786,15.293174176296281,3207.5,False
-7.0,-20.0,24.605114613375964,17.292082041865875,2460.0,False
7.0,-24.0,23.301524504893795,15.862207600041074,4070.0,False
-9.0,1.0,22.95581281846602,17.040376459945854,2230.0,False
15.0,-19.0,25.14716173072202,13.970978809719485,1942.5,False
-17.0,-18.0,23.960429788195267,16.902936137467293,1885.0,False
-8.0,0.0,23.206128020533786,16.250524183379376,2230.0,False
26.0,7.0,22.864220813771514,16.117752786566484,1770.0,False
-4.0,-26.0,23.948665705294072,16.62401968656458,2402.5,False
-7.0,-15.0,23.5508227719319,16.390858310677565,2402.5,False
31.0,-15.0,23.96095672836941,15.704019339096973,1885.0,False
-6.0,-3.0,22.625353456500083,15.09992461816554,2402.5,False
-9.0,-32.0,23.636346197902736,17.419035155843112,2172.5,False
-26.0,-19.0,22.668264864637283,13.57327669211628,1597.5,False
10.0,-3.0,23.346477572398946,15.595300065189873,2115.0,False
8.0,-13.0,24.079004361038635,15.394458325260768,2460.0,False
12.0,24.0,22.758363865298573,16.046104446415764,1827.5,False
34.0,-32.0,22.03589426891829,13.763037376545059,3092.5,False
26.0,-29.0,25.247782910304885,16.579894821780044,2057.5,False
-17.0,-18.0,25.694610449109888,14.307388507848934,1770.0,False
33.0,-17.0,25.63017208276628,15.964752170368522,1885.0,False
-3.0,-10.0,22.586742714259735,16.57509418828199,2920.0,False
16.0,7.0,23.49753193383978,17.09135126560308,1885.0,False
-15.0,25.0,22.037368488081032,16.817043166291988,2517.5,False
-3.0,-30.0,24.6153296976654,14.440260537285406,2517.5,False
33.0,28.0,22.424395306068984,13.59578192550712,1597.5,False
21.0,3.0,23.634068127689936,13.767288339625612,1712.5,False
13.0,26.0,24.331051200079838,16.531302554141597,1770.0,False
28.0,-0.0,25.14308196741374,16.220289115674476,1827.5,False
-19.0,29.0,25.063336654801137,15.985078054330483,2000.0,False
-30.0,13.0,24.59995858973413,15.715685983347518,1770.0,False
-15.0,-28.0,25.28533646105345,14.94189235336774,1827.5,False
14.0,-18.0,24.517325366253047,15.260058758848231,2115.0,False
26.0,-4.0,25.46308065598687,16.136860898994957,1827.5,False
-18.0,-6.0,25.88116848896942,17.42291975149218,1827.5,False
-1.0,-5.0,25.73948026577775,13.518530351270302,3955.0,False
15.0,-2.0,23.36499943565392,14.31516320772367,1885.0,False
3.0,-23.0,25.293076115536415,15.072780376258233,8555.0,False
27.0,-10.0,22.302645756486715,16.58286210749082,1942.5,False
32.0,19.0,25.792661720770035,16.659386430689125,1712.5,False
-34.0,13.0,24.63608264105409,15.802934690491721,1712.5,False
12.0,-9.0,25.992557992554953,17.063965900088277,2172.5,False
-14.0,-15.0,25.920632738580963,17.384005061127304,1942.5,False
0.0,16.0,25.4064510700483,16.38357323768603,3495.0,False
-1.0,-0.0,23.624925393272033,16.646653097981968,5105.0,False
-26.0,-19.0,25.51528942146606,14.541912441263957,1597.5,False
-31.0,20.0,23.473068725528105,15.014628528840346,1770.0,False
-34.0,-8.0,23.37603639249636,16.72313236433538,1655.0,False
-8.0,19.0,24.106897738413107,16.216061888636382,2862.5,False
19.0,-19.0,24.4479921379517,15.737763247154879,2000.0,False
18.0,-33.0,22.4242517074723,14.45506076203145,2115.0,False
24.0,27.0,25.20825901031977,16.77580800167831,1655.0,False
2.0,-1.0,25.970183278117148,14.727606021099382,3380.0,False
13.0,-24.0,24.83194128814305,14.009030981873178,2115.0,False
-23.0,18.0,22.45441985287076,15.782599722431906,1942.5,False
-3.0,-12.0,25.799190150500095,15.605462426389854,2920.0,False
9.0,25.0,24.68727756607811,15.484460825574049,2000.0,False
3.0,13.0,24.688781926058777,13.959219867090741,2862.5,False
-24.0,-33.0,25.605580024402983,14.491030989933094,1655.0,False
26.0,7.0,24.42026881012868,16.074719374501854,1770.0,False
-1.0,26.0,25.47578538727381,15.231132858522194,4185.0,False
29.0,-17.0,24.10567007962685,14.119156322559355,1770.0,False
9.0,31.0,24.18915659014492,13.501939242086978,1942.5,False
0.0,6.0,24.67833935869212,15.959147108443197,4530.0,False
-3.0,-23.0,24.909994357069163,17.18719905198329,2575.0,False
-8.0,27.0,24.9548164051047,17.29879786214847,3782.5,False
23.0,13.0,24.825494816189487,14.841904240546535,1712.5,False
9.0,-32.0,22.912738309552292,16.38434968687343,3667.5,False
21.0,-21.0,25.982106660021653,15.487332473323196,1942.5,False
11.0,32.0,22.79062851862968,16.750834671738005,1942.5,False
-21.0,-24.0,25.563390341251353,16.824405864958216,1770.0,False
-30.0,-26.0,25.265790964017796,15.346449169523199,1597.5,False
-28.0,15.0,24.232165443937355,14.055201166980083,1712.5,False
-3.0,18.0,24.127090031992747,13.664239937308265,8670.0,False
9.0,-28.0,25.48759769509492,15.326502270207627,2690.0,False
11.0,-29.0,24.516317333029672,14.617830031489477,2402.5,False
-19.0,29.0,23.437601085274146,15.041471497737433,2000.0,False
-26.0,9.0,24.593837594621327,17.460836725615057,1827.5,False
14.0,-9.0,22.99205607847595,16.08555465901763,2115.0,False
-30.0,35.0,23.755371447728237,14.466847063642717,3150.0,False
-7.0,-1.0,23.67576152070624,17.371873620002678,2402.5,False
-12.0,-17.0,22.994207981267287,16.2997089886377,2000.0,False
23.0,6.0,25.90707871172372,15.089433062643925,1712.5,False
-29.0,10.0,23.859353718434782,15.41078424942553,1712.5,False
0.0,25.0,22.693239855936895,15.02132851274027,3265.0,False
-13.0,-10.0,25.793155997670528,14.62257480057367,1885.0,False
4.0,-34.0,25.022312474009336,15.018411520299079,6025.0,False
-15.0,-24.0,22.123066534575443,16.972956742004495,1942.5,False
-19.0,-13.0,23.521688262136877,13.677588644734941,1655.0,False
15.0,26.0,24.55371085013644,14.720247202949844,1655.0,False
23.0,-30.0,22.34999769735871,15.812106764967066,2115.0,False
-27.0,24.0,25.840956910192617,17.076635260621813,1885.0,False
27.0,-10.0,22.65011283665705,14.77530379956508,1827.5,False
-1.0,-28.0,23.403875469316358,16.570767278114765,2805.0,False
-33.0,-23.0,25.16906585532265,14.212515214760534,1540.0,False
-14.0,33.0,24.553628919349965,17.048095860226926,2517.5,False
-29.0,18.0,24.992430894530067,16.66533606678454,1827.5,False
10.0,-4.0,24.563884301936397,13.728020393528585,1942.5,False
4.0,17.0,25.478628170877744,14.66158868378751,2575.0,False
-2.0,-23.0,23.813284734181693,15.610488145001277,2690.0,False
28.0,3.0,25.105767269464497,14.181899586792905,1712.5,False
4.0,13.0,23.131486110691082,14.409233298026267,2575.0,False
15.0,-25.0,22.779841884345185,14.40341236058601,2172.5,False
-19.0,16.0,23.241038478482174,17.18757688276191,2057.5,False
-17.0,-27.0,23.88753111313647,15.85731610020853,1827.5,False
-25.0,20.0,25.815710751716637,14.312359330152244,1712.5,False
33.0,-31.0,24.593292453702166,17.07658610959325,3322.5,False
30.0,6.0,25.662402051464785,16.792852190519927,1770.0,False
-6.0,4.0,24.163749927464984,15.326163301088416,2402.5,False
18.0,-31.0,22.978345415224727,16.5705098168262,2345.0,False
20.0,-11.0,24.966185023060635,14.703614269345145,1885.0,False
-7.0,23.0,23.129321901143463,17.466386833361092,5507.5,False
-3.0,8.0,25.166784688041968,15.034663923871461,3322.5,False
31.0,-6.0,24.24229300998474,15.39696313558781,1827.5,False
11.0,-23.0,22.86218823883059,17.003169353446204,2920.0,False
4.0,12.0,23.417684378000004,15.366040339615202,2632.5,False
-31.0,-1.0,25.11924115597129,13.579082288250328,1540.0,False
-22.0,17.0,22.379750291587683,14.101579294983637,1827.5,False
-2.0,-16.0,22.061204807475548,14.587828468185778,2747.5,False
-19.0,24.0,24.582423047588872,14.616080754654675,1885.0,False
14.0,-16.0,25.22943887025064,16.733481760103356,2230.0,False
17.0,18.0,25.28550632047972,14.810243742063161,1712.5,False
11.0,-19.0,25.26750717460791,15.37668303116751,2287.5,False
8.0,29.0,25.664982604963352,14.032631502500054,2057.5,False
-9.0,-7.0,25.222633679807423,17.08241225222089,2172.5,False
-27.0,-31.0,23.416959249026156,14.677709919480524,1655.0,False
13.0,-33.0,25.02826850436895,14.896173266565706,2287.5,False
13.0,18.0,25.124844518775127,16.708176328981157,1770.0,False
-19.0,16.0,25.271102608614086,14.249482485235406,1770.0,False
27.0,33.0,22.551065449786243,14.406102331529391,1597.5,False
30.0,-14.0,22.470801536400415,16.67825172792975,2000.0,False
30.0,-5.0,25.210289931072197,16.264066816052352,1827.5,False
0.0,7.0,23.53025475367906,13.510351316471443,4415.0,False
14.0,29.0,22.948128994629304,13.676160016602893,1655.0,False
-18.0,-25.0,25.51084106019633,16.35942674977738,1827.5,False
-3.0,9.0,22.356552167810644,15.810594231937712,6887.5,False
8.0,21.0,24.865050482826838,15.380755027383465,2057.5,False
11.0,27.0,22.4092632740102,16.79794818916986,1942.5,False
-31.0,27.0,23.10423778097571,16.631328547447367,1942.5,False
4.0,-31.0,24.33441547441181,14.199892273726519,6197.5,False
17.0,16.0,23.317430048269475,15.250798470836926,1712.5,False
-25.0,-28.0,22.484657827399506,16.22953563857682,1712.5,False
21.0,-6.0,25.680641425883838,16.825318846126528,1942.5,False
-9.0,-19.0,24.848639876374932,17.340314433131617,2287.5,False
34.0,-29.0,25.48342067116738,15.662553469160741,1885.0,False
21.0,-13.0,25.86875555749665,16.78985892001144,1942.5,False
10.0,-5.0,24.85819725434997,14.193023715183584,2000.0,False
-0.0,-2.0,23.1446413972659,13.974740071073034,6772.5,False
14.0,-22.0,23.19148639515824,16.07640587984162,2345.0,False
-4.0,1.0,22.58838824722224,16.296579073654524,2862.5,False
11.0,-3.0,22.637977744958377,13.57777267969517,1942.5,False
15.0,27.0,22.863907963906158,16.528934657589957,1712.5,False
11.0,-10.0,23.055114206188275,15.165645208033366,2172.5,False
0.0,32.0,25.192315211331085,16.371754866766324,3265.0,False
14.0,29.0,23.961238476511678,15.838703774545106,1712.5,False
14.0,30.0,25.61103235855621,16.517383025875958,1770.0,False
-16.0,-6.0,25.010493957858984,16.462823798847477,1827.5,False
6.0,-0.0,23.369296690145298,16.778202837672534,2345.0,False
6.0,-35.0,24.703875092930033,14.829059432420536,4012.5,False
-33.0,4.0,25.827796909330594,15.87354911850885,1655.0,False
25.0,6.0,24.79294822110551,16.565570888883528,1770.0,False
-3.0,-6.0,23.190919551715176,14.240040465824439,3092.5,False
10.0,-15.0,22.665461043499896,15.455350740807287,2460.0,False
-18.0,21.0,25.916161342472602,16.540441393355472,2000.0,False
-16.0,12.0,24.943860578775396,14.01449141065321,1770.0,False
12.0,-5.0,25.802185218947052,16.35044973425904,2057.5,False
23.0,28.0,23.11304018223175,13.625547236912352,1597.5,False
-24.0,-21.0,23.302901578840757,14.271031219080802,1655.0,False
19.0,-1.0,24.423263720101858,14.662944543819368,1827.5,False
14.0,-0.0,24.021894892037235,13.567935604493838,1827.5,False
-20.0,30.0,23.206083425244728,13.998587004033787,1885.0,False
35.0,10.0,25.32942939246954,16.60185285488317,1770.0,False
-14.0,-5.0,25.005783229201153,16.708935558271236,1942.5,False
35.0,-26.0,22.43044553523466,14.03631599664839,1827.5,False
-17.0,-17.0,24.18404098129315,15.914293522359975,1827.5,False
33.0,-7.0,22.163023287378845,14.853769781978352,1827.5,False
33.0,22.0,24.69575158931772,15.086348249840896,1655.0,False
-15.0,-25.0,22.806682052896274,14.416527657074763,1827.5,False
21.0,14.0,25.340180584627177,17.204565317980077,1770.0,False
-5.0,1.0,23.45596815589738,15.795260360588102,2575.0,False
31.0,-33.0,25.984705493042036,14.027100742388834,3265.0,False
15.0,17.0,23.65045438591608,14.426670637565106,1712.5,False
4.0,-14.0,25.8966217726146,16.25997681738517,4242.5,False
9.0,19.0,22.463162112305504,16.147538232127907,2000.0,False
-17.0,-10.0,24.326063183057492,17.147983116711817,1885.0,False
26.0,18.0,24.54787196557834,14.151326307013147,1655.0,False
2.0,1.0,25.49628483817158,15.678038953103638,3380.0,False
34.0,1.0,24.554549522620363,17.402881274592428,1827.5,False
0.0,11.0,24.907049550540645,15.345086407902524,3782.5,False
-15.0,14.0,22.864128048847444,16.492525164678877,2115.0,False
9.0,29.0,23.585274726275443,16.4084756008068,2057.5,False
8.0,6.0,24.28325900453096,17.012634175953906,2057.5,False
9.0,7.0,24.647484083679945,17.139537866940948,2000.0,False
22.0,-20.0,24.820921879678707,14.765359408045587,1885.0,False
-5.0,-15.0,23.61040326558397,17.107247076658133,2632.5,False
33.0,-27.0,22.549938889933742,14.470167026984946,1885.0,False
6.0,35.0,22.416358365817263,16.241570400226657,2172.5,False
13.0,34.0,24.178064476222396,16.512052255420514,1827.5,False
-2.0,5.0,25.41834463958476,14.757785289375038,3725.0,False
-10.0,-9.0,24.57479172539508,13.658004203814283,1942.5,False
-25.0,-30.0,22.507083894378482,15.459305572498323,1712.5,False
-24.0,-25.0,23.46239381043609,16.820263859269335,1770.0,False
-15.0,-27.0,25.087954236776334,14.435431160865246,1827.5,False
1.0,16.0,25.26424848770511,15.53939366202895,3035.0,False
-21.0,-32.0,23.807842776373924,16.993427622882756,1827.5,False
12.0,15.0,25.30128737286124,17.16315033227766,1827.5,False
12.0,-14.0,25.86793588902715,17.391441706277234,2287.5,False
-31.0,-21.0,25.924497565669647,13.976887093394701,1540.0,False
20.0,26.0,24.680005618508623,14.340155183796398,1655.0,False
-15.0,-32.0,25.603744808347514,14.702281717575271,1827.5,False
33.0,-8.0,22.139074184910836,15.730821007939957,1885.0,False
35.0,-24.0,22.912538897554242,13.544010212021215,1770.0,False
-34.0,-12.0,24.036238732220998,15.39310755824008,1597.5,False
12.0,24.0,25.810081216452346,17.25041493735845,1827.5,False
14.0,21.0,22.22662600646117,16.343255860766682,1712.5,False
-28.0,10.0,22.520082910935905,13.51091283309237,1655.0,False
-34.0,-5.0,23.279722834241657,16.420704798049925,1655.0,False
-5.0,30.0,25.322151138047296,15.964046619208416,5852.5,False
8.0,11.0,23.64098276286025,14.925507933665433,2000.0,False
11.0,-27.0,24.11646878550654,16.350204112389903,2747.5,False
-6.0,30.0,24.271672132622044,15.167850696206605,4357.5,False
-26.0,31.0,25.491161543310398,14.363744754459955,1770.0,False
-23.0,-3.0,22.342070320844236,13.512226854479213,1597.5,False
28.0,-29.0,25.441002878884785,14.759947051560655,2000.0,False
24.0,22.0,22.82828211661014,14.65779235060819,1655.0,False
-31.0,-25.0,22.864214911808247,13.556168421573085,1540.0,False
28.0,19.0,23.534959344906643,16.525987411269522,1712.5,False
-34.0,34.0,22.105556132181146,15.948379218449043,3092.5,False
26.0,26.0,25.861879748185462,15.077645377653843,1655.0,False
24.0,-19.0,24.224114160570362,16.847116783425882,2057.5,False
-6.0,31.0,25.177852380201216,13.55300196459687,3207.5,False
11.0,-34.0,25.334427105482995,14.650835498619681,2402.5,False
-11.0,-6.0,24.743837271007088,15.454882139765258,2000.0,False
-34.0,24.0,23.435906174357676,14.972056432112456,1770.0,False
5.0,-13.0,24.919212804300482,13.85314730388358,2690.0,False
25.0,8.0,22.767489454531024,14.372446532255099,1712.5,False
-12.0,9.0,25.72143511872702,15.112203554443669,1942.5,False
13.0,29.0,25.315933552550277,16.69934737590544,1770.0,False
30.0,-27.0,23.2982182420186,15.134589046609072,1942.5,False
27.0,33.0,22.16253677515228,14.293928878341331,1597.5,False
22.0,-32.0,22.987653998917143,16.527664169685288,2230.0,False
-16.0,20.0,23.501037446879977,14.366851217090975,1942.5,False
-21.0,-34.0,22.530187864257236,15.560930144193009,1770.0,False
-9.0,-22.0,24.496148923792354,15.78721521826024,2230.0,False
-17.0,-23.0,25.954419285176225,15.821368226400338,1827.5,False
-4.0,-16.0,25.543028033484504,13.648461449749963,2690.0,False
12.0,2.0,25.933963617839172,15.175566715746033,1885.0,False
10.0,-21.0,24.192894732229156,14.705984635403162,2402.5,False
34.0,23.0,23.63530721630648,17.36867652905663,1712.5,False
-33.0,20.0,24.544260278481474,15.54587776354586,1770.0,False
8.0,19.0,24.4638010030029,16.11773243728065,2115.0,False
-29.0,14.0,23.261889062007494,17.46216952152646,1885.0,False
10.0,-26.0,25.677876077730993,17.484446786555335,2920.0,False
32.0,25.0,25.740430255460776,17.060516092858187,1712.5,False
-29.0,3.0,23.53617073342955,15.319948499969595,1655.0,False
14.0,-8.0,24.390582732453588,16.53491566971691,2057.5,False
-25.0,22.0,22.353540664072277,13.718978792930836,1770.0,False
33.0,15.0,22.907982931447897,16.97922000759423,1770.0,False
-32.0,-30.0,22.21929890646471,13.75462873274414,1540.0,False
5.0,-1.0,22.886261289168218,15.849514021284046,2517.5,False
35.0,20.0,22.937433858738473,14.145434991522468,1655.0,False
27.0,5.0,24.11268825454226,14.371758354952393,1712.5,False
-31.0,-31.0,22.552606565915685,15.057794905847846,1597.5,False
1.0,3.0,23.522408725894287,14.82016502254738,4300.0,False
30.0,11.0,23.92928894847019,13.538495185440372,1655.0,False
11.0,-18.0,25.328439355894133,17.188698952048586,2460.0,False
-3.0,2.0,24.660837348049544,14.046648127448336,2920.0,False
9.0,29.0,22.760970906261402,15.35350759198713,2000.0,False
-8.0,23.0,25.994547685814545,14.424932143445053,2460.0,False
2.0,-16.0,23.05277685595703,15.575027077960723,5622.5,False
33.0,-26.0,22.221090297468123,16.733621360029936,2115.0,False
34.0,-32.0,24.373679152408094,14.196374450015366,3150.0,False
-15.0,22.0,25.78730525682137,17.180445862458004,2172.5,False
-6.0,-12.0,24.495574602724712,15.184628194805578,2460.0,False
4.0,33.0,22.314732495094134,14.694089212015127,2230.0,False
34.0,-32.0,24.09117864379501,13.5081868768424,3092.5,False
-21.0,-31.0,23.40246166522519,14.341080490281229,1712.5,False
29.0,-30.0,24.61410584743691,13.695199659272859,1885.0,False
31.0,-14.0,22.931642654242467,15.307113668009716,1885.0,False
26.0,-27.0,22.671893531986207,13.894040185669247,2000.0,False
27.0,-12.0,23.53778479682375,14.378477476568127,1827.5,False
-28.0,11.0,22.449946287583536,14.891762584945242,1770.0,False
-6.0,-10.0,24.576376903712486,16.729977585480277,2517.5,False
-35.0,-35.0,23.13690584006571,14.577103593040375,1540.0,False
-22.0,7.0,25.23937996469393,15.723611401272898,1770.0,False
-20.0,-20.0,25.914670076109108,17.476006724485664,1827.5,False
-5.0,-35.0,24.590397047596497,15.604890706533341,2287.5,False
13.0,-22.0,24.275120666141696,16.680236732339782,2460.0,False
27.0,32.0,23.584601359489135,15.476457633037935,1597.5,False
-5.0,-9.0,24.311289370383772,16.301554065104604,2632.5,False
16.0,4.0,24.587343466378286,16.074358363545958,1827.5,False
-21.0,1.0,23.49698879050426,13.715506308490951,1655.0,False
13.0,10.0,22.168358865183613,15.634442527146273,1827.5,False
-30.0,25.0,25.537589794261887,15.008781579599447,1770.0,False
13.0,25.0,25.071654407145708,14.402985445287133,1712.5,False
-5.0,-18.0,23.07877162890983,14.115467127817091,2517.5,False
3.0,-15.0,22.477975595100993,13.710568563929668,9647.5,False
10.0,-6.0,23.01175628259767,15.412039570307861,2172.5,False
-18.0,-27.0,22.484885963823025,17.18464399581162,1885.0,False
34.0,-29.0,24.130779605708195,16.99619511545247,2057.5,False
1.0,-25.0,23.11759968783186,16.354302671707465,3495.0,False
3.0,5.0,23.86068713140972,17.4237347296875,2977.5,False
17.0,3.0,23.69568243018817,15.987864080881694,1885.0,False
27.0,-3.0,24.779050115091383,14.380347163339493,1712.5,False
-4.0,-11.0,23.677218938209812,15.694924558888744,2862.5,False
-28.0,-5.0,23.80426349547341,13.832620887833583,1540.0,False
-15.0,-10.0,22.96510686512304,15.475110876824695,1885.0,False
-24.0,-29.0,25.524922217477993,14.470775859816072,1655.0,False
-20.0,6.0,23.863616728044494,14.563756053194357,1712.5,False
7.0,15.0,23.164274817732764,13.728016380520588,2115.0,False
-19.0,30.0,22.893833758879722,14.738235820671315,2000.0,False
-19.0,14.0,25.016131637984437,16.220845571496408,1885.0,False
-30.0,-13.0,22.26668348060178,15.711388207813453,1655.0,False
-25.0,-34.0,23.25960188976942,15.830138772386274,1712.5,False
13.0,21.0,25.157939695410686,14.113589489299873,1712.5,False
-5.0,-1.0,24.7658836502147,13.838998851432574,2402.5,False
-21.0,3.0,25.663954269260646,14.516195445355368,1655.0,False
-35.0,-2.0,24.24952583451585,14.010328522352227,1540.0,False
18.0,-29.0,25.50521203730021,17.380296688413267,2230.0,False
-33.0,0.0,22.011546889492102,14.173383425980864,1597.5,False
32.0,26.0,22.12156684621101,14.948937997956172,1655.0,False
-10.0,24.0,23.084291130161642,16.199129834058528,2862.5,False
20.0,16.0,23.632208575602743,14.983028414049201,1712.5,False
16.0,12.0,25.404055294759168,16.886113738090145,1770.0,False
6.0,6.0,24.521697894884785,14.741553088274596,2230.0,False
20.0,-11.0,24.439058333472232,13.703090090521597,1827.5,False
5.0,-21.0,23.79535618851624,14.313735634016759,4127.5,False
-31.0,5.0,23.937988528643828,14.595790370020609,1655.0,False
7.0,18.0,23.823145881460523,15.853962841465249,2172.5,False
5.0,-26.0,24.13886866775231,17.231925148377588,6657.5,False
9.0,18.0,24.826593281307986,15.55940079587863,2000.0,False
-31.0,-27.0,25.484411361230713,15.239075506302182,1597.5,False
19.0,35.0,23.28858252617586,17.010649626854164,1655.0,False
25.0,8.0,25.854931644947065,15.557637661822397,1712.5,False
25.0,2.0,23.018355036125783,14.412135323715471,1770.0,False
13.0,17.0,23.13210545985521,16.206972991966275,1770.0,False
21.0,4.0,24.57326481455098,14.27653594997842,1712.5,False
24.0,23.0,24.778570205378312,14.111398171909077,1655.0,False
24.0,-28.0,22.46999370622081,16.679865511126685,2172.5,False
-33.0,-3.0,24.158857873871536,16.482083885413548,1655.0,False
-5.0,34.0,22.422684925126504,13.691256529074026,5105.0,False
-10.0,-3.0,24.54170749449986,16.379613017355663,2115.0,False
23.0,-21.0,22.098970398724866,16.882648184616215,2172.5,False
6.0,5.0,25.213688738939858,14.732371987731089,2172.5,False
-18.0,34.0,24.010475607960974,15.288808817849818,2057.5,False
15.0,-6.0,22.01703247814407,15.918940775887338,2057.5,False
-18.0,24.0,23.82580862715451,15.124852323413524,2000.0,False
-4.0,1.0,22.24597070841773,13.911074401391154,2690.0,False
32.0,7.0,23.463382124159992,17.24469763456463,1827.5,False
-15.0,-17.0,25.934234431587868,13.99014348399459,1770.0,False
25.0,5.0,22.372881118767797,17.204153704338715,1827.5,False
-21.0,24.0,23.51422176073114,16.45279098646834,2172.5,False
-35.0,-34.0,24.26628996037587,15.29823388490203,1597.5,False
15.0,-21.0,25.014710748299805,17.301986497992218,2287.5,False
25.0,-7.0,23.191678321555393,14.741973903799513,1827.5,False
21.0,29.0,25.86237644615738,14.036487367282948,1597.5,False
11.0,33.0,25.010268232306682,13.759245269252094,1827.5,False
-10.0,-32.0,22.582844861705766,15.033707067195015,2172.5,False
13.0,-7.0,22.134905286811804,14.055796160463652,2000.0,False
11.0,-35.0,24.19469561268495,14.137639491367036,2402.5,False
-8.0,-9.0,25.249435901089676,14.162475544932745,2115.0,False
-29.0,-7.0,25.881147597284325,14.830163242335649,1597.5,False
18.0,18.0,24.961981527821443,13.918636170211176,1655.0,False
-31.0,-26.0,22.721988374731623,14.79731552362305,1597.5,False
3.0,-11.0,22.436540894779494,16.597952073461524,11200.0,True
-4.0,16.0,24.149441065634207,16.58485567566652,8727.5,False
-18.0,4.0,23.978122181998433,16.15207984442727,1827.5,False
29.0,-32.0,24.023326999480005,14.414666507897763,3380.0,False
-19.0,-2.0,25.666140453105704,17.454542271641223,1827.5,False
11.0,3.0,25.04565299284726,13.902234563017416,1827.5,False
-30.0,16.0,22.56146862381019,13.54661006419543,1712.5,False
12.0,-9.0,24.147405945908794,16.72735127009998,2230.0,False
-0.0,24.0,24.91942134030836,13.837820417337394,3610.0,False
19.0,-34.0,25.063057679130075,16.39903125999613,2230.0,False
30.0,7.0,22.608108240971344,17.023925370838324,1827.5,False
-19.0,34.0,25.470828240066368,17.070076755276062,2230.0,False
-8.0,-21.0,22.86638094636918,15.164017713466734,2345.0,False
28.0,-4.0,24.44849521417569,14.188946520015698,1712.5,False
-30.0,33.0,24.533581071924836,14.01361972053494,3265.0,False
-10.0,21.0,22.21347961649034,14.358968585708165,2460.0,False
-8.0,-12.0,23.30187678322106,15.257980105065261,2230.0,False
33.0,-1.0,25.166559315167472,15.333066087970659,1770.0,False
-1.0,18.0,23.4115478091091,15.356186330998877,4185.0,False
-35.0,-15.0,23.03574758696021,14.927751639526727,1597.5,False
19.0,-12.0,22.46923153585199,16.92516000028994,2115.0,False
-33.0,-10.0,25.36175664429752,17.06661050716395,1655.0,False
-32.0,26.0,23.573874210455298,15.934208258749615,1885.0,False
-8.0,-23.0,25.87548214481101,14.557780799164552,2230.0,False
-33.0,-13.0,25.72528012131291,13.886649028795311,1540.0,False
31.0,24.0,25.722511566283174,15.640869447271548,1655.0,False
24.0,13.0,24.72760105394153,17.003978032102147,1770.0,False
25.0,-14.0,24.73102722600477,16.148199360252953,1942.5,False
-26.0,-13.0,24.87479847723532,14.725370034412267,1597.5,False
34.0,1.0,23.471960950634948,13.611084734554991,1712.5,False
17.0,-20.0,22.055115322264875,15.359975229513234,2172.5,False
-16.0,-14.0,23.391109408434843,14.998528789249033,1827.5,False
27.0,35.0,22.622104031182396,13.997868348672844,1597.5,False
15.0,9.0,22.3333655919287,14.328711051008177,1770.0,False
22.0,-32.0,23.314216200886925,16.48381837065683,2172.5,False
32.0,29.0,25.15455151287967,14.628259177545141,1597.5,False
-11.0,-29.0,24.125553015141424,16.043761448493214,2115.0,False
-31.0,-4.0,25.219196848360244,13.964340100709572,1540.0,False
24.0,-23.0,24.775941982572856,17.261899164732007,2057.5,False
-33.0,30.0,25.766680381165703,16.092596373801566,3380.0,False
13.0,-25.0,24.92741307437146,13.570981349235328,2057.5,False
-30.0,7.0,22.15987567878656,15.779018129125289,1770.0,False
0.0,11.0,22.95578306507419,13.683723901803958,3725.0,False
34.0,1.0,25.900750528783284,14.40247965246957,1712.5,False
-9.0,-21.0,25.280868759396782,14.0041467261011,2115.0,False
-11.0,16.0,22.78733251717753,14.611208221580764,2172.5,False
-17.0,-17.0,25.322083790947048,14.16915369190207,1712.5,False
-14.0,16.0,22.396421041632344,13.803844081125064,1942.5,False
3.0,30.0,25.76592829846441,14.95635138103625,2460.0,False
-32.0,-21.0,23.20326651464132,14.372284492442844,1540.0,False
16.0,31.0,24.90227314998875,15.357568290022211,1655.0,False
19.0,-23.0,25.940968688806148,15.784072188283488,2000.0,False
-2.0,3.0,23.414924658808943,16.53493074369756,4070.0,False
3.0,15.0,23.874160895999932,13.849506992338123,2805.0,False
7.0,16.0,22.187820509100188,16.72370424528992,2230.0,False
29.0,-0.0,23.3036912655045,13.94468367111234,1712.5,False
30.0,-24.0,22.49754622944477,17.04032991354411,2115.0,False
11.0,-18.0,25.145813558164328,15.418689035914358,2287.5,False
-22.0,29.0,25.927712250943074,14.511812879745076,1827.5,False
-27.0,18.0,23.426148095503496,13.757095880476008,1712.5,False
-3.0,12.0,22.251214988205927,13.87472658416218,6945.0,False
-16.0,-0.0,25.400486769508955,14.676832107196585,1770.0,False
-32.0,-20.0,25.51847783795575,16.27673967137281,1597.5,False
8.0,-20.0,25.87049433125879,15.907415856656915,2690.0,False
24.0,34.0,25.193784564852113,17.20565616695848,1655.0,False
-21.0,7.0,24.592252230512067,16.126720352686394,1770.0,False
-18.0,-23.0,25.459349200813087,15.98743643242438,1770.0,False
-14.0,-30.0,23.3961447830891,15.69100167103755,1942.5,False
-14.0,11.0,24.486789968991133,16.551924285148065,2000.0,False
25.0,15.0,24.93802884150781,16.082061054880107,1712.5,False
-33.0,-31.0,24.111912815877748,16.616481661560233,1655.0,False
5.0,25.0,22.44623222101846,16.269517108125342,2345.0,False
-35.0,-24.0,25.428137211372235,16.523524206011437,1597.5,False
-16.0,-0.0,23.571479536740007,15.221859839847223,1770.0,False
20.0,-29.0,23.805915997633974,15.067061218885462,2057.5,False
-25.0,-25.0,24.181722963506118,15.51955003496958,1655.0,False
9.0,29.0,25.901601496917944,16.54532652807876,2057.5,False
-23.0,12.0,25.6992385093995,13.69657744061888,1655.0,False
33.0,18.0,23.31729621709897,16.233283777774187,1712.5,False
-8.0,-20.0,22.77188737297952,16.98695386989545,2402.5,False
5.0,12.0,23.788899165675694,16.349746920635226,2460.0,False
-31.0,-22.0,23.46774131599469,16.865723677869138,1655.0,False
-13.0,-24.0,25.100862703203546,13.733506429288356,1827.5,False
25.0,-13.0,24.20490914641134,16.308749450958963,1942.5,False
-32.0,10.0,25.675418994169917,15.004228506871598,1655.0,False
-10.0,-5.0,23.148872966597843,15.910855718801232,2057.5,False
-30.0,25.0,23.105996321244174,15.812166276714256,1885.0,False
-15.0,17.0,24.02572033896894,16.676045966846367,2115.0,False
-25.0,-30.0,24.57453259737227,14.166393490459797,1597.5,False
20.0,-6.0,23.63889581521949,16.73251623566355,2000.0,False
-7.0,-26.0,22.04648185061258,14.777257600885681,2287.5,False
-28.0,-18.0,23.378167322764494,17.35432429762376,1712.5,False
8.0,-24.0,23.22520862378573,14.75750072354878,2977.5,False
-14.0,27.0,24.453421926304085,16.004796786822183,2287.5,False
34.0,-2.0,22.875882392807036,15.416626572181086,1827.5,False
-22.0,-30.0,23.82932453612717,13.524782077726629,1655.0,False
-12.0,16.0,25.844249820800954,13.804612231187631,1942.5,False
32.0,-7.0,24.922122137815048,14.036109131372656,1712.5,False
-2.0,-26.0,24.742976606335855,13.691616520974181,2747.5,False
-26.0,-20.0,22.375663914324072,13.844739819459539,1597.5,False
13.0,17.0,23.730552448990167,14.104227202092456,1712.5,False
26.0,8.0,24.803862290310928,16.45686859946148,1770.0,False
-4.0,-6.0,24.265545880764833,15.698835040027216,2805.0,False
-4.0,-25.0,22.990212233884137,14.73230480713119,2345.0,False
21.0,25.0,24.80803459626068,15.979807771186616,1655.0,False
-20.0,-29.0,23.391538354441078,15.739616748953901,1770.0,False
-31.0,-8.0,23.915910642473957,14.332561739113547,1540.0,False
-5.0,-1.0,24.71837534371984,17.46445605322906,2632.5,False
-26.0,1.0,23.80935986586912,15.214295823779375,1655.0,False
-6.0,-5.0,22.07103020452245,15.225921041797166,2402.5,False
-34.0,-23.0,22.577910982726262,13.600632400088397,1540.0,False
-17.0,-3.0,23.799828926961023,13.687344920417726,1712.5,False
-11.0,-12.0,23.43058889027089,15.59260610345822,2000.0,False
-30.0,-30.0,22.28786257103429,16.226237616818345,1655.0,False
22.0,21.0,23.547166936659455,14.126618514367406,1655.0,False
-33.0,14.0,23.601406704252735,13.948015713548864,1655.0,False
-23.0,-28.0,24.047239735977055,13.772193509442225,1655.0,False
-26.0,-11.0,24.85457081123627,16.282719029247783,1655.0,False
-22.0,8.0,24.915804682815704,15.120071812163177,1712.5,False
-11.0,-24.0,25.709273156755685,15.234090024483846,2000.0,False
33.0,-30.0,23.008884457303644,16.5200438144827,3322.5,False
13.0,-25.0,25.66431771570265,17.198254109370435,2460.0,False
10.0,-13.0,22.90948509980713,17.442486140648068,2632.5,False
-2.0,-2.0,25.05710417187524,13.571705588658375,3437.5,False
5.0,-27.0,23.188589792708658,15.099513777897313,6197.5,False
-26.0,10.0,22.993423263728314,15.04260239635947,1770.0,False
-26.0,28.0,24.70420575765772,15.157040869945668,2000.0,False
-27.0,18.0,22.67448012848492,15.089230783600884,1827.5,False
4.0,33.0,25.831671896056847,14.52186829690956,2345.0,False
33.0,27.0,23.519106801050043,17.151301478086435,1712.5,False
5.0,12.0,23.280332631828838,14.431274385326578,2402.5,False
-30.0,21.0,23.776805325085565,14.293529647243714,1712.5,False
17.0,31.0,24.518088269526004,14.608567660675154,1655.0,False
-18.0,-16.0,25.89888585227909,15.904379051187387,1770.0,False
-18.0,28.0,22.97159987551438,15.028284666526133,2057.5,False
6.0,13.0,24.259980993269874,14.648071458660455,2230.0,False
24.0,3.0,22.110982449613957,14.235106313064117,1770.0,False
34.0,-23.0,22.970657736017316,15.00395129380533,1885.0,False
-27.0,18.0,24.735598284968034,16.473561671747937,1827.5,False
-9.0,14.0,23.106996386724052,16.00779338644079,2460.0,False
-14.0,-23.0,23.950843448712824,17.105078526477023,1942.5,False
-17.0,-20.0,23.26720064890536,17.023124129900015,1885.0,False
16.0,3.0,22.592027168175434,17.01567735890189,1942.5,False
23.0,11.0,23.542299316501758,16.75070874319099,1770.0,False
29.0,-1.0,25.354563976086645,16.61861333574309,1827.5,False
-31.0,34.0,23.50150577063699,14.170257660090574,3150.0,False
-18.0,-10.0,22.335823734946622,14.113566459509538,1712.5,False
23.0,6.0,22.89691436318008,16.62527916241672,1827.5,False
-14.0,-22.0,25.271781751250803,15.59464432638565,1885.0,False
-13.0,32.0,23.923931265969784,14.763559436429126,2287.5,False
-16.0,22.0,24.67193921095575,17.02855234475042,2172.5,False
-30.0,-0.0,22.67769888172916,15.715068003235153,1655.0,False
-28.0,-25.0,25.22553223961301,14.359652320650714,1597.5,False
-28.0,-5.0,25.771859936442407,16.179625914924184,1655.0,False
-16.0,16.0,24.326675947517508,16.419572031762108,2057.5,False
-33.0,-21.0,23.20283353316241,17.026975541779418,1655.0,False
-9.0,-13.0,23.726663425869106,14.72634219953474,2115.0,False
-5.0,14.0,23.917497318663564,15.862312355969795,3610.0,False
-3.0,-18.0,23.52790582076603,14.653730270889636,2575.0,False
31.0,12.0,25.21700745508854,15.010655694522544,1655.0,False
-22.0,-15.0,25.61749731438426,15.49840851325403,1712.5,False
18.0,-1.0,23.32722380625881,13.668954485582665,1770.0,False
-17.0,-7.0,24.69298368570737,15.929427910997596,1827.5,False
-31.0,27.0,24.770227970316224,14.614948975678525,1770.0,False
-24.0,30.0,23.600391976368186,15.27410288040015,1942.5,False
-4.0,6.0,24.53804532008135,16.839149484578677,3035.0,False
25.0,-26.0,24.39379394341964,14.23086915150896,2000.0,False
-1.0,-27.0,22.555900792265362,15.843008131234104,2805.0,False
-28.0,-13.0,24.509497353998402,13.886257495053485,1540.0,False
-24.0,-0.0,25.955929006109443,14.015566472877776,1597.5,False
1.0,-5.0,25.18493918008057,14.317377115513612,11200.0,True
16.0,19.0,22.710248060531722,15.001235453226894,1712.5,False
-30.0,-33.0,25.085898476569536,14.60022895869891,1597.5,False
-21.0,17.0,23.373779036136582,17.39646010812365,2057.5,False
7.0,33.0,25.546285920593082,16.21990857800282,2230.0,False
8.0,-2.0,25.537052663381886,17.255055780444767,2172.5,False
21.0,-12.0,25.81373931346173,13.761015524869045,1770.0,False
26.0,33.0,25.98905974798757,13.936499273924948,1597.5,False
-6.0,8.0,25.99016534400804,16.73312141137372,2517.5,False
11.0,29.0,25.468807664961354,14.327619339728127,1827.5,False
-2.0,7.0,22.46501860402778,15.877512912945509,11200.0,True
-22.0,-20.0,25.338843830719984,15.209292977848794,1712.5,False
-4.0,-10.0,24.653758882720233,16.20552182257297,2920.0,False
26.0,4.0,23.89076913192959,14.945235158517558,1770.0,False
4.0,1.0,24.521780845333268,14.188936255380543,2517.5,False
-21.0,-29.0,24.367419663924853,14.338791771472746,1712.5,False
18.0,20.0,25.135330292790012,14.32230636682716,1655.0,False
32.0,22.0,25.127116798431192,16.157939584010492,1655.0,False
34.0,32.0,22.704613170103013,17.145354528953586,1655.0,False
13.0,-9.0,25.538800754804242,17.357748693436456,2172.5,False
-25.0,-11.0,23.700804338382277,14.179908249626292,1597.5,False
4.0,-17.0,23.641448430704035,16.770606138005785,8727.5,False
-26.0,9.0,23.35995058766141,17.42196506247894,1885.0,False
8.0,1.0,24.086705118887696,15.263247127401662,2057.5,False
13.0,11.0,23.751496835668686,16.14612601605942,1827.5,False
-0.0,13.0,22.073771026880454,14.914434494342519,3437.5,False
2.0,17.0,24.66039409030287,16.255340180741182,2805.0,False
26.0,30.0,22.87553582540383,13.521924894987102,1597.5,False
-10.0,-14.0,25.306806106166817,17.36297346342488,2115.0,False
14.0,-12.0,25.744217791474906,15.626767377442919,2057.5,False
-30.0,-28.0,22.497699178134006,16.242116103016322,1655.0,False
21.0,6.0,25.38419936736375,14.339449440931713,1712.5,False
-17.0,19.0,25.147413089191037,17.126216023853928,2057.5,False
-27.0,0.0,25.581045514801314,15.45677539010714,1655.0,False
-29.0,-29.0,23.42857401413292,13.633371838160564,1540.0,False
-31.0,-30.0,23.0233780751477,17.318817609366434,1712.5,False
4.0,6.0,25.805433710035594,14.300533001599048,2517.5,False
4.0,-5.0,23.76419889798633,15.503364693497101,2862.5,False
-31.0,-27.0,23.339099088618127,16.953947260253887,1655.0,False
24.0,28.0,25.85793454791574,15.961763546601112,1655.0,False
-20.0,-3.0,24.538964983384005,17.20466325980073,1770.0,False
22.0,16.0,25.93623004662912,16.536814493178234,1712.5,False
-10.0,-1.0,23.78619772166939,15.171703080246823,2057.5,False
-20.0,7.0,22.73138489153475,14.998275851778853,1770.0,False
22.0,-23.0,22.659130563348235,15.359846597401539,2230.0,False
23.0,12.0,23.71061607489298,16.203845044521994,1770.0,False
-11.0,-31.0,23.042798572393945,13.566062166207196,2057.5,False
-6.0,-11.0,24.589849287712738,14.59161842268631,2402.5,False
-0.0,-12.0,25.84771203910733,15.873826645357582,3897.5,False
10.0,-22.0,22.018788493011414,16.82006112425764,3322.5,False
-22.0,13.0,25.41264177723236,14.532479368642957,1712.5,False
-32.0,-32.0,22.44484048916329,16.748424110794076,1655.0,False
25.0,-35.0,22.205494083173978,16.660034022180767,3437.5,False
26.0,-14.0,22.89162010042778,13.709769334479997,1827.5,False
-10.0,-29.0,25.46611084888421,14.468788669561336,2115.0,False
12.0,12.0,23.286513626856458,14.230350344792484,1770.0,False
19.0,21.0,22.409667098082636,17.178765973744603,1712.5,False
1.0,-19.0,25.29214764562135,16.707670144602844,4012.5,False
24.0,-9.0,25.555027312431584,15.714227842476022,1827.5,False
-12.0,33.0,24.30279367642025,17.011808065345885,2805.0,False
23.0,-3.0,22.277644204761298,15.863463230817896,1885.0,False
-32.0,-32.0,22.810326324846137,15.47878548838943,1597.5,False
15.0,31.0,22.02192733241896,15.16517446589991,1655.0,False
24.0,1.0,22.375186772417567,16.871225926666668,1885.0,False
1.0,-25.0,25.12945080003013,14.326376001875932,4242.5,False
-5.0,-23.0,25.437602604286646,14.965191151236105,2460.0,False
3.0,-9.0,22.497156278286596,14.19762311484624,4070.0,False
-11.0,-13.0,23.05250657888415,16.670647252115327,2057.5,False
31.0,8.0,22.62464785892851,17.32579853321562,1827.5,False
-32.0,-28.0,23.835754010658484,17.450181358149074,1712.5,False
-1.0,16.0,23.846043921546514,13.618431691670015,5105.0,False
2.0,-28.0,24.993837438930456,16.903044106176825,4300.0,False
25.0,8.0,24.326411096349332,16.927266333342175,1770.0,False
-2.0,2.0,24.377051956093357,16.026091664030144,3782.5,False
22.0,9.0,22.015220064214596,16.762859472386545,1827.5,False
1.0,29.0,22.642244062312873,13.837511129970611,2920.0,False
22.0,30.0,24.08692980443516,16.08882411443854,1655.0,False
27.0,-21.0,25.08903516002528,17.010469950251395,2000.0,False
-2.0,-28.0,25.394009086039453,13.707893754066895,2747.5,False
-27.0,-33.0,22.183498312633,15.32348243836819,1655.0,False
1.0,24.0,24.82022953334,15.115284090188315,2920.0,False
8.0,-12.0,25.653436400874533,16.67592210160331,2517.5,False
-7.0,-5.0,23.29217968062403,14.92825124265278,2230.0,False
-24.0,32.0,24.116929657746976,16.64663295462642,2402.5,False
26.0,-16.0,24.11226231183225,16.858186729288473,2000.0,False
2.0,-15.0,24.75966129568385,14.501915524225257,8497.5,False
29.0,-10.0,22.926237691832565,16.376463227527708,1942.5,False
15.0,11.0,23.321608663022197,14.845401836750757,1770.0,False
31.0,5.0,23.406348149791746,17.426381080500295,1827.5,False
-30.0,-10.0,23.21130487003972,16.80574922664317,1655.0,False
11.0,34.0,24.78027544888397,16.667654558040073,1942.5,False
-28.0,16.0,25.196461189001756,15.585471372022743,1770.0,False
-27.0,28.0,24.423583028046764,17.36208833451785,3782.5,False
-26.0,-10.0,22.027854073017078,14.617417889470968,1655.0,False
14.0,-6.0,25.47829884358019,14.429914221775782,1885.0,False
23.0,24.0,22.894634755249236,16.784389410057734,1712.5,False
17.0,-3.0,24.24016215099531,15.078585692134697,1885.0,False
10.0,-4.0,23.033174792999475,14.740330756328158,2057.5,False
22.0,29.0,23.85123215359664,16.671085459268923,1655.0,False
-29.0,9.0,25.10652873060503,15.115122063397651,1712.5,False
-2.0,13.0,22.715014449652248,15.018091281307596,7117.5,False
-20.0,-35.0,25.228769375129875,16.987613244170305,1827.5,False
-18.0,-11.0,22.08672711854161,16.734697135538035,1827.5,False
-11.0,-31.0,25.879600175991833,16.5282407734203,2172.5,False
-15.0,14.0,25.27671318461092,13.871127453798755,1827.5,False
-24.0,3.0,23.54259458468558,14.870880236902046,1655.0,False
20.0,-28.0,22.396907471822924,16.24965879661287,2230.0,False
2.0,-7.0,22.47008771436965,17.105812624454398,11200.0,True
2.0,-15.0,25.30441016915339,17.379649879556197,5910.0,False
-31.0,-10.0,24.62972365710449,14.59913683734451,1540.0,False
-27.0,14.0,24.143057919397933,14.069764064368545,1712.5,False
12.0,-8.0,24.886733017980553,16.229276427730614,2115.0,False
28.0,14.0,25.44647278783927,17.107918502090172,1770.0,False
31.0,28.0,25.450649811885974,15.787699326457798,1655.0,False
24.0,-20.0,22.3115742306172,15.151897689152097,2000.0,False
-21.0,3.0,25.01981476641744,15.303093317142862,1712.5,False
-25.0,24.0,25.552846678361263,15.228053020647337,1827.5,False
32.0,-17.0,22.82683555863193,15.582986933196928,1942.5,False
15.0,30.0,25.17013222456283,15.643890989238754,1655.0,False
-33.0,-1.0,22.655602625884615,15.405195649612072,1655.0,False
-32.0,-15.0,23.983313400887038,15.641885979818309,1597.5,False
-3.0,1.0,24.89757486687776,14.151638160610588,2920.0,False
-33.0,-19.0,24.618921163827356,14.580959267902905,1540.0,False
-30.0,-31.0,23.003318437703214,14.326589417155171,1597.5,False
-15.0,-31.0,22.807576554643152,14.579787944005204,1885.0,False
7.0,-25.0,22.47122759946379,14.198141688774697,3380.0,False
-2.0,-33.0,23.836378285886827,15.549616516892751,2690.0,False
0.0,-15.0,24.509692870703667,13.867840519610336,3782.5,False
1.0,-23.0,24.4107933526197,15.584426578895368,3897.5,False
17.0,-33.0,22.01077654423608,16.081558545287354,2460.0,False
-4.0,-32.0,25.19059784923359,14.345692434847598,2402.5,False
22.0,-19.0,24.095378698434885,14.857240820027211,1942.5,False
3.0,20.0,24.721569506243267,15.007248110132911,2632.5,False
-9.0,12.0,22.20203905410405,16.75587112388439,2575.0,False
34.0,15.0,23.077474864470826,16.110942801171525,1712.5,False
10.0,24.0,23.915393391259915,15.502913846010177,1942.5,False
-26.0,-26.0,25.872039378710394,15.573578684496105,1655.0,False
29.0,13.0,25.993448452181372,15.780401032884159,1712.5,False
8.0,-19.0,22.579307146433635,15.893454325425525,3150.0,False
-22.0,-10.0,22.20185889409019,13.504692656388624,1655.0,False
31.0,-27.0,25.06966114249459,15.789320290784826,1885.0,False
2.0,2.0,22.25283843029469,17.15768667509598,3552.5,False
3.0,-9.0,23.819701848016496,14.900269264301901,4012.5,False
22.0,18.0,25.31422566693049,15.459541174921954,1712.5,False
3.0,-25.0,24.33895606134959,16.520896488491946,5565.0,False
23.0,23.0,23.066014673082783,15.934677476412185,1655.0,False
34.0,-20.0,23.474029038350967,15.072559362116069,1885.0,False
31.0,24.0,22.62307507737496,16.89637732390999,1712.5,False
-26.0,33.0,24.044719977459824,17.163364388913855,3552.5,False
28.0,-31.0,22.3812075303835,14.796319777695178,3437.5,False
-9.0,-3.0,23.639489292333945,14.500279926502223,2057.5,False
-16.0,-34.0,25.607525742244405,14.220833861329314,1770.0,False
-26.0,5.0,23.735186115404748,15.772903039363442,1712.5,False
21.0,-1.0,22.112841479446825,14.366225757969147,1827.5,False
-21.0,5.0,22.517123393248053,16.07243570000492,1827.5,False
12.0,25.0,25.688467459219044,13.790463115221677,1712.5,False
10.0,-22.0,22.2455311075159,16.901806476834455,3265.0,False
-12.0,-35.0,22.339042360597468,16.09501091936068,2115.0,False
26.0,-9.0,24.493600434677475,14.256388256528531,1770.0,False
25.0,34.0,25.644420286785948,14.35646637345833,1597.5,False
-22.0,-26.0,22.87121234506641,16.839624206338648,1770.0,False
-27.0,-25.0,24.056629454181916,14.581552279279194,1597.5,False
10.0,-8.0,22.586548534199395,16.22152196126006,2287.5,False
-11.0,-5.0,24.144875690287787,13.550484387811395,1885.0,False
-3.0,-14.0,22.53832566143729,14.2497011715663,2747.5,False
32.0,-30.0,22.105073493591743,14.26339782027203,2057.5,False
-18.0,-2.0,25.412402984557378,16.595547864691177,1770.0,False
-8.0,-2.0,23.768648318592295,16.770364605383282,2287.5,False
2.0,-25.0,25.372555210096,13.61310843110456,6485.0,False
-14.0,-13.0,24.842746815615143,13.766606393122888,1827.5,False
8.0,14.0,23.563255381100113,14.138027768457555,2000.0,False
-13.0,-30.0,25.104149332280677,16.017588783133615,2000.0,False
8.0,22.0,24.918409755562553,17.389682967755636,2115.0,False
24.0,-18.0,23.849137237262482,17.367942202084837,2057.5,False
23.0,-4.0,22.64971797644875,14.10107495539513,1770.0,False
-18.0,-22.0,24.932228211245253,16.476604230402774,1827.5,False
-18.0,3.0,25.013862730335983,14.89074814001679,1712.5,False
-2.0,13.0,24.897614252408953,13.518325246765732,11200.0,True
-32.0,-18.0,25.919652906065043,15.878590377084281,1597.5,False
6.0,22.0,22.64116489841343,14.942998485479466,2287.5,False
-4.0,21.0,24.32138124034336,14.769005196353787,7002.5,False
-9.0,1.0,25.550583062020323,13.703056153399528,2000.0,False
-20.0,-14.0,25.10723968039439,16.725509982483185,1770.0,False
-12.0,-27.0,24.430607068414737,15.18217995534987,2000.0,False
3.0,-33.0,25.369197205514414,14.157528360920924,6830.0,False
-16.0,23.0,24.15271431877899,15.777189064499849,2115.0,False
15.0,28.0,24.0993135068466,15.652774624211576,1655.0,False
28.0,11.0,23.997411089760547,14.297953623894795,1655.0,False
-12.0,6.0,22.70507643638366,14.55608152771925,1942.5,False
-22.0,-28.0,25.35173335856789,14.19583304443729,1655.0,False
19.0,-25.0,25.353461407527032,15.56153787871492,2000.0,False
-31.0,5.0,24.1086612238226,16.14758734720423,1712.5,False
-13.0,1.0,23.897767506963497,16.930369565110837,2000.0,False
-12.0,14.0,24.734957151739096,15.61066242464448,2057.5,False
-23.0,35.0,23.105347608308126,14.39558066867806,2000.0,False
10.0,17.0,23.11450088297707,15.490786251000527,1885.0,False
20.0,21.0,25.209348053262218,16.21542598036428,1712.5,False
-19.0,-3.0,24.544900617063018,15.737122628571464,1770.0,False
-11.0,-22.0,23.07670816870045,17.318994520081297,2172.5,False
4.0,23.0,23.043278256087717,17.07540671008615,2460.0,False
31.0,21.0,25.274431353753446,15.218711080538252,1655.0,False
26.0,25.0,22.478585803798545,14.765645339214068,1655.0,False
13.0,-28.0,24.78600820320176,13.56584817017496,2057.5,False
-5.0,-30.0,22.406231751906493,17.064057581364356,2287.5,False
6.0,21.0,23.762121906168353,17.005251501396963,2345.0,False
-5.0,-8.0,22.907160110867135,17.38569332088851,2747.5,False
-1.0,-28.0,24.46309450140131,15.000292831995743,2977.5,False
26.0,4.0,23.867252528779844,16.474008283206143,1827.5,False
12.0,-28.0,22.971783517762415,14.700874350320452,2460.0,False
-19.0,-19.0,22.847706940391124,17.05491407147705,1827.5,False
-1.0,-8.0,23.267274728925884,13.843255280251618,3437.5,False
24.0,14.0,24.007466371115285,14.950185616554943,1712.5,False
-24.0,-7.0,23.406770390566837,13.875658857242808,1597.5,False
-27.0,-11.0,24.68990020034294,17.169832019714324,1712.5,False
23.0,20.0,25.96779469207995,15.571403629974608,1655.0,False
-6.0,-16.0,25.16495210432175,13.981127066639552,2460.0,False
-2.0,14.0,22.68473035379077,13.616045385776495,8440.0,False
23.0,21.0,24.666454547133917,14.96599793227502,1655.0,False
-16.0,-31.0,24.309412480872872,15.756303151931712,1885.0,False
-16.0,15.0,25.271190603953322,14.406757907200316,1827.5,False
-1.0,11.0,22.10276544412531,13.88165926846474,5392.5,False
9.0,-7.0,22.35032417256785,17.289549401948086,2460.0,False
7.0,12.0,23.59061839750541,14.545779466599068,2115.0,False
21.0,-15.0,22.878649958218993,14.186967369836381,1885.0,False
-8.0,-8.0,24.437122317448335,16.755605293153245,2230.0,False
8.0,-7.0,23.877665904266042,15.415326087161993,2287.5,False
16.0,-13.0,23.86387912227467,13.902644711099853,1942.5,False
-13.0,17.0,24.837228254411457,16.805031408917294,2230.0,False
21.0,21.0,25.16354274712824,14.218340670304155,1655.0,False
-3.0,15.0,23.00772169905019,14.41298235660879,10107.5,False
-31.0,-10.0,25.2585524284144,15.200602234963121,1597.5,False
-11.0,-24.0,25.807779001412687,16.71897229875448,2115.0,False
-4.0,17.0,25.87762103526821,15.861015022075684,5277.5,False
-27.0,24.0,22.759723130681188,15.02421898484753,1827.5,False
-3.0,-29.0,23.024789600719913,14.943448543571566,2517.5,False
-22.0,-12.0,23.16308572397785,13.745751578849227,1655.0,False
9.0,8.0,24.76114633827933,16.25679087743907,1942.5,False
13.0,-8.0,24.94516706040309,13.942302395309076,1942.5,False
17.0,-32.0,22.46417875359792,15.10631955337227,2230.0,False
23.0,-23.0,23.415378611344607,13.624754495705895,1827.5,False
30.0,-31.0,22.887432845723573,16.507953767043503,3437.5,False
-12.0,12.0,25.97268432294996,16.281428101967194,2057.5,False
-22.0,-10.0,24.279258041738316,13.728643744919875,1597.5,False
10.0,-6.0,25.939963992199395,16.46086981434213,2115.0,False
26.0,-31.0,24.517036801481883,15.036875367664848,1942.5,False
2.0,2.0,24.1317055682135,13.86543070914322,3322.5,False
-14.0,-24.0,25.987600661430278,15.823691219461445,1885.0,False
-16.0,-1.0,23.4689923538047,15.43177882937405,1827.5,False
27.0,10.0,22.756589616463305,15.130360400321237,1712.5,False
26.0,-29.0,22.352019206735864,13.652613292997271,1885.0,False
25.0,17.0,22.487918089380532,15.515969857242707,1712.5,False
32.0,29.0,24.80876184162919,14.617970038801372,1597.5,False
-1.0,14.0,24.39985234313912,15.682999147555199,4760.0,False
-6.0,34.0,23.430945307188,13.653309038257081,3897.5,False
-22.0,-16.0,23.44261947600536,14.948859704515659,1712.5,False
24.0,-10.0,24.5239988387104,14.321027680202286,1827.5,False
3.0,-12.0,25.849412076984603,14.249028868905533,3782.5,False
-27.0,5.0,24.60679954329714,15.758150016656751,1712.5,False
20.0,-4.0,22.12256797957454,15.322567807023074,1885.0,False
-13.0,-23.0,25.550148358789663,16.812989296593827,1942.5,False
7.0,-23.0,24.271605041758775,14.879861607139034,3035.0,False
27.0,-22.0,25.317479675158726,16.901902566662503,2000.0,False
-31.0,-16.0,24.36831674415931,14.422769067411512,1540.0,False
-7.0,-9.0,24.533608122463228,16.49628625147069,2345.0,False
22.0,-28.0,24.584067583797996,15.340911593393507,2000.0,False
-22.0,-6.0,24.703200594926013,17.34185615059331,1770.0,False
-14.0,-33.0,24.740421382035294,14.420690778830311,1885.0,False
-28.0,-12.0,24.254311523158666,16.89530119364586,1712.5,False
-20.0,-35.0,22.344566778684097,16.455677692290738,1827.5,False
10.0,-20.0,25.771005624765905,16.97559229809162,2575.0,False
33.0,11.0,22.981415285680416,16.380299835328945,1770.0,False
22.0,21.0,22.643139727102877,15.515977127167691,1712.5,False
-25.0,8.0,23.63747967686059,14.5180785667579,1712.5,False
-12.0,27.0,24.443153096860918,16.35139362755495,2517.5,False
-19.0,-2.0,25.333189012631845,15.896885197156202,1712.5,False
-0.0,29.0,22.865220342752618,16.95846221947099,3035.0,False
20.0,-7.0,22.535878289474034,14.680272216196245,1885.0,False
-27.0,27.0,25.121581500270107,15.081913789270873,1770.0,False
-8.0,17.0,25.817030664015473,16.707796075987115,2632.5,False
-27.0,8.0,23.1908845490208,13.638358404155108,1655.0,False
29.0,-23.0,23.92461791242957,14.729463725388396,1885.0,False
-18.0,18.0,23.86455020410504,13.723660255177776,1827.5,False
33.0,-4.0,23.072664039202838,16.387660552273218,1885.0,False
28.0,-29.0,24.70040592816347,17.252291413087846,3667.5,False
29.0,19.0,23.05853800880504,13.74424595609187,1597.5,False
-26.0,-5.0,22.203318568049713,17.24595391938111,1770.0,False
23.0,-13.0,22.55791085208531,16.661617491830757,2057.5,False
-31.0,4.0,25.51018174645232,14.810670135827738,1655.0,False
-10.0,25.0,24.61783521806222,15.862390031712893,2575.0,False
-10.0,-2.0,25.74720049532627,14.6297062200252,2000.0,False
18.0,27.0,24.52267979021631,17.48798438642391,1712.5,False
-24.0,29.0,22.590981071332603,15.582723152890388,2000.0,False
13.0,-23.0,24.538416146059554,15.045944531707782,2230.0,False
34.0,16.0,24.663758334081702,14.940994109720672,1655.0,False
-1.0,16.0,25.70256397056165,14.977252432255382,5047.5,False
-11.0,33.0,22.810024689035956,14.236986912565449,2517.5,False
15.0,5.0,25.345977016222704,17.001752029675043,1885.0,False
-10.0,-2.0,24.44327632036027,15.190009959955788,2000.0,False
13.0,19.0,24.007413710089537,15.840252831541555,1770.0,False
-6.0,4.0,25.232104641138395,14.403351752959242,2287.5,False
0.0,17.0,25.772020561053864,14.8859117173054,3667.5,False
12.0,11.0,24.259576819021564,15.1481880265111,1770.0,False
2.0,-15.0,22.19057159576063,13.514498234432597,7405.0,False
-15.0,-13.0,24.370110788942974,14.738088451029654,1827.5,False
-29.0,7.0,23.2324973531976,17.29695664837674,1827.5,False
27.0,-27.0,23.464060058766783,16.6697642212171,2287.5,False
13.0,31.0,24.39394076040511,16.37893258814774,1770.0,False
-32.0,-17.0,24.440570893967582,14.417966061693509,1540.0,False
33.0,10.0,22.331300421642222,14.204829789198454,1655.0,False
-26.0,25.0,25.04186496747221,15.48965029570942,1827.5,False
7.0,-14.0,22.921573747773337,15.696272350642401,2920.0,False
18.0,-23.0,23.779665595553123,15.318126039635949,2057.5,False
17.0,19.0,24.589028931814582,16.97248924115248,1770.0,False
31.0,28.0,24.89081144092928,16.514408036301127,1655.0,False
19.0,-34.0,22.568298676658365,13.556736069877235,2000.0,False
2.0,-29.0,24.070986617856402,17.010505904107596,4070.0,False
17.0,-20.0,23.53253093419124,17.334485563105883,2287.5,False
3.0,17.0,22.74251963575705,16.94903444112169,2690.0,False
-3.0,-1.0,24.311773270481854,16.25592995524824,3092.5,False
-26.0,7.0,22.9691027211317,14.308867538161378,1655.0,False
22.0,2.0,22.011094737205795,16.656925185145933,1885.0,False
12.0,4.0,24.602734636883994,13.722422109873264,1827.5,False
-31.0,-0.0,24.8706646065923,17.15491748620109,1712.5,False
-12.0,30.0,23.86863734435256,17.145159830568698,2805.0,False
11.0,12.0,23.452308378359156,16.816992744616094,1885.0,False
-19.0,-34.0,25.987550370749034,14.5841560381967,1712.5,False
-28.0,19.0,24.77752705989058,16.118315908117985,1827.5,False
31.0,-6.0,22.607308428478863,15.667481608959413,1827.5,False
15.0,25.0,22.388579511903547,15.525331164420635,1655.0,False
-30.0,-14.0,24.68299192843339,14.201112494018732,1540.0,False
23.0,2.0,22.789878314272034,15.012839322401133,1770.0,False
14.0,17.0,23.270256198463485,14.489914235653508,1712.5,False
-22.0,3.0,24.769163987912663,14.180418918402282,1655.0,False
28.0,-18.0,22.690606476231274,15.442217797707357,1942.5,False
-16.0,0.0,23.99697539122837,14.337970302584527,1770.0,False
-11.0,-4.0,23.63675377800173,15.30436891952722,2000.0,False
12.0,-21.0,25.196773909688424,14.766146842007041,2172.5,False
-9.0,8.0,24.3444615831769,14.448681057919899,2057.5,False
15.0,-9.0,24.501273517494923,15.180175701146384,2000.0,False
24.0,-24.0,24.965183646250146,16.055224135312603,2000.0,False
15.0,34.0,22.79475573229521,13.580210084927684,1597.5,False
-16.0,-11.0,22.900160397314146,15.560103513133921,1827.5,False
14.0,-19.0,25.055296514148118,14.943745147545732,2057.5,False
-31.0,5.0,24.68787639091103,14.918758906059978,1655.0,False
23.0,-24.0,24.386813490104377,15.422323726495394,1942.5,False
-15.0,14.0,24.161564328919948,17.391931072301844,2115.0,False
-15.0,-7.0,22.812474040594065,15.02896935981233,1827.5,False
7.0,-34.0,23.538145724014964,17.26719622186239,4932.5,False
-26.0,4.0,24.883965097145857,16.89263273041878,1770.0,False
33.0,28.0,22.1435734040804,16.340356419975887,1655.0,False
-3.0,25.0,24.810957518297116,16.45245712492456,5795.0,False
-6.0,-27.0,23.717163247762304,15.639010610332353,2287.5,False
-10.0,30.0,23.940838192230363,16.548547561611,3092.5,False
-26.0,-25.0,22.594652593318003,15.134913709498143,1655.0,False
12.0,-32.0,25.74662080322864,13.501555162650176,2115.0,False
11.0,-17.0,24.707906439696917,16.728439606410486,2460.0,False
0.0,-34.0,23.262119109329074,16.770924280404902,2977.5,False
25.0,13.0,25.95225153608998,15.493304906253709,1712.5,False
24.0,19.0,23.316235913378534,15.35731304305296,1655.0,False
-20.0,-12.0,22.135016496631838,13.542910673493829,1655.0,False
-2.0,-26.0,23.168236442043774,17.105141173965,2632.5,False
35.0,-9.0,22.307354607738922,16.926590202785277,1942.5,False
31.0,34.0,23.494132849842835,13.758596714764044,1597.5,False
32.0,23.0,22.140171947554116,16.030600109623983,1655.0,False
14.0,-3.0,24.97928236409647,16.44757375354374,2000.0,False
24.0,33.0,22.060022483101953,16.353222889574486,1655.0,False
23.0,-17.0,24.295627524949005,14.621874516737897,1885.0,False
-23.0,-12.0,22.587753069151162,15.393896906796824,1712.5,False
-32.0,24.0,25.862392586360784,15.658702640498507,1770.0,False
33.0,-33.0,24.10424699049156,16.06995524015781,3207.5,False
-28.0,29.0,25.388148946822646,16.78547851218688,1885.0,False
-3.0,-12.0,22.014314471967495,13.761634186327097,2805.0,False
0.0,-24.0,24.103616017294218,17.36997049814845,3092.5,False
-4.0,17.0,23.266187058676365,14.409800533378014,5910.0,False
30.0,24.0,22.854810875648738,14.722199800443018,1655.0,False
17.0,-8.0,24.069804454726217,15.970493483269216,2000.0,False
-22.0,7.0,22.033903927111965,16.510825805770068,1827.5,False
-20.0,6.0,24.74176972604393,14.980266121602835,1712.5,False
-26.0,15.0,23.947773835105405,16.985484337784268,1885.0,False
-16.0,-32.0,23.06930730727543,14.683083770081518,1827.5,False
8.0,-9.0,25.79464922216475,14.396715095272327,2172.5,False
-12.0,26.0,22.176653272130824,15.608704489071524,2632.5,False
-9.0,-16.0,23.52079654198824,15.747064459506255,2172.5,False
-27.0,-4.0,23.434983664806886,14.71714644154424,1597.5,False
14.0,19.0,22.36602867600206,15.703884616930075,1712.5,False
19.0,-6.0,23.551881845297952,16.69267524134886,2000.0,False
20.0,17.0,23.633702907766043,15.615508160519013,1712.5,False
-28.0,-32.0,24.23549511759375,17.4800720221407,1712.5,False
6.0,13.0,22.059686649119705,16.841437471316333,2345.0,False
-15.0,6.0,24.406245679706917,14.832080398307495,1827.5,False
-1.0,-10.0,24.473521220795018,15.181385591525816,3265.0,False
-15.0,18.0,25.328242716431653,17.056835847532724,2115.0,False
32.0,-16.0,23.143137318458727,16.045757909009172,1942.5,False
27.0,-2.0,23.972032772752883,16.08357897508708,1827.5,False
6.0,25.0,24.83129622832847,15.612996699430719,2287.5,False
-4.0,-21.0,23.651308238272467,17.110131982796037,2460.0,False
31.0,33.0,24.024015067726662,16.77289089686531,1655.0,False
-22.0,-9.0,22.102680579657587,16.370975929757943,1770.0,False
-6.0,-6.0,24.680947713734874,13.925005708626855,2287.5,False
16.0,-6.0,22.361800105939402,15.821463795964679,2000.0,False
-34.0,30.0,22.90194622663752,15.742293803324833,1942.5,False
-15.0,12.0,22.845792239654365,13.795051682769179,1885.0,False
-7.0,16.0,23.09734263577882,15.345057514180255,2862.5,False
-19.0,22.0,23.72120421951059,16.71171954949856,2057.5,False
13.0,-21.0,22.05226957331996,15.623903408981345,2460.0,False
29.0,-28.0,23.684309140114465,15.038631124067143,1885.0,False
-31.0,-11.0,22.951742143082036,13.766786543094996,1540.0,False
14.0,5.0,23.32803070856777,13.677788574390249,1770.0,False
14.0,-0.0,24.30974819076753,15.563947838972604,1885.0,False
-2.0,-14.0,23.174983119604015,16.929477915056044,2805.0,False
28.0,14.0,24.026938828970962,14.90548327795461,1655.0,False
-20.0,2.0,23.38818024906513,15.60034207997054,1770.0,False
6.0,-30.0,23.668852387050944,15.50820782223617,4932.5,False
23.0,14.0,24.470169765269148,14.686508002337598,1712.5,False
-27.0,12.0,23.885477283723876,15.12767141200569,1712.5,False
-19.0,11.0,23.97586989884407,13.6855153498112,1712.5,False
-11.0,8.0,22.9208247709605,13.653198160304605,1942.5,False
-20.0,-28.0,23.66196058630068,16.904204755982605,1827.5,False
-10.0,29.0,23.02078549570028,15.389925256982547,2862.5,False
15.0,20.0,24.580754310478547,16.954626810223846,1712.5,False
3.0,-5.0,23.469650781495545,14.12281212720437,3092.5,False
-21.0,-32.0,23.72275379142832,16.860307302583212,1770.0,False
15.0,29.0,25.112180879525134,15.896843753667639,1712.5,False
-31.0,32.0,25.699159973559304,13.801434092489114,3265.0,False
-17.0,32.0,24.648577548515505,15.736462725599038,2115.0,False
-13.0,-17.0,25.678321834345667,17.30967833664989,2000.0,False
-10.0,-25.0,23.22376054201464,17.150747121028928,2230.0,False
-5.0,-22.0,23.421029339461356,14.298285336960078,2402.5,False
35.0,1.0,22.921518849061574,14.431918989702606,1712.5,False
6.0,-11.0,24.678808268082996,13.711767586141862,2402.5,False
-7.0,9.0,22.609126834831397,16.26198936557056,2575.0,False
-14.0,16.0,25.59149271605867,17.07744563839905,2115.0,False
23.0,-6.0,24.423452299288797,17.063466839968267,1942.5,False
-28.0,2.0,25.3936640372703,16.701862717283035,1712.5,False
-6.0,13.0,23.26380972941504,16.1067180060747,3092.5,False
22.0,14.0,24.214601788090285,13.60090808645846,1655.0,False
12.0,-10.0,24.09490022869351,15.834757794519868,2172.5,False
19.0,13.0,24.05890910267746,14.436365291799547,1712.5,False
-0.0,-33.0,23.41054903846419,16.60991036550712,2977.5,False
16.0,16.0,23.04954076060881,17.05484043073188,1770.0,False
4.0,-12.0,23.51117680315361,15.9347702528717,4530.0,False
-10.0,28.0,25.720269329769156,17.089598315482984,2805.0,False
-22.0,27.0,23.272724570385815,16.095046488580707,2000.0,False
-15.0,-10.0,22.263439218127086,15.050961666202536,1827.5,False
8.0,-25.0,25.006333360351366,15.284036383082837,2862.5,False
-23.0,-24.0,24.040441062661188,16.987058686949858,1770.0,False
-16.0,-22.0,23.164521101177513,15.02140060781363,1827.5,False
-19.0,33.0,22.643070012603598,14.453946604384516,2000.0,False
-4.0,-30.0,24.672035691197433,16.935058789342204,2402.5,False
1.0,15.0,23.825277228274505,15.809062545760602,3035.0,False
27.0,32.0,23.111987877666838,13.799848638186157,1597.5,False
-21.0,-3.0,25.76979503981166,14.432638842732507,1655.0,False
-17.0,26.0,22.445900038953727,17.41149220421392,2460.0,False
22.0,27.0,23.373210891207286,15.443525509801638,1655.0,False
-19.0,18.0,23.78112606546141,13.990557780102597,1827.5,False
4.0,-14.0,25.544481587227963,15.658401071971316,3955.0,False
-22.0,-13.0,23.841800705705914,16.331751479229975,1712.5,False
-21.0,-29.0,25.86979770059783,16.081187912182664,1770.0,False
-25.0,-25.0,25.873752598355132,14.458928974409762,1597.5,False
0.0,25.0,25.22079721671131,15.004393853006597,3495.0,False
-20.0,9.0,24.43073522749666,14.562449875202844,1712.5,False
-13.0,21.0,25.45448596015882,15.046914949623057,2057.5,False
28.0,27.0,25.402002351224493,17.06967447875911,1655.0,False
11.0,34.0,22.47491136862182,16.672350953573012,1942.5,False
-32.0,-29.0,25.984266476191927,14.983774377481836,1597.5,False
9.0,14.0,25.067154275683354,16.251575183176037,2000.0,False
-15.0,-12.0,24.887986654619386,17.096252025565693,1885.0,False
11.0,-18.0,25.33956407912531,15.68501259825137,2287.5,False
-7.0,-11.0,22.122398098852408,16.755968499145183,2402.5,False
2.0,9.0,23.908577845899114,15.669067852309428,3265.0,False
-26.0,11.0,23.253853057706195,15.197903731778837,1770.0,False
27.0,-9.0,22.17100815129614,13.63724083457265,1770.0,False
33.0,21.0,23.940619632651064,14.026909990743565,1597.5,False
-3.0,-18.0,23.56759976326402,17.299682986948508,2575.0,False
-23.0,5.0,25.295767609817453,16.97645485443211,1770.0,False
17.0,29.0,25.79370467138938,17.250019638657257,1712.5,False
13.0,27.0,22.518559820290182,16.759596964698282,1827.5,False
-16.0,-1.0,25.145700363900456,13.804492960804348,1712.5,False
-28.0,-33.0,24.586005231607636,14.122915915447143,1597.5,False
14.0,35.0,24.106289015400925,15.215684500936346,1712.5,False
-16.0,17.0,22.61813036583264,15.199629023703597,2000.0,False
5.0,6.0,22.197737402503776,16.977514337460352,2460.0,False
29.0,-21.0,24.634244738176825,16.76719852734708,2000.0,False
27.0,34.0,25.323084325207702,13.846037985257022,1597.5,False
-22.0,3.0,23.54480549988698,17.162474989446654,1827.5,False
32.0,8.0,24.613618225583284,14.649045417574465,1712.5,False
-35.0,-22.0,24.490628052154143,15.91674792488455,1597.5,False
35.0,-29.0,23.843285960889784,16.18234349504566,2000.0,False
-32.0,10.0,22.795010239607855,16.182463801847952,1770.0,False
-34.0,33.0,22.223417312046802,14.24139777787823,3035.0,False
-29.0,-25.0,24.43055719377533,17.41742929092946,1712.5,False
26.0,7.0,25.716635493554612,14.514177584794766,1712.5,False
7.0,-20.0,22.736472986954603,16.007397316037515,3782.5,False
-11.0,-6.0,25.082923421227676,14.443165718865018,1942.5,False
11.0,23.0,23.327309226859597,14.232167251661963,1827.5,False
14.0,13.0,23.453531421098262,14.288927772489476,1712.5,False
-13.0,-1.0,23.89886008057246,13.790320095051946,1827.5,False
-9.0,-19.0,23.831834371940584,14.155678743958537,2115.0,False
-8.0,-5.0,23.031689607672668,15.137620336304131,2172.5,False
-34.0,-16.0,25.693059614983316,17.317544865483114,1655.0,False
8.0,-30.0,22.277683391900023,14.05763324919827,3207.5,False
34.0,3.0,22.792625285587444,15.502401223680234,1770.0,False
5.0,16.0,22.089970211380102,13.592467560910485,2402.5,False
15.0,-34.0,23.54592303714108,15.283719275862179,2287.5,False
-9.0,-13.0,23.854491486355787,15.976383979107126,2115.0,False
7.0,19.0,25.229069327101307,13.505113541531927,2057.5,False
-7.0,-35.0,25.739243182308538,13.73779206791605,2230.0,False
0.0,17.0,22.866193633277724,15.59758093538829,3322.5,False
-34.0,5.0,22.533173666268837,14.415866168560939,1655.0,False
-11.0,0.0,24.040601219572828,16.81746824545433,2057.5,False
-20.0,7.0,25.804166716154924,16.565435554830017,1770.0,False
23.0,-0.0,23.061625252509405,15.58820849612808,1827.5,False
-13.0,-20.0,23.160391937631122,14.106817192944986,1885.0,False
-33.0,-28.0,25.775597105136946,16.247903288109192,1597.5,False
-8.0,9.0,23.68096608355689,16.93631332824313,2402.5,False
-33.0,-12.0,23.09691619286689,17.481032805897705,1712.5,False
7.0,34.0,25.537681256395175,15.711757808622703,2230.0,False
10.0,3.0,25.68639067729748,15.040508983463692,1885.0,False
-22.0,-31.0,24.548546176538352,14.932578922810738,1712.5,False
6.0,3.0,22.733354070572478,16.965009045277128,2287.5,False
-26.0,-30.0,25.92314729738085,16.797871441557124,1712.5,False
28.0,-31.0,25.917804890824666,14.257363016558829,3495.0,False
26.0,-22.0,25.192051891435472,13.563359977054025,1770.0,False
10.0,-28.0,23.12306415627375,14.884903379994821,2690.0,False
-2.0,24.0,25.72752967284285,17.34064641221805,4702.5,False
-1.0,6.0,23.76887063655825,16.199401771060522,7807.5,False
10.0,-7.0,23.477964126105885,17.398872412112684,2345.0,False
27.0,11.0,25.473951335976714,14.523114274283015,1655.0,False
-12.0,12.0,23.8228395371125,15.288072669531019,2057.5,False
15.0,-12.0,23.888802727039565,17.13167519067534,2172.5,False
10.0,-14.0,23.146340905575173,15.30349111241931,2345.0,False
-5.0,-8.0,23.96663261555869,14.126527976345495,2517.5,False
-30.0,-4.0,22.90082756042358,14.797890965715267,1597.5,False
-8.0,-19.0,22.93245710158964,13.629785102020325,2230.0,False
3.0,9.0,23.16924180175903,13.523483719806858,2805.0,False
32.0,-8.0,25.19136707343649,14.744686070310596,1770.0,False
-5.0,-18.0,23.634782781193092,15.605422096053648,2517.5,False
26.0,18.0,22.68095646805244,13.828985579722914,1655.0,False
29.0,-21.0,23.377398093549495,15.357083439935927,1942.5,False
-7.0,-6.0,25.504731153226796,13.942445259234567,2172.5,False
-25.0,-32.0,25.451831357581863,13.946239432353781,1597.5,False
35.0,-10.0,22.750281411074273,15.434769070110146,1885.0,False
24.0,4.0,24.686459501734593,15.655493015552855,1770.0,False
-8.0,1.0,22.566988816620217,15.010966723648314,2172.5,False
-25.0,34.0,25.781615150304365,15.593386554235678,3495.0,False
-8.0,11.0,23.355459023146928,14.924369787423588,2287.5,False
-3.0,4.0,22.33444595274098,16.06607823898439,3380.0,False
15.0,-17.0,23.36065420021145,15.157399534347647,2115.0,False
30.0,-22.0,25.011034699540414,17.060554585167015,2000.0,False
-14.0,26.0,24.624675777131436,13.738287381755786,2000.0,False
-32.0,12.0,22.57439922498496,17.4153552921985,1885.0,False
18.0,18.0,22.329229988870722,13.583870727768405,1655.0,False
-32.0,-21.0,24.75418507707273,17.279011192155313,1655.0,False
-30.0,-24.0,25.61816326250628,16.167488101657323,1655.0,False
-12.0,34.0,25.962223985848652,15.279027570103928,2287.5,False
-12.0,33.0,23.897694600985275,15.862639302214145,2575.0,False
4.0,23.0,23.301201482039463,16.532602556983242,2460.0,False
-22.0,20.0,25.679725174896177,16.45162965130126,1885.0,False
11.0,9.0,25.752184777413795,17.132322546184433,1885.0,False
21.0,-22.0,25.69058805172336,13.542102060611256,1827.5,False
22.0,8.0,22.492498090550438,17.132883138310923,1827.5,False
26.0,22.0,22.75785503916002,14.146837955865042,1655.0,False
-1.0,23.0,25.125449795726322,15.263696168045929,4242.5,False
2.0,22.0,25.91678450012737,14.732261494171816,2747.5,False
-21.0,15.0,22.838386270737303,14.881268411969609,1827.5,False
-13.0,-1.0,24.09088283622792,16.10537423197686,1942.5,False
-12.0,11.0,25.308177450906022,15.428910998598173,2000.0,False
29.0,-17.0,22.440150221118856,14.291686376237267,1827.5,False
-8.0,-2.0,25.807183478968017,13.59052921904987,2057.5,False
9.0,-16.0,22.910168500508643,13.538405146007602,2287.5,False
-1.0,4.0,22.29553390811576,13.592304319877108,11200.0,True
19.0,-11.0,24.002024360439407,14.401938867440563,1885.0,False
-32.0,-21.0,23.112507186846237,15.309231157421127,1597.5,False
-34.0,-13.0,25.464474561691667,14.86563064010922,1540.0,False
12.0,7.0,25.759296470475153,15.635274406809952,1827.5,False
22.0,-11.0,23.423567020981395,14.626136114859712,1885.0,False
2.0,-30.0,22.505265112337323,13.549311606124565,4817.5,False
15.0,-4.0,25.48331590986986,14.038498792952836,1827.5,False
-27.0,15.0,22.384790774055354,14.268369989237886,1770.0,False
8.0,-23.0,24.91130175833312,14.443248093967824,2575.0,False
-28.0,4.0,23.134486626022497,15.900147631623184,1712.5,False
30.0,6.0,22.546052960522587,15.219816324127809,1770.0,False
-34.0,28.0,22.739456786820913,14.87242054536911,1827.5,False
1.0,-22.0,22.896613898387958,15.341361173627687,3725.0,False
-8.0,31.0,22.849915398744816,16.606419879759358,4357.5,False
8.0,2.0,22.669368964794245,16.182356668337885,2115.0,False
-4.0,30.0,23.686120703685997,17.19403833112628,5622.5,False
4.0,-28.0,23.77621785836632,16.86893485436401,7002.5,False
13.0,-22.0,25.930532660158082,13.795795025399856,2000.0,False
-11.0,2.0,25.482855413478266,15.514975080768235,1942.5,False
-24.0,29.0,22.937496918789915,17.235774980111117,2115.0,False
-3.0,11.0,25.431267912815322,15.251451872470438,4357.5,False
17.0,-0.0,22.0753811499335,14.662191588857603,1885.0,False
-9.0,-23.0,23.353276890473683,17.261882828976493,2345.0,False
15.0,8.0,24.46346585257227,13.926086154348837,1770.0,False
-29.0,-11.0,24.468970152022298,16.728866738418844,1655.0,False
7.0,31.0,24.194216708801587,14.767369827329713,2172.5,False
5.0,16.0,23.566644534808322,15.529225825020413,2460.0,False
22.0,25.0,22.626731233512828,14.567784122897201,1655.0,False
7.0,-20.0,23.124193245520893,15.543199300582955,3380.0,False
-32.0,-32.0,25.376537711658482,15.953652435308003,1597.5,False
-12.0,32.0,23.63742239422287,16.33793851271408,2690.0,False
-33.0,-28.0,24.829387472588227,14.038880465652152,1540.0,False
-35.0,28.0,22.349042809575256,17.17199678350917,2172.5,False
32.0,27.0,23.82201694411084,14.76641972379427,1597.5,False
-30.0,-15.0,23.730415289261224,16.434240764433667,1655.0,False
30.0,-8.0,22.453591142438608,14.301410645620765,1770.0,False
-24.0,12.0,24.254995725451867,16.85863431083291,1885.0,False
21.0,-16.0,22.061917908975385,15.659919420242693,2057.5,False
-12.0,-35.0,23.41672505595739,15.048212095872415,2057.5,False
18.0,21.0,24.348443661264007,17.235315765932096,1712.5,False
34.0,-18.0,22.417165722518963,16.32090396786091,2000.0,False
-28.0,-12.0,22.59809334364068,13.87945990249101,1597.5,False
-3.0,-0.0,24.57887704087739,16.730782765452602,3150.0,False
13.0,15.0,24.172348940016004,15.123993826334338,1770.0,False
22.0,17.0,25.220605907566455,16.506274385579225,1712.5,False
-22.0,-29.0,24.285213163770063,17.012158024351365,1770.0,False
19.0,-34.0,25.529730130893064,16.314199972427055,2287.5,False
-31.0,-26.0,22.198775967868386,16.288924208876544,1655.0,False
-23.0,-19.0,25.961801660919313,17.266410363514623,1770.0,False
16.0,34.0,24.96600368174489,16.547193901671967,1655.0,False
-0.0,-12.0,25.23201515332381,17.442875889297103,3667.5,False
16.0,-23.0,23.356909980873958,17.416737523083633,2460.0,False
29.0,-2.0,24.470755182203888,16.429396996282094,1827.5,False
28.0,-10.0,24.96701309005272,15.01633638438459,1827.5,False
-22.0,-23.0,25.02929590958124,16.866798312666717,1770.0,False
15.0,-23.0,24.521449321957366,15.821500464283162,2230.0,False
-3.0,-23.0,22.766583668878674,13.8977312299352,2517.5,False
9.0,26.0,23.035697420226303,16.7421634243555,2057.5,False
-21.0,28.0,23.917206653526172,15.390320185357025,1942.5,False
22.0,9.0,25.288598217852318,16.89796592952234,1770.0,False
-12.0,16.0,25.73919376453548,14.519939504513388,2000.0,False
-26.0,-27.0,25.20301429983811,14.865686295804467,1655.0,False
15.0,24.0,23.660293210591455,15.297193026338396,1655.0,False
31.0,34.0,23.473606087273716,16.780370483790566,1655.0,False
19.0,24.0,25.376076004498895,15.269491606888288,1655.0,False
-3.0,25.0,23.477540454786098,15.892862449281738,5507.5,False
22.0,31.0,24.280346680100504,17.418340612276772,1655.0,False
-11.0,-8.0,23.46640422754332,14.565788893046765,1942.5,False
-32.0,3.0,23.130773026943775,14.836966630359116,1655.0,False
-15.0,10.0,25.031747780035715,13.909097047830459,1770.0,False
-17.0,25.0,25.811857760211584,14.728552616974438,1885.0,False
-6.0,-17.0,22.48315705667211,15.035249712295471,2517.5,False
-20.0,-23.0,24.544117354939722,13.90581356300422,1655.0,False
-22.0,23.0,25.602147920375703,13.579122197197611,1712.5,False
4.0,-31.0,22.023400563758873,13.727072120920605,6312.5,False
-16.0,4.0,24.20079345993737,17.31764606247456,1885.0,False
34.0,-3.0,23.709419317482862,15.452372457548961,1770.0,False
28.0,-27.0,22.93415837552221,13.7639202713017,1827.5,False
16.0,4.0,22.37113250758475,14.729608897380727,1827.5,False
-35.0,7.0,25.81489027639873,13.754108117945728,1597.5,False
-20.0,31.0,24.572297500398378,16.119802469776022,2057.5,False
-9.0,19.0,24.28803682950511,14.081127168860512,2287.5,False
29.0,30.0,23.54596033583996,16.391154277140732,1655.0,False
-0.0,1.0,22.78696641944678,13.532101783907162,9762.5,False
26.0,35.0,25.553890371375882,14.653024052799971,1597.5,False
-29.0,-22.0,22.5928190832151,13.698424973987848,1540.0,False
-26.0,-33.0,24.15570358572306,13.789668012468265,1597.5,False
-35.0,-17.0,23.533949580126176,13.98439811462667,1540.0,False
-29.0,-33.0,23.35848114192715,14.027763218213998,1597.5,False
-22.0,-11.0,24.556570654072182,14.890238403939101,1655.0,False
27.0,3.0,22.28469781268241,14.804995283607026,1770.0,False
-18.0,16.0,24.8818250305216,16.398984268677715,1942.5,False
18.0,-7.0,25.44254417315777,15.551357318323118,1885.0,False
-34.0,-29.0,23.20973672940334,14.410803350374902,1540.0,False
-6.0,0.0,25.756167292225047,15.754633803112627,2402.5,False
33.0,-20.0,25.28983123627024,14.316444282675542,1770.0,False
24.0,30.0,24.299272332198683,14.062845118928616,1597.5,False
-15.0,-23.0,25.960046517203473,16.60622775148073,1885.0,False
-18.0,-23.0,24.258314350504502,14.29879299110987,1770.0,False
-34.0,-29.0,23.045563546997567,16.48653258365543,1655.0,False
-21.0,22.0,25.39606969414567,16.129511872578025,1885.0,False
-1.0,-16.0,24.523235696053813,13.759165453072447,3150.0,False
26.0,-19.0,25.814490374857495,17.244592703962333,2000.0,False
-1.0,29.0,22.962784273086402,13.850483234917712,4012.5,False
-24.0,33.0,24.290807330918483,17.030430626751915,3667.5,False
15.0,23.0,22.16266401393393,14.389106824345271,1655.0,False
13.0,-15.0,23.367265563127035,15.460043090574349,2172.5,False
27.0,-17.0,22.96834336106551,13.604807608702357,1827.5,False
10.0,22.0,25.200243213101928,13.657621267169999,1827.5,False
27.0,26.0,24.222294686973246,16.487325729264604,1655.0,False
-22.0,-25.0,24.105086433639794,13.972654776381278,1655.0,False
-10.0,17.0,24.39192794360767,14.906311619599139,2230.0,False
-14.0,28.0,23.788932895121157,15.316329090824727,2230.0,False
15.0,9.0,25.46678507091366,16.689942278942027,1827.5,False
-2.0,23.0,25.957754159956814,14.539625123538476,6485.0,False
-27.0,-30.0,23.45113733032655,15.543891150701386,1655.0,False
26.0,20.0,25.177347853218777,16.836196480431333,1712.5,False
4.0,-24.0,22.64374814542694,13.612135354357804,7002.5,False
2.0,27.0,23.680817297394327,15.815026311983946,2575.0,False
28.0,-22.0,23.567079505728064,15.14028989855381,1885.0,False
24.0,4.0,23.714353274945367,14.712119375708504,1770.0,False
-29.0,-20.0,25.93788982557004,14.347648742555018,1540.0,False
-3.0,-15.0,22.581852868677046,16.04295265449103,2632.5,False
-24.0,-34.0,24.128953222248363,16.601507595399525,1712.5,False
-34.0,13.0,22.534159394631608,14.532960570210905,1712.5,False
-13.0,-12.0,25.684947980009753,16.69321170854906,1942.5,False
32.0,6.0,22.02824950600326,16.833228475288983,1827.5,False
11.0,27.0,24.516569381217796,17.29539699587907,1942.5,False
30.0,-31.0,23.414969856612064,13.62911603449478,1885.0,False
-26.0,7.0,25.660524615513552,17.23113819601135,1770.0,False
-14.0,-26.0,23.352813295751915,14.365293592589412,1885.0,False
9.0,34.0,24.3608925783655,15.435040855722624,2000.0,False
-3.0,-33.0,25.945769490279133,17.245783098842033,2517.5,False
1.0,-21.0,25.3723323027172,16.544779736110897,3955.0,False
-18.0,12.0,25.36668353036691,16.147153589807715,1885.0,False
27.0,-28.0,23.429131529924575,13.538521399598434,1942.5,False
-6.0,31.0,22.668903702029912,13.730665864370925,4127.5,False
19.0,4.0,23.521330170701148,17.353325447716216,1885.0,False
-31.0,10.0,25.26110528651686,14.77865866289376,1655.0,False
-2.0,-12.0,23.857818104524128,16.861196240841014,2920.0,False
21.0,-16.0,23.424210380050003,15.327006594979757,1942.5,False
28.0,-29.0,25.301857476237004,15.682883816476984,2057.5,False
-31.0,28.0,22.653305922345325,14.301939465064882,1770.0,False
19.0,2.0,24.933266081734324,15.664626791061348,1827.5,False
6.0,14.0,23.77968619832199,15.825853461351471,2287.5,False
-5.0,14.0,24.817641890044833,14.54103038862704,2920.0,False
-31.0,10.0,23.69531709887656,15.860889670957997,1770.0,False
20.0,-29.0,22.714137058764678,15.017206305344349,2115.0,False
4.0,-1.0,23.992860203466886,13.970706544012693,2575.0,False
22.0,-14.0,23.853988536602223,16.969816923410363,2057.5,False
-34.0,-30.0,24.09136270405637,15.91807004005398,1597.5,False
-22.0,-15.0,25.525100460491704,13.672773648823139,1597.5,False
-33.0,-1.0,22.957861572403615,13.891002235137751,1597.5,False
11.0,26.0,25.618288836892237,15.183740822207868,1827.5,False
-8.0,-24.0,22.77081701288158,14.400133026874746,2345.0,False
16.0,-19.0,25.881949301136075,15.515872153473246,2000.0,False
3.0,18.0,22.32515057905924,15.340940233194267,2632.5,False
29.0,2.0,24.499426520004523,13.8078375053935,1712.5,False
-17.0,-15.0,24.35817620370402,15.681719168173663,1827.5,False
31.0,-6.0,23.117143066822706,17.335500376515075,1942.5,False
8.0,23.0,23.205938076650966,16.037774293324514,2115.0,False
-23.0,-15.0,24.859500289136218,14.46629853455989,1655.0,False
20.0,1.0,24.32996586572021,16.329173328829413,1827.5,False
27.0,-31.0,25.42013954992468,17.01119661534369,3610.0,False
31.0,-18.0,25.517994800380293,16.070089100072455,1885.0,False
-23.0,-5.0,24.26762554388609,16.336098199749458,1712.5,False
-24.0,-1.0,22.07683089626471,16.740404085136184,1770.0,False
34.0,-32.0,25.037936193918647,17.44327596815177,3265.0,False
24.0,-33.0,25.458699449490066,13.542048929461565,1770.0,False
-15.0,-25.0,24.586668729166266,16.95646405046799,1942.5,False
-31.0,12.0,22.282850128429175,14.14396038065071,1712.5,False
8.0,-23.0,25.99219973612997,13.64699680437764,2345.0,False
34.0,-25.0,25.19097490390276,16.354998576972356,1942.5,False
15.0,17.0,23.63203582901787,17.053745299675324,1770.0,False
-5.0,-8.0,23.866795643517815,15.499080476787125,2575.0,False
-33.0,-17.0,22.746252786709565,15.624614241498803,1597.5,False
6.0,22.0,24.724320948681996,15.12308682372556,2287.5,False
-4.0,-12.0,25.572319600458087,16.2815174965788,2805.0,False
1.0,17.0,25.252506494567548,16.90115585634918,2920.0,False
-23.0,-2.0,24.329396132873924,16.711750314170253,1712.5,False
30.0,7.0,22.886261925035882,17.2081266313484,1827.5,False
32.0,-33.0,23.625545228767535,15.51811003462128,3207.5,False
26.0,-31.0,24.20771198504715,15.42421587488365,3610.0,False
29.0,-28.0,22.687106246619617,14.194715646454892,2057.5,False
-19.0,-17.0,24.297139995132724,16.055060308675877,1770.0,False
19.0,4.0,23.756842111452137,14.725791855241548,1770.0,False
10.0,10.0,25.130438687428132,14.45494557650175,1827.5,False
21.0,21.0,23.76136083127652,14.078162876383715,1655.0,False
-31.0,18.0,23.0061830805963,15.24467483786341,1770.0,False
27.0,12.0,22.07188553780273,14.399387498020108,1712.5,False
16.0,-32.0,23.444077943677584,17.400533859272304,2575.0,False
18.0,13.0,24.949222292511188,13.785641943255076,1712.5,False
-5.0,-7.0,24.236222540781796,14.188941202856414,2517.5,False
4.0,-23.0,24.534397407689575,16.23914971683118,7635.0,False
1.0,-25.0,24.54379839504887,17.09074205032418,3552.5,False
5.0,26.0,25.273315959783716,15.580685852091456,2402.5,False
35.0,11.0,22.18149554645422,16.588203473908376,1770.0,False
-22.0,13.0,24.6676920563767,17.2673921718598,1885.0,False
23.0,-34.0,24.9789622920101,16.337327743037022,2057.5,False
18.0,-27.0,23.588685941809693,14.534383668383697,2057.5,False
-32.0,21.0,22.771906707757136,17.0080070298815,1942.5,False
7.0,8.0,24.256970852529758,17.309399631387475,2172.5,False
-22.0,-21.0,25.278115028644642,16.56418730154421,1770.0,False
-10.0,-9.0,25.272931293991725,13.928157255303201,1942.5,False
-27.0,-32.0,24.55091143503666,16.049708644749188,1655.0,False
-22.0,13.0,24.677266188659864,14.074726806599152,1712.5,False
-16.0,-28.0,23.979725601954925,16.157283511460786,1885.0,False
-19.0,-31.0,24.849084410200565,16.556084713188977,1827.5,False
-8.0,25.0,24.32189990159845,17.471120424797338,3955.0,False
14.0,-17.0,25.932972335473814,14.031862698628224,1942.5,False
-21.0,-31.0,24.721586219297766,15.650994330293106,1770.0,False
-4.0,-11.0,23.376046292822682,14.744624563588918,2805.0,False
-11.0,6.0,22.518890204779723,17.278655055342163,2172.5,False
24.0,-8.0,25.016925698818646,15.76544184240055,1827.5,False
11.0,24.0,23.552731576206707,17.132992651483818,1942.5,False
-8.0,-33.0,22.096080287499632,13.825662378093112,2172.5,False
2.0,7.0,23.589104183912603,16.604848895177174,3380.0,False
27.0,-26.0,23.473783791748318,16.02989476968399,2000.0,False
-30.0,-5.0,24.855338172630898,14.250964062531173,1540.0,False
-34.0,3.0,22.016782189898723,13.81861762745298,1597.5,False
5.0,-6.0,23.951253287159005,17.453955056508846,2862.5,False
-14.0,21.0,22.304300112948866,16.007081753313297,2287.5,False
15.0,19.0,23.221805592110258,15.176070787225969,1712.5,False
-6.0,25.0,25.10435196317173,13.530711917329715,2920.0,False
5.0,-11.0,25.383950227483112,14.13806128894361,2575.0,False
0.0,-30.0,22.469558052295266,13.684000464957673,3207.5,False
-4.0,-7.0,22.865601316957743,14.695704302434052,2805.0,False
-31.0,-21.0,23.98400294814575,16.963011465995674,1655.0,False
27.0,24.0,25.61757943696435,14.031266858951875,1597.5,False
32.0,2.0,25.93552557236132,13.85338137888551,1655.0,False
13.0,-27.0,22.559537364157233,14.493391815035142,2345.0,False
33.0,28.0,22.86637805677174,16.121548504823313,1655.0,False
20.0,23.0,25.71430065176989,14.454025293218088,1655.0,False
-4.0,-15.0,25.10330466163422,14.435515839333661,2690.0,False
-2.0,20.0,22.078042139408723,14.490688333877475,5105.0,False
15.0,-12.0,22.444845907621616,14.167033876789954,2000.0,False
-1.0,34.0,25.492517508947785,14.686655943757735,4185.0,False
-31.0,7.0,25.46446842785458,16.497464740434346,1712.5,False
-8.0,-21.0,22.220768136099707,14.35593144927164,2287.5,False
1.0,6.0,24.361469967432406,15.866473004599317,3897.5,False
10.0,20.0,24.312508987868753,14.097152865454635,1827.5,False
29.0,25.0,25.64768461038114,15.765336064550706,1655.0,False
10.0,-0.0,25.87256780807214,17.32190534103763,2057.5,False
29.0,5.0,24.3123685959771,16.38506803708389,1770.0,False
31.0,35.0,23.553261398448143,13.82732158453088,1540.0,False
4.0,9.0,23.877308656938098,14.256825265110836,2575.0,False
-7.0,-29.0,24.788496133284426,15.534657850309356,2287.5,False
29.0,-20.0,22.037832431053253,13.784542501344573,1827.5,False
-32.0,10.0,22.651902439670316,14.666445754031042,1712.5,False
-22.0,-24.0,25.9868964130186,16.04350153276073,1712.5,False
-18.0,-12.0,23.644012401817935,15.156129186253974,1770.0,False
12.0,-27.0,24.48020234215432,13.93387024821754,2172.5,False
34.0,14.0,24.72338290785073,17.213082068550904,1770.0,False
-25.0,31.0,24.39316993734471,16.986868765014986,3667.5,False
-8.0,-32.0,24.625922360030565,16.9196949686561,2230.0,False
24.0,-10.0,23.84799017481031,15.168412626737084,1885.0,False
-21.0,-30.0,25.816212132927678,15.872253687149982,1712.5,False
14.0,-5.0,23.070181119126538,17.228995057042248,2115.0,False
-13.0,-31.0,23.81819578470191,14.71488393920847,1942.5,False
-16.0,27.0,22.582841982978803,16.871823335068665,2402.5,False
10.0,-33.0,23.50671686038897,15.183390590724056,2805.0,False
4.0,25.0,24.935332231519155,15.897473062883051,2460.0,False
19.0,-22.0,24.004577177900536,14.374902670156178,1942.5,False
-22.0,20.0,24.395836714863357,16.314230171072403,1942.5,False
-13.0,-7.0,23.491308288079736,16.009737710347217,1942.5,False
-19.0,-28.0,25.696729134748786,15.712802850877564,1770.0,False
1.0,5.0,24.510632115702794,17.06276116765074,4070.0,False
12.0,-9.0,24.94451664795901,15.509299595207155,2057.5,False
-11.0,-18.0,25.607342956671843,13.778658150674069,1942.5,False
-23.0,-23.0,22.680101524130247,15.230917495298428,1712.5,False
6.0,-23.0,22.542627538542973,13.508705654275278,3437.5,False
16.0,9.0,22.97995718372345,13.865807837565285,1712.5,False
35.0,-33.0,25.601091046478363,14.372473236738815,3092.5,False
27.0,-31.0,24.556451707228014,14.011644803923971,1827.5,False
22.0,-1.0,25.100277027938642,15.691964336341087,1827.5,False
-21.0,21.0,22.590091297834082,16.873555920424163,2115.0,False
-21.0,-18.0,23.508110637014994,14.363993621236077,1712.5,False
4.0,13.0,22.113059474984983,15.59440397431561,2632.5,False
17.0,-23.0,24.573361754320118,15.504490559172034,2115.0,False
-8.0,10.0,25.19169713265803,14.043814270617288,2115.0,False
-13.0,2.0,22.8157677638648,14.19159632726044,1827.5,False
30.0,35.0,23.66513084954102,14.785275015331305,1597.5,False
31.0,12.0,23.930860713790555,15.807137999470772,1712.5,False
-35.0,-27.0,24.827814885519377,17.040113099028805,1655.0,False
-2.0,-25.0,23.77502909873889,15.63119056632377,2690.0,False
-29.0,-14.0,25.76348776940959,16.315770002712892,1655.0,False
-29.0,-28.0,25.788501852279694,13.891689996496305,1540.0,False
3.0,18.0,25.888195885371946,16.91035156024526,2747.5,False
34.0,-13.0,22.652395326550398,14.11070874159657,1770.0,False
-29.0,18.0,22.071864233386606,13.789501680198644,1712.5,False
-7.0,-20.0,22.377654201285207,15.00464225631282,2402.5,False
7.0,29.0,23.990888241884154,14.910722457348578,2172.5,False
17.0,1.0,23.187356737297804,13.95795803743339,1770.0,False
19.0,35.0,22.21898434294,15.992224347570222,1655.0,False
11.0,-25.0,23.002074238775084,14.180548830122161,2402.5,False
-19.0,13.0,23.7523158896558,13.91326041470822,1770.0,False
-29.0,5.0,25.272040937762775,16.492125759111875,1712.5,False
-19.0,9.0,23.981864402356692,15.609057077200376,1827.5,False
1.0,26.0,24.47416460101534,14.7046534023044,2920.0,False
-9.0,2.0,23.9304305871044,13.710854551930826,2000.0,False
3.0,3.0,25.052596527467713,16.039755291378526,2920.0,False
17.0,-34.0,25.723413477770848,16.996235692551416,2287.5,False
-33.0,-21.0,22.1756142687955,13.780444301938445,1540.0,False
-20.0,25.0,24.777868907712257,13.850557434714089,1827.5,False
-9.0,23.0,25.202674436571595,15.066219192441233,2460.0,False
4.0,3.0,25.798918205487922,13.667435929448493,2460.0,False
-8.0,-29.0,24.9362401626559,16.17777123812545,2287.5,False
-16.0,24.0,24.311507723463397,16.505966768100084,2172.5,False
16.0,-3.0,25.5314834302681,16.41339970504321,1942.5,False
-31.0,-33.0,25.39237855685986,16.551428678239823,1655.0,False
-26.0,10.0,22.74529030987545,15.869741990567192,1827.5,False
-32.0,33.0,23.282956680113212,14.480258295901804,3150.0,False
-12.0,14.0,23.70594868670348,14.152736733961245,2000.0,False
-21.0,14.0,23.968983373650467,13.540094198185438,1712.5,False
12.0,-18.0,22.24510759679113,13.95536948610624,2230.0,False
31.0,-13.0,22.256010765627785,15.312886370281088,1885.0,False
-3.0,-32.0,24.40603845581591,16.53155625844706,2517.5,False
30.0,-2.0,24.63699126472263,17.17035299702592,1885.0,False
-35.0,28.0,22.07052864753544,14.61486241934433,1827.5,False
33.0,-5.0,22.724556060253068,17.15579638641874,1942.5,False
19.0,-26.0,24.504652288886493,13.806481908917403,1885.0,False
4.0,-31.0,24.78464853762459,14.096061702110262,6025.0,False
-33.0,-17.0,23.697121789797134,14.50551549810929,1540.0,False
19.0,-23.0,24.876555155692802,15.856185369287221,2057.5,False
-9.0,-25.0,23.394601179144377,16.58297238773238,2287.5,False
-17.0,-8.0,24.01070144403981,14.596275910790299,1770.0,False
20.0,27.0,23.567546312673805,17.48057241342558,1712.5,False
-28.0,-3.0,25.34855446101692,17.193750827154105,1712.5,False
20.0,13.0,25.165925528786353,14.731423116876874,1712.5,False
-33.0,-20.0,23.75637780370566,16.935204551780295,1655.0,False
28.0,33.0,23.89186272333189,13.969957983185475,1597.5,False
33.0,28.0,23.7862755223522,16.19817947535609,1655.0,False
24.0,34.0,22.671253819784184,16.202861554645228,1655.0,False
19.0,-9.0,25.71283705025248,16.091635473919194,1942.5,False
1.0,-26.0,25.250333178506317,15.4990893965033,3955.0,False
-27.0,-16.0,25.180206586306625,14.286294766366717,1597.5,False
-2.0,17.0,24.96469001325452,14.495487428762676,7635.0,False
11.0,31.0,24.57597387731259,15.988541898540998,1885.0,False
-7.0,-5.0,24.006735810255613,15.593108783723974,2287.5,False
6.0,-5.0,24.22262062483383,14.036675945095874,2287.5,False
20.0,26.0,24.023928619131,13.720624037433575,1597.5,False
9.0,32.0,23.205967692330823,15.630214059921926,2057.5,False
31.0,34.0,25.500905288029315,17.41062554692011,1655.0,False
-4.0,15.0,25.631590161666068,14.379041415280376,3437.5,False
-10.0,-22.0,25.25264128426103,15.558446100445977,2115.0,False
29.0,31.0,25.091505969010804,17.433790273965055,1655.0,False
1.0,-20.0,23.661725367375585,13.9557951779068,4357.5,False
12.0,-26.0,24.76185501909991,16.97663661514855,2632.5,False
7.0,-24.0,25.53930960684132,14.102902822801525,2690.0,False
25.0,-27.0,23.030182998042044,13.946933679878422,1942.5,False
8.0,-26.0,24.706142053373014,16.80475697915091,3552.5,False
3.0,-20.0,23.07169686215253,16.601785125075825,5795.0,False
-32.0,33.0,22.194715472443733,17.14346621184138,3265.0,False
9.0,3.0,24.264657963240573,16.121363412579765,2000.0,False
-14.0,4.0,23.23390766461648,15.939946267947603,1942.5,False
-25.0,-12.0,24.509034973553646,14.03696412246742,1597.5,False
-25.0,-21.0,25.769144329747352,14.832973354362258,1655.0,False
19.0,-2.0,23.32041742524865,14.247470034453848,1827.5,False
-29.0,32.0,25.752018997379082,14.066226842679832,3380.0,False
16.0,9.0,24.37322477212834,14.594845087740499,1770.0,False
20.0,-22.0,22.02315583003724,15.513630367405618,2287.5,False
32.0,-26.0,22.714021401964565,14.084505395754523,1827.5,False
2.0,2.0,22.97139466442143,16.54911782068421,3495.0,False
-3.0,21.0,24.65266099609606,15.790602529769377,7520.0,False
-25.0,9.0,25.623760004173295,14.827926296226465,1712.5,False
-2.0,23.0,22.62105811238908,13.551703550680157,5507.5,False
31.0,8.0,22.082409696131847,16.84550369830297,1827.5,False
32.0,-0.0,23.988223737241178,16.911116707380888,1827.5,False
-6.0,-12.0,24.480221017545357,14.59121684329769,2402.5,False
-5.0,-28.0,23.80239547604618,13.63503167420183,2345.0,False
-12.0,23.0,25.692138475894303,15.234702632756605,2172.5,False
-19.0,-29.0,24.98267946401498,17.495282726794883,1827.5,False
25.0,-1.0,25.17686280874998,14.962545562562733,1770.0,False
-0.0,9.0,22.237184316556966,17.397592466481505,3610.0,False
20.0,-32.0,22.21484514261922,13.986049504665548,2000.0,False
-9.0,-22.0,25.428199316544415,16.381095983922812,2230.0,False
-7.0,12.0,24.448707551384693,16.15688182921295,2575.0,False
-33.0,-23.0,25.233800163215747,14.64177515721931,1540.0,False
-2.0,-33.0,23.846809345530765,16.41988448123992,2632.5,False
-3.0,10.0,22.21161220370774,14.026511270683523,4645.0,False
30.0,25.0,22.453174342355926,14.305544241422478,1597.5,False
12.0,-30.0,23.515370300162886,14.737926400792333,2402.5,False
-11.0,3.0,22.072543105723422,15.987512992928437,2057.5,False
26.0,8.0,23.077177122548715,14.723250775166173,1712.5,False
-17.0,-16.0,25.64754419434808,14.976782255237593,1770.0,False
-21.0,-11.0,22.03151059862482,17.488864018573903,1827.5,False
29.0,-16.0,25.428296448633144,16.09164152028039,1885.0,False
17.0,-25.0,22.497588427393367,14.769722878117683,2115.0,False
-26.0,23.0,23.62056117053507,15.082918093192287,1827.5,False
3.0,8.0,23.458538822409007,13.853088465990561,2805.0,False
11.0,-15.0,23.29743614421291,16.154529265610996,2402.5,False
-31.0,17.0,23.104458480831745,17.384546424809884,1942.5,False
-20.0,-33.0,24.554433605104187,17.47292418156956,1827.5,False
23.0,-5.0,24.53383186380729,13.548422772803802,1712.5,False
-16.0,-8.0,23.497175491252072,16.318641981577507,1885.0,False
-11.0,8.0,24.177825450286598,14.628967974379314,1942.5,False
33.0,-30.0,22.127798626025186,13.807230690720209,2057.5,False
17.0,12.0,25.421091531529356,15.50511463588711,1770.0,False
-33.0,-10.0,23.98133982758196,15.362209759674931,1597.5,False
-29.0,6.0,22.961654643856207,14.790240222790207,1655.0,False
34.0,-21.0,25.927113103913765,15.774683620968533,1885.0,False
2.0,29.0,22.101947689826833,16.286602599092067,2517.5,False
8.0,12.0,22.665336477107687,15.107027534904526,2057.5,False
-34.0,-10.0,23.10072598202915,13.860076570658274,1540.0,False
23.0,20.0,22.068490492263127,14.297233346539022,1655.0,False
27.0,-33.0,24.49245109142615,16.31432542672075,3495.0,False
31.0,3.0,25.344267074057058,16.013970038947456,1770.0,False
17.0,3.0,24.25117931300204,13.685675355935127,1770.0,False
8.0,-14.0,22.242584016765285,13.728959633602951,2402.5,False
-7.0,31.0,24.054363360995602,14.115330228890306,3265.0,False
7.0,25.0,24.778409102339193,17.166585901367117,2230.0,False
-25.0,-19.0,23.934393569432146,14.515376496733827,1655.0,False
32.0,28.0,22.373584783295595,15.557640750997063,1655.0,False
26.0,-15.0,23.44697332048879,15.638788538667642,1942.5,False
-26.0,-13.0,25.262443703014288,14.591182443754429,1597.5,False
-10.0,10.0,23.589354962179378,13.845212832937376,2000.0,False
-0.0,-22.0,25.329025480000777,14.301597881770519,3552.5,False
-7.0,30.0,23.84233178791371,14.404912039562252,3380.0,False
-27.0,-26.0,22.70180586668311,14.27544497662219,1597.5,False
-28.0,-11.0,23.09638930363103,13.937682161403231,1597.5,False
17.0,8.0,24.72516609192737,17.372139472893213,1827.5,False
-33.0,6.0,25.161216840649455,16.143362319830054,1712.5,False
-19.0,-7.0,25.781821722518874,15.905151921638407,1770.0,False
5.0,-5.0,24.71171251441314,13.571802759598967,2402.5,False
-6.0,-3.0,22.463792452341963,14.217360738693774,2345.0,False
22.0,-25.0,22.541420951809464,16.834317001567683,2230.0,False
-34.0,-12.0,23.48726558715553,14.131843108665555,1540.0,False
-16.0,7.0,24.616309289016897,17.423086057303948,1942.5,False
29.0,24.0,22.667833788431118,13.96939630855924,1597.5,False
-1.0,32.0,24.472003573282798,13.584655490424929,4300.0,False
-24.0,-3.0,25.74476792035571,16.403784142466588,1712.5,False
21.0,-28.0,23.012506722570258,15.269269200977945,2057.5,False
7.0,12.0,23.66261659484501,14.839268517315764,2115.0,False
33.0,12.0,22.703673448684842,13.88704755694371,1655.0,False
-31.0,-11.0,22.674773097023362,14.877160679453894,1597.5,False
-20.0,-27.0,25.079896421952526,14.622768667264605,1712.5,False
19.0,25.0,23.216465824724388,14.807242028733647,1655.0,False
-24.0,-2.0,24.861231599444455,16.255155728809257,1712.5,False
-28.0,-13.0,24.521679330133846,17.356128185835512,1712.5,False
28.0,-21.0,23.002616859601748,14.161283558910242,1827.5,False
15.0,9.0,25.836818995210557,14.216662944544147,1712.5,False
19.0,-34.0,24.521901863985725,15.969585985587766,2115.0,False
-13.0,-23.0,22.39693596560629,15.641809331255518,1942.5,False
28.0,11.0,23.709431791876046,17.132272990335103,1770.0,False
-19.0,12.0,24.237536117464927,17.173334210197705,1942.5,False
-28.0,-18.0,23.396314275399373,16.800848219464623,1712.5,False
-27.0,-3.0,23.63044812373462,14.391329441853342,1597.5,False
-21.0,-17.0,22.983407451087555,15.080134880785888,1712.5,False
-0.0,-6.0,22.18913411326199,13.58223195107269,4530.0,False
-6.0,-8.0,24.192206053972903,16.74450553540065,2460.0,False
-9.0,4.0,23.8238231015675,14.262261964324985,2057.5,False
-21.0,9.0,24.44201989152018,14.222235655634442,1712.5,False
3.0,-27.0,25.155673406484965,17.106217566557998,5335.0,False
-32.0,-31.0,23.258887084929654,15.160268289601266,1597.5,False
1.0,-1.0,25.86253852390396,14.382743091265741,4530.0,False
-28.0,13.0,23.70938993616847,14.940412517167365,1712.5,False
-10.0,-12.0,23.461958748989424,17.333093112363706,2115.0,False
-7.0,13.0,24.132452524684837,16.36352762622765,2747.5,False
17.0,23.0,25.567089808501798,13.800439626550025,1655.0,False
-34.0,-0.0,22.27970367918668,16.238365710023697,1712.5,False
15.0,-25.0,22.741234592584785,16.4566497375879,2460.0,False
30.0,-9.0,25.908128817716605,14.397426797938182,1712.5,False
31.0,6.0,23.15600328769696,16.37710830301287,1770.0,False
-13.0,34.0,25.190007478514758,17.138474986524766,2575.0,False
25.0,4.0,22.067118592167724,15.595465241687123,1770.0,False
28.0,21.0,23.395440364426783,17.16002411184823,1712.5,False
13.0,14.0,22.825178632139192,13.672989920933109,1712.5,False
-31.0,-18.0,24.168200438945785,15.540763136748858,1597.5,False
-14.0,22.0,24.50993761640046,15.29015995919384,2115.0,False
-33.0,11.0,23.52382728075005,16.876345171028596,1827.5,False
-6.0,-19.0,22.614274584220663,14.184376066309463,2460.0,False
-27.0,26.0,23.680930582690003,15.41155310374739,1885.0,False
-5.0,14.0,24.100404234768,15.13934842824101,3265.0,False
13.0,35.0,22.80982457709368,13.789495240690783,1712.5,False
-26.0,17.0,25.983535052315844,15.297693088836613,1770.0,False
-16.0,-9.0,23.652726205010232,13.605580010926486,1712.5,False
-24.0,-24.0,24.574760435810518,13.539314857649714,1597.5,False
-3.0,11.0,25.323056161055717,16.47243794380091,6542.5,False
1.0,-20.0,22.525533146920537,13.886005203722014,4127.5,False
-30.0,-24.0,22.56944461124653,15.019268835462238,1597.5,False
-11.0,-26.0,25.954306857121566,16.44051377550164,2115.0,False
29.0,20.0,22.91522408124191,15.23437419177286,1655.0,False
14.0,-20.0,23.1922622849981,17.270754853435204,2517.5,False
29.0,6.0,25.348796743870764,15.356075802043778,1712.5,False
26.0,-6.0,22.395083951796273,16.322637949421395,1942.5,False
25.0,35.0,24.663744185366614,14.25217781092413,1597.5,False
-19.0,1.0,22.650188796277572,14.75363344146354,1712.5,False
6.0,-15.0,22.866663148471794,15.816499562683216,3495.0,False
16.0,18.0,23.493393142397863,13.945330149620958,1655.0,False
-33.0,-34.0,23.73156296719414,16.19467726427221,1655.0,False
-1.0,-15.0,25.87599813760893,16.834884525551786,3150.0,False
-32.0,-2.0,24.869084455345853,14.987004874419188,1597.5,False
-34.0,-12.0,22.40003606055755,15.184573296027471,1597.5,False
-6.0,10.0,25.683024303887183,16.158085867744198,2517.5,False
21.0,-10.0,24.185810286849232,14.69551529740156,1885.0,False
-16.0,-24.0,24.321832382756472,13.567916154840805,1770.0,False
-7.0,31.0,25.342544982719684,13.623346035807335,2805.0,False
-20.0,-3.0,25.337155706187957,16.439561332721453,1770.0,False
-22.0,-19.0,25.536264603523733,15.441494043262168,1712.5,False
-9.0,17.0,24.02714681890522,14.888631875899916,2345.0,False
23.0,24.0,23.256177284128295,16.551454415803313,1712.5,False
-22.0,-31.0,25.694898440084206,15.840525322555335,1712.5,False
-2.0,-11.0,23.48075402905442,17.358981667073813,2977.5,False
1.0,-17.0,22.538238734429243,14.690606321819153,4127.5,False
-30.0,25.0,24.958558438873695,16.247543865315762,1827.5,False
21.0,-20.0,22.318030138842175,15.710159064416242,2115.0,False
-11.0,3.0,24.67575484638367,16.134828426997604,2000.0,False
32.0,21.0,22.03516097129821,15.041396603237807,1655.0,False
5.0,-28.0,23.260214022819383,15.383942239037475,6197.5,False
-10.0,-33.0,22.388627946502123,17.2115850190288,2172.5,False
19.0,-23.0,25.624413995154224,14.599161550556188,1942.5,False
-34.0,12.0,22.704807327395976,17.03869422756576,1827.5,False
-12.0,-4.0,23.148453339413003,15.916554049762714,2000.0,False
5.0,-0.0,22.390547486940644,14.397268128878666,2402.5,False
-2.0,15.0,24.795495984107294,14.230153441841438,9245.0,False
-22.0,-21.0,23.00216514144706,14.283506404055895,1655.0,False
21.0,31.0,24.07948369047933,14.18215483648619,1597.5,False
6.0,-17.0,22.485628560596805,14.092756756179249,3092.5,False
-2.0,27.0,23.998291148510365,14.19940383457239,5335.0,False
-28.0,-3.0,25.83759548615654,15.626482855399898,1655.0,False
13.0,35.0,23.76898448425493,13.78417510558987,1712.5,False
-19.0,-26.0,25.600150310450232,14.57054243491073,1712.5,False
-34.0,-14.0,23.434994930316616,15.105091389992142,1597.5,False
-30.0,27.0,22.840303798151627,16.04758776798037,1942.5,False
-20.0,18.0,23.747663218181344,15.579323560167575,1942.5,False
16.0,-22.0,24.00262140890724,16.56152137503556,2230.0,False
19.0,20.0,22.859682885566304,13.9878369508722,1655.0,False
27.0,-24.0,24.22220106482855,16.09637141231938,2000.0,False
-7.0,14.0,24.926121279567013,15.309414003045278,2517.5,False
17.0,30.0,22.13519237002096,14.305425506257896,1597.5,False
-25.0,15.0,24.682637495990754,15.22215295685529,1770.0,False
-1.0,25.0,25.063669573414895,16.57304984394224,3897.5,False
-21.0,22.0,25.87491283086699,17.4504470021104,2000.0,False
-7.0,15.0,24.72190186320856,14.963945927902703,2517.5,False
-29.0,18.0,23.300437872602167,16.819719175682305,1885.0,False
-4.0,6.0,24.367592346967516,16.417537677470015,2977.5,False
6.0,-13.0,22.450791590273976,17.162362274633328,3897.5,False
31.0,15.0,25.951176900064592,15.393521519240185,1655.0,False
2.0,-10.0,22.06398387938213,15.389374131381107,11200.0,True
-2.0,-23.0,23.363290903732548,16.65483840520866,2690.0,False
16.0,-34.0,23.08767459417171,15.277219631282565,2287.5,False
-9.0,-28.0,24.626282255233285,15.163386080861645,2230.0,False
9.0,16.0,25.278376795368874,14.355381802997371,1942.5,False
32.0,-22.0,22.150790591579845,15.191302207493791,1942.5,False
-8.0,-29.0,24.548812119134332,15.894686426323734,2287.5,False
11.0,10.0,23.794102525091137,14.633642223081218,1827.5,False
27.0,6.0,23.72562860609545,16.017877858003988,1770.0,False
-33.0,26.0,22.129154804522784,15.831195322752405,1942.5,False
-9.0,-3.0,24.74334939549585,15.049940747764559,2057.5,False
-9.0,-12.0,22.704954196831682,15.625214083565695,2115.0,False
18.0,-34.0,25.909463577829897,16.13395171400824,2115.0,False
-20.0,33.0,24.210113433036287,14.376573286252214,1885.0,False
-22.0,5.0,24.22824937093982,14.089713674527594,1655.0,False
29.0,-16.0,25.247456086364494,16.163733044563877,1885.0,False
-29.0,-22.0,23.14247675913452,14.42153340018538,1597.5,False
26.0,-26.0,23.900374851019336,14.438384782858988,2057.5,False
21.0,21.0,23.082614497180078,17.29812639220762,1712.5,False
-21.0,1.0,24.072039143545794,13.763923832568262,1655.0,False
5.0,5.0,24.90552812071359,14.899505508633474,2345.0,False
24.0,-29.0,22.79590144189484,15.811844233724457,2057.5,False
-26.0,-4.0,25.625358561029252,14.58491415119678,1597.5,False
-28.0,16.0,23.90864825022012,14.087676466521058,1712.5,False
20.0,3.0,22.74110546468071,13.97845504550169,1770.0,False
-30.0,5.0,25.609885102782293,13.568615025064492,1597.5,False
-29.0,-32.0,22.869861336512372,16.970297456644104,1712.5,False
-17.0,4.0,24.28466232819986,17.322030826126884,1885.0,False
31.0,-25.0,22.192994344316,14.556716620839476,1885.0,False
-10.0,-10.0,22.2791993026701,15.237798938827316,2057.5,False
-27.0,32.0,23.532699848829317,17.269550072710565,3552.5,False
18.0,20.0,23.0194472331751,15.287426227631647,1712.5,False
27.0,-18.0,24.646034480683845,16.269935290589878,1942.5,False
-12.0,29.0,22.095390777726255,14.194689912991524,2402.5,False
0.0,-32.0,24.841152117802405,15.67575968557568,3207.5,False
-17.0,-21.0,23.568516538508206,15.099993979384845,1827.5,False
18.0,32.0,22.979475705168372,15.987500294457998,1655.0,False
7.0,34.0,23.29407606968672,15.713907205345695,2172.5,False
31.0,16.0,24.48910830657873,17.46055387527661,1770.0,False
34.0,-21.0,25.06225363466758,15.235190401297354,1827.5,False
23.0,19.0,22.27593969210877,16.194703942061235,1712.5,False
24.0,29.0,24.13229618913381,14.577546126977241,1597.5,False
4.0,11.0,24.862085471006484,13.869157307754794,2517.5,False
12.0,-2.0,22.575501686508684,16.000581213582876,2057.5,False
33.0,9.0,22.787765997144785,13.603076296126918,1655.0,False
23.0,-8.0,25.336275904127472,14.272121074565888,1770.0,False
-5.0,11.0,23.469872790848253,15.313311822997903,3035.0,False
5.0,-16.0,22.845484663154497,15.791207201227547,5047.5,False
-14.0,29.0,25.914306274399674,14.5483655799856,2057.5,False
-5.0,14.0,22.13063842584575,13.52343581037444,3092.5,False
1.0,-25.0,22.87181756125832,17.371100733475323,3322.5,False
14.0,-24.0,25.55252492250695,17.35274535080591,2402.5,False
18.0,13.0,24.50700479230973,14.574917683353803,1712.5,False
-29.0,-5.0,22.018498535041836,14.774305665052506,1597.5,False
4.0,-13.0,24.011373420015392,15.456101638277103,4242.5,False
12.0,24.0,25.990772045135486,15.379428181446242,1770.0,False
-25.0,-5.0,24.45665738462586,14.791960031110651,1597.5,False
-7.0,-18.0,25.20930709640364,16.88628042147355,2460.0,False
-9.0,15.0,22.090017328274076,16.85245818862345,2862.5,False
-15.0,29.0,22.36273806187132,16.746922411162117,2517.5,False
-22.0,-14.0,24.36026267947768,15.337885366986368,1712.5,False
-34.0,5.0,24.216171437981473,15.767689510930012,1712.5,False
-16.0,17.0,24.464255304699453,15.914972537427646,2000.0,False
-21.0,17.0,22.135273245153826,16.40776823254553,2000.0,False
-8.0,5.0,24.57381869810281,15.561605215369442,2172.5,False
26.0,-11.0,22.036733335738973,13.78659467787294,1827.5,False
15.0,-10.0,25.356605045096515,13.888099200839804,1885.0,False
-30.0,-21.0,22.225948232551264,13.588460130929448,1540.0,False
27.0,15.0,25.356035836904848,15.350365186543103,1712.5,False
15.0,-5.0,22.334831343202982,14.269273711876515,1942.5,False
-9.0,8.0,22.23841842453798,16.737040404684805,2345.0,False
26.0,-19.0,22.86758209908202,16.169221579434893,2000.0,False
4.0,16.0,24.958115827813977,15.320471784067237,2632.5,False
-31.0,9.0,22.760374116025,13.615571841858273,1655.0,False
0.0,-17.0,25.228501367181337,13.724867218260988,3782.5,False
-4.0,-13.0,24.46328371126854,15.960937098092511,2747.5,False
-11.0,22.0,25.123980824102564,15.922179854339293,2345.0,False
10.0,-28.0,25.79449135669522,16.43505228321646,2690.0,False
-20.0,5.0,23.577589123637154,16.630227504527028,1827.5,False
-22.0,11.0,23.80573050098276,17.228782964954522,1885.0,False
-2.0,18.0,25.71342317342735,16.581693161017526,5852.5,False
15.0,24.0,22.832191811485032,14.51184694516183,1655.0,False
-17.0,29.0,25.525258981464344,17.050112395544765,2172.5,False
-30.0,-2.0,24.109437370738476,13.792345045114967,1540.0,False
33.0,-11.0,24.06451899914068,15.634055240079151,1827.5,False
-17.0,16.0,23.24149438512606,15.777691744583938,2000.0,False
-15.0,-4.0,22.745209415567846,17.45938621101975,1942.5,False
-28.0,12.0,25.44600160346344,14.957031219722023,1712.5,False
29.0,5.0,24.935632065910625,16.03389613418885,1770.0,False
5.0,18.0,25.96825941187962,15.046038210953379,2402.5,False
30.0,-30.0,25.943195297238088,15.67035687055204,3495.0,False
-11.0,10.0,24.507799129655556,16.82353123304753,2172.5,False
-24.0,19.0,23.82287798223669,17.02113814732848,1942.5,False
20.0,-13.0,22.971168739699177,15.405550612081722,2000.0,False
-22.0,16.0,24.070452206068822,13.741208127929461,1712.5,False
-12.0,-1.0,23.17311714955987,15.597645640043377,1942.5,False
21.0,28.0,23.70422582813161,15.5566874978077,1655.0,False
-23.0,-7.0,24.71791591691046,16.851478137404104,1712.5,False
-19.0,-18.0,24.461731256709527,15.32020200310705,1770.0,False
-14.0,-4.0,22.271234508008135,17.440763945688243,2000.0,False
23.0,6.0,22.97350905886035,17.111123116534497,1827.5,False
-5.0,10.0,25.03494224234092,16.2361689413858,2862.5,False
-26.0,-26.0,25.73957484506269,13.833804184123785,1597.5,False
9.0,-15.0,23.52514498369764,14.993352461937265,2402.5,False
-18.0,21.0,22.492429522602187,15.030481265326586,2000.0,False
-3.0,9.0,22.98803865143814,13.596155734485901,3552.5,False
-35.0,-12.0,25.241069220535465,17.021049452640494,1655.0,False
-33.0,29.0,24.57171712917334,15.72041694355789,1827.5,False
-25.0,-30.0,24.453971399473588,13.868416962759213,1597.5,False
-25.0,-27.0,25.00436639590842,14.967987453349737,1655.0,False
21.0,-18.0,24.244200606259856,14.300524500309713,1885.0,False
-0.0,-9.0,23.68598143252608,15.384927580337855,4012.5,False
-7.0,-26.0,24.175094431463762,13.509918948028016,2345.0,False
-11.0,-11.0,24.990349841980674,13.745040735475735,1942.5,False
8.0,1.0,25.9499975994132,13.676648183366327,2000.0,False
-27.0,27.0,22.692209543116384,14.54750692914732,2057.5,False
-0.0,-3.0,22.707198833968192,16.090186463619624,5277.5,False
11.0,-3.0,24.39095845167452,15.698508436853128,2057.5,False
18.0,-5.0,22.413472529085617,16.93974352916907,2057.5,False
27.0,-15.0,22.149264802017026,16.549830455157867,2057.5,False
4.0,32.0,22.579768261499602,17.34438642597948,2230.0,False
18.0,-29.0,25.39449378310575,15.61886439730453,2057.5,False
-19.0,22.0,22.51046830949371,16.38209538491564,2115.0,False
-7.0,-28.0,25.61195519754685,14.244515619370123,2345.0,False
-4.0,34.0,24.70541792658606,15.885343023482601,6197.5,False
-18.0,16.0,22.414379029123566,15.94396261616557,2000.0,False
23.0,-31.0,22.929237301665104,13.873267909581497,1885.0,False
-23.0,-23.0,23.056854347428903,14.894263198443467,1712.5,False
13.0,-8.0,22.288795133716448,13.862679389333454,2000.0,False
19.0,6.0,24.72695104609043,15.423014166345325,1770.0,False
-5.0,-30.0,23.998825477335778,14.61650711569958,2287.5,False
1.0,-10.0,23.624681341133815,14.008225235899063,6255.0,False
31.0,-1.0,25.79775871529711,13.628818199718532,1655.0,False
30.0,9.0,22.94311255688591,14.40213032738971,1712.5,False
-12.0,-14.0,25.506522760550403,14.003792066986271,1885.0,False
-16.0,17.0,22.597271101747793,15.044131044710056,2000.0,False
30.0,-10.0,23.85989709415014,17.05743066265652,1942.5,False
-24.0,34.0,23.606855311791787,16.57677092871287,3552.5,False
20.0,-18.0,24.090178720231652,14.033676091781128,1885.0,False
6.0,0.0,22.382164934286596,16.021069011617392,2345.0,False
-22.0,16.0,22.29433715489534,14.864575445195877,1827.5,False
5.0,18.0,22.72098523562981,14.036709552186746,2402.5,False
26.0,-23.0,23.475195445500358,16.95860481960325,2057.5,False
9.0,-4.0,23.20028460380446,15.45797501858381,2172.5,False
33.0,-32.0,25.16627027821927,14.482588692524136,3207.5,False
-7.0,-20.0,25.81404975927077,16.941886890400603,2460.0,False
23.0,-34.0,24.61431420671357,14.530461047723506,2000.0,False
11.0,12.0,24.232750881468796,15.838516528061046,1827.5,False
-3.0,19.0,25.2148726031271,13.97973337149876,8382.5,False
1.0,17.0,22.147023057056163,16.979872646609568,2805.0,False
-11.0,5.0,24.635757533340612,16.53886639277472,2057.5,False
18.0,-28.0,25.251340766783667,13.672784065871499,1885.0,False
-15.0,-21.0,23.293843753025406,14.885016186582632,1827.5,False
-22.0,-31.0,24.165079210816682,14.142315793901185,1655.0,False
-9.0,-8.0,23.9820928276626,14.863064714594266,2057.5,False
-34.0,-22.0,22.439090845944314,14.69290331459512,1597.5,False
6.0,17.0,24.99869354732834,14.166076679844142,2230.0,False
1.0,20.0,25.310083816919544,15.618112309779132,2920.0,False
6.0,-32.0,25.419460480043714,14.419990451270735,3552.5,False
-20.0,-10.0,22.82285218864477,13.512963432739909,1655.0,False
33.0,4.0,23.929707990269083,15.138532693654689,1712.5,False
20.0,15.0,22.33472267892027,15.560545752901447,1712.5,False
-1.0,-17.0,23.088253781390986,15.270236018959425,3035.0,False
0.0,8.0,24.880441631825256,14.25883543759061,4300.0,False
-5.0,-34.0,23.329483119452878,16.291064709811753,2287.5,False
-27.0,-35.0,24.66928807226989,14.461212797117666,1597.5,False
-15.0,-27.0,23.888497004514658,16.35975115988216,1885.0,False
-22.0,10.0,23.989253369747594,13.610403213726673,1655.0,False
-17.0,-8.0,23.489626767365557,14.780279872569805,1770.0,False
29.0,-31.0,23.406690899282264,15.863296992582425,3437.5,False
33.0,-15.0,24.128550943753936,17.371327366481992,2000.0,False
33.0,27.0,22.718988109413495,13.546290705889778,1597.5,False
16.0,-20.0,22.882335530083612,15.618293499967491,2172.5,False
24.0,-2.0,24.823217005420055,14.930216078757546,1770.0,False
-23.0,19.0,22.795796857697226,14.132531892268853,1770.0,False
7.0,5.0,24.995792028673296,14.531598043469693,2057.5,False
20.0,-8.0,22.054096888868454,17.279779015298665,2057.5,False
-25.0,-8.0,22.159722793921826,15.344784599019102,1655.0,False
18.0,-6.0,25.759878817523695,13.676519656773332,1770.0,False
9.0,8.0,22.97428462351815,15.101349075551433,1942.5,False
21.0,20.0,22.339663138955938,16.82379443249383,1712.5,False
-31.0,-15.0,23.121028182831765,13.772619028598207,1540.0,False
-21.0,8.0,23.807800431438846,14.251542199512208,1712.5,False
-26.0,-6.0,25.653036463567034,15.84763781017079,1655.0,False
7.0,16.0,22.990936471231077,16.408020304002868,2230.0,False
14.0,18.0,24.044475909394777,16.988642111219278,1770.0,False
-3.0,-6.0,23.607778966348157,17.087387995823146,3265.0,False
11.0,6.0,25.692647921568145,17.2512276546656,1942.5,False
35.0,30.0,24.69060206868536,14.285258459402176,1597.5,False
-15.0,9.0,22.62710053557401,17.41236044263781,2057.5,False
-9.0,-25.0,24.634847851015536,15.046911427648485,2230.0,False
26.0,26.0,23.28042511115148,15.555189873757167,1655.0,False
-25.0,25.0,24.78985256501902,15.66201730024299,1885.0,False
-17.0,-6.0,25.783920359184382,17.00620534864094,1827.5,False
8.0,15.0,24.771674812108152,14.01271795325356,2000.0,False
-24.0,1.0,25.979369966494033,14.355606838122899,1597.5,False
10.0,-20.0,24.04697313017894,13.852063561882689,2230.0,False
-32.0,-22.0,22.920436137878895,14.353459810384791,1597.5,False
33.0,21.0,22.76043018649444,15.811975751908165,1655.0,False
-8.0,30.0,25.02618905238071,13.521890093759584,2575.0,False
-17.0,-5.0,25.58644080463806,14.255020351556572,1712.5,False
8.0,10.0,24.808395381754956,16.721504161972067,2057.5,False
-27.0,26.0,22.230165591334185,14.15251135181068,1827.5,False
-24.0,-10.0,24.57770606652243,14.874454564622168,1655.0,False
-6.0,-24.0,23.787665734315915,15.611923430109599,2345.0,False
-34.0,11.0,24.251705002123852,15.433899903789996,1712.5,False
18.0,-20.0,22.71917803076656,16.839618344605647,2460.0,False
13.0,26.0,22.31351601010479,14.844341320589885,1712.5,False
5.0,27.0,22.240997531535022,16.657645030692017,2287.5,False
-20.0,-33.0,25.411272281111057,16.978216376338683,1827.5,False
28.0,-18.0,22.41980914867271,16.787010721104735,2057.5,False
10.0,-21.0,25.945827354379826,14.252481631512945,2230.0,False
-19.0,23.0,25.763259996896302,14.45693448961524,1827.5,False
22.0,-10.0,23.95436656022039,14.089185346363534,1827.5,False
-25.0,-3.0,22.409459923100968,17.414787189435586,1770.0,False
13.0,5.0,22.60944593023015,14.029320619426166,1827.5,False
3.0,-15.0,23.317898691247862,17.285823833371552,7060.0,False
-5.0,33.0,25.985336131502258,15.893756700647165,5277.5,False
9.0,-25.0,24.109500018284116,16.060602611961635,2977.5,False
6.0,29.0,22.56901128213623,15.627836155291341,2230.0,False
33.0,-3.0,22.43134856390047,15.821603881865514,1827.5,False
26.0,-11.0,24.631220683809204,15.206381494104194,1827.5,False
23.0,-23.0,23.14525410657757,16.77706172637829,2115.0,False
-23.0,23.0,24.317615341048242,16.10455621297575,1942.5,False
-4.0,0.0,23.18763902545431,16.985982370370387,2862.5,False
0.0,17.0,24.343365619811287,16.311091549473627,3380.0,False
-32.0,-7.0,23.916784315699843,15.925573845099828,1597.5,False
-10.0,-5.0,24.870805427115016,15.675460054300098,2057.5,False
-6.0,23.0,22.530447696093272,16.77167962261384,6485.0,False
3.0,17.0,23.634188076343737,14.782146706699283,2690.0,False
-22.0,30.0,23.839338750808114,14.539718098784888,1885.0,False
-11.0,32.0,22.111104050079604,14.437323708408485,2632.5,False
9.0,26.0,23.029674484206232,14.46054118875348,1942.5,False
11.0,14.0,23.14082510268852,16.01630959578145,1827.5,False
25.0,-31.0,25.896478641227528,16.225402402546177,3725.0,False
0.0,5.0,22.746905735451037,13.74635129407525,4932.5,False
28.0,34.0,22.083777230077615,14.947420222844267,1597.5,False
-24.0,25.0,25.75677259636839,15.507112825281125,1827.5,False
21.0,-29.0,22.003120802367885,15.034592271056711,2115.0,False
-10.0,-2.0,22.142367594644245,15.345976333792112,2057.5,False
23.0,8.0,25.481417769720192,16.467864469297467,1770.0,False
-26.0,8.0,23.26370034873006,14.724528922783337,1712.5,False
7.0,6.0,22.923414595118693,17.113284354838566,2172.5,False
34.0,-6.0,23.59603648691349,14.311466900712489,1770.0,False
18.0,21.0,22.998483516303285,16.79369363366745,1712.5,False
26.0,-1.0,25.970030454045116,13.742431292230338,1712.5,False
-14.0,-21.0,24.08174660434657,14.345706795964443,1827.5,False
11.0,5.0,24.490353064933934,16.88381408130818,1942.5,False
-22.0,-8.0,22.977475789272887,15.363432452249308,1712.5,False
-12.0,-1.0,24.260080719760133,15.821674643050835,1942.5,False
10.0,32.0,25.498090916713537,14.104696628808352,1885.0,False
30.0,10.0,23.839660849589634,16.02126974274409,1712.5,False
-0.0,27.0,25.695823598062965,16.856932808532257,3322.5,False
-22.0,0.0,23.822323393727622,15.429525129933992,1712.5,False
-9.0,28.0,24.827999069870202,17.316339019217697,3380.0,False
13.0,-11.0,25.354248590195663,14.30186505190752,1942.5,False
13.0,6.0,24.821613342825167,15.907432501606612,1827.5,False
30.0,8.0,23.23469751308205,14.710317227516406,1712.5,False
-9.0,-30.0,24.003323395486966,15.441474062089632,2230.0,False
-3.0,-10.0,22.934850265102106,17.104114730598354,2920.0,False
-35.0,32.0,24.62131733556627,15.647883961309905,3150.0,False
3.0,-22.0,23.792866820872376,16.08866547242844,6025.0,False
3.0,0.0,25.27011643914283,13.83523348544801,2805.0,False
6.0,35.0,25.333275731685845,14.70155251719257,2230.0,False
0.0,-24.0,22.43191238570655,16.308848525056877,3035.0,False
-10.0,-13.0,24.5251623020243,16.799202926954997,2115.0,False
21.0,-31.0,24.671264183326546,14.78736482038816,2000.0,False
-17.0,-26.0,25.26477838882723,14.644407685234224,1770.0,False
14.0,-34.0,22.8263263682027,16.459725869317907,2690.0,False
25.0,12.0,23.72695728418225,14.492152339429575,1712.5,False
3.0,29.0,22.82162826048805,13.809618412531847,2345.0,False
10.0,32.0,25.379992466566,17.07689555191522,2000.0,False
7.0,15.0,24.901243487573584,13.601625450124146,2057.5,False
16.0,22.0,23.610578971381337,15.952679209010594,1712.5,False
-3.0,20.0,25.807841883468008,16.21769057986995,9245.0,False
28.0,-26.0,23.115641586929733,13.926946222648237,1827.5,False
-30.0,16.0,24.77694369178414,15.675343330332849,1770.0,False
-8.0,17.0,22.366592818573594,15.795856316948267,2920.0,False
-16.0,26.0,25.645083384151654,14.044624177502339,1885.0,False
6.0,9.0,24.427447181698078,14.280406524063956,2172.5,False
35.0,-10.0,22.580781184161832,16.237118840311567,1942.5,False
14.0,5.0,23.791930875804177,15.86546495706521,1885.0,False
32.0,-14.0,25.70660425759248,13.875402556899349,1712.5,False
28.0,22.0,25.197011928978267,16.878398815595787,1712.5,False
-35.0,-8.0,22.05541799287188,15.589130972845455,1597.5,False
-23.0,5.0,23.01198250203732,16.719167936730486,1827.5,False
7.0,-6.0,24.064707876078465,16.5717579861068,2460.0,False
-19.0,-18.0,22.827242704589125,16.604461729630106,1827.5,False
22.0,-30.0,25.80994019868631,14.988438954646272,1942.5,False
-22.0,33.0,24.385061647746703,15.309916187555373,2000.0,False
-2.0,-2.0,22.312245361551398,17.29051279694596,3840.0,False
6.0,-13.0,23.31975152945858,13.816188682621753,2632.5,False
10.0,-19.0,22.78568369286094,14.009436040747895,2345.0,False
5.0,-27.0,24.18578928884358,16.66535925824898,6485.0,False
-15.0,12.0,24.01041912308785,16.00289418988282,2000.0,False
-30.0,1.0,24.65620285797956,15.888095587827378,1655.0,False
-1.0,-11.0,23.66996569157854,15.7154951301994,3207.5,False
-31.0,-5.0,24.835841909222292,13.755095322198581,1540.0,False
-21.0,-32.0,22.229292156437193,15.062915538527681,1712.5,False
2.0,11.0,25.826994626318676,16.38478280816166,3207.5,False
2.0,-18.0,24.925801572294837,14.428733825569642,7175.0,False
35.0,-5.0,25.743345395478055,16.67928120990793,1827.5,False
10.0,29.0,23.255295425112735,15.506363447198765,1942.5,False
19.0,-9.0,22.378415324664406,15.967198487662504,2000.0,False
-15.0,1.0,25.86426132208453,16.37370938096367,1827.5,False
18.0,-20.0,24.13675393147897,14.780163575148755,2000.0,False
27.0,-27.0,24.312381580039442,16.094777737314626,2230.0,False
32.0,16.0,25.560393387990963,16.983345578282766,1712.5,False
-2.0,23.0,23.65151423522032,15.833012472421585,4702.5,False
-27.0,-31.0,24.505709078809286,14.953983153549073,1655.0,False
5.0,-3.0,24.241842191206374,14.264589472411789,2402.5,False
-27.0,-18.0,22.70818739395,16.75440806829389,1712.5,False
30.0,31.0,23.146261081616053,17.47898536894019,1655.0,False
12.0,-3.0,23.926126625112822,16.80731051138176,2057.5,False
17.0,-16.0,24.034361969503905,16.652576153095403,2115.0,False
-33.0,-25.0,24.643462154285693,15.024319299762212,1597.5,False
-15.0,34.0,24.675517034248177,13.976554449644013,2000.0,False
16.0,-4.0,22.958571432388887,16.89173092302634,2057.5,False
-24.0,-27.0,23.596781010889035,17.398456186214368,1770.0,False
10.0,-18.0,24.84111149432698,13.58534266979262,2172.5,False
22.0,-7.0,24.377664978086077,15.894400458260003,1885.0,False
28.0,-11.0,23.262683525344894,13.898637862785085,1770.0,False
-23.0,11.0,24.628904735295993,14.856940909873538,1712.5,False
15.0,12.0,24.14912954159855,13.896286723560465,1712.5,False
-1.0,-27.0,23.82897365589902,16.701862080994488,2862.5,False
9.0,-30.0,23.080864401912617,14.94203187151152,3035.0,False
9.0,18.0,23.543238725512136,14.323160591642544,1942.5,False
-18.0,-5.0,25.321263267476095,15.15708399596938,1712.5,False
-22.0,-13.0,24.088233006270553,13.778721612560755,1597.5,False
34.0,29.0,23.99478609387263,17.306457647456465,1655.0,False
31.0,0.0,24.63640754324838,14.419831030386629,1712.5,False
29.0,8.0,22.177514310450917,14.309147695462173,1712.5,False
-6.0,24.0,24.93047917940722,15.068257450669096,3552.5,False
-29.0,21.0,24.238228112397234,13.644882057477664,1712.5,False
-15.0,34.0,22.087134104049873,15.381241708365845,2402.5,False
-24.0,1.0,25.820108019829412,13.917119608844006,1597.5,False
17.0,-17.0,22.914477254333324,16.34363027216626,2172.5,False
-1.0,35.0,22.601881566940015,15.672268245944396,3552.5,False
-2.0,-31.0,23.629470011456284,14.065086628235036,2690.0,False
13.0,14.0,23.05166845922237,16.161969003707846,1770.0,False
33.0,-18.0,25.24069388164572,16.95735870796253,1942.5,False
-3.0,-26.0,23.470910962017523,14.343779123714686,2517.5,False
19.0,30.0,25.157633640894282,14.460082285351259,1597.5,False
8.0,2.0,25.883095646927387,16.32547077392387,2115.0,False
-6.0,9.0,24.58460459790943,13.776198494214977,2287.5,False
31.0,-29.0,23.514192274730803,14.000668374112719,1827.5,False
31.0,-12.0,23.67907321637823,15.032453487229796,1827.5,False
18.0,3.0,25.829842870413778,16.804054242202245,1885.0,False
15.0,-0.0,24.33323346256259,14.947974257908424,1885.0,False
9.0,-26.0,22.810449018735234,14.256961622231776,2747.5,False
-12.0,10.0,22.590262869153225,15.622058433926139,2057.5,False
21.0,14.0,24.05794057739499,16.335137020517998,1770.0,False
19.0,25.0,25.760215604716677,17.371676401559306,1712.5,False
-5.0,18.0,25.151214594198784,14.864746615241328,3437.5,False
2.0,12.0,23.8104156447994,14.304833914971702,3092.5,False
-20.0,-25.0,24.75069267677661,16.76561323835416,1827.5,False
-26.0,-23.0,24.331238281066355,15.179233597156454,1655.0,False
12.0,22.0,24.380028084447947,14.421128404201612,1770.0,False
-21.0,-17.0,23.34501174004439,17.399468642860864,1827.5,False
13.0,-13.0,24.32402640536418,17.06829248292988,2287.5,False
-27.0,-11.0,24.268430082522706,14.209035994200082,1597.5,False
2.0,-9.0,22.29894317727155,16.72536563778892,11200.0,True
14.0,1.0,25.01474539850472,14.23278208058937,1827.5,False
28.0,30.0,25.461550536336365,17.077212387739536,1655.0,False
25.0,14.0,25.38686418640957,16.65242027417566,1712.5,False
8.0,28.0,22.62639942807991,17.268821719246613,2172.5,False
15.0,3.0,24.971670854322685,14.680742552851068,1827.5,False
-10.0,28.0,22.726104218346244,15.736202168395067,2977.5,False
4.0,-3.0,25.852453228400822,16.257453049670104,2747.5,False
29.0,-5.0,25.232535914421582,14.210033308842934,1712.5,False
17.0,-21.0,25.259791820770417,15.337905720222041,2000.0,False
26.0,-29.0,24.458307648601693,14.61967142361933,1885.0,False
21.0,34.0,25.129212744590408,14.218440933927504,1597.5,False
-7.0,21.0,22.730694976071202,14.426593236634897,3092.5,False
-9.0,-5.0,25.067115311083853,15.530295208389655,2115.0,False
6.0,13.0,22.56497265746116,17.14752612118071,2345.0,False
-28.0,-24.0,24.296721317375862,17.14538110395874,1712.5,False
32.0,-19.0,22.394853530079878,13.533945281986803,1770.0,False
30.0,4.0,23.55935970185337,17.03387896643528,1827.5,False
-17.0,32.0,24.226848801611577,15.940159535592137,2172.5,False
-9.0,-30.0,24.65482799229376,16.53637084576767,2287.5,False
-18.0,-21.0,23.99975280421232,16.09430238341622,1827.5,False
24.0,22.0,25.85274215029002,15.812189720531665,1655.0,False
0.0,6.0,24.026945091471394,16.320996070964796,4415.0,False
-24.0,29.0,22.453670567291432,13.737870206733438,1827.5,False
27.0,-26.0,25.361830960735503,15.474835764098913,1885.0,False
-1.0,7.0,22.60937591004856,17.30594653691346,5507.5,False
12.0,-23.0,22.069973465730463,16.453172611310546,2805.0,False
12.0,29.0,23.100567861943716,15.269504988131306,1827.5,False
-17.0,-31.0,24.263595088014508,16.97908128029063,1885.0,False
-8.0,14.0,23.668436529441255,13.77837646943745,2230.0,False
8.0,-24.0,25.127941287343045,14.79935835866823,2690.0,False
-22.0,11.0,22.921691888557966,16.11629982149707,1885.0,False
-3.0,31.0,22.507348839615215,15.348857520301516,4875.0,False
-1.0,21.0,25.73721074764169,16.905775729820817,4070.0,False
29.0,-24.0,24.05485384126231,15.402931144711818,1885.0,False
17.0,5.0,23.17420113408775,14.653569328567812,1770.0,False
-6.0,3.0,24.873882964463643,17.161209195035457,2517.5,False
34.0,-1.0,23.796059672916336,14.361077002157959,1712.5,False
-1.0,-34.0,24.295978281341153,14.017029028004748,2977.5,False
-9.0,-17.0,23.733996786126333,14.12600557255434,2115.0,False
-29.0,1.0,22.224792617090007,17.134618466338868,1770.0,False
15.0,-12.0,23.137349622940977,17.316294167600045,2230.0,False
34.0,-32.0,25.855775408627263,14.176498761049244,3207.5,False
-0.0,-5.0,25.171722210438976,14.880322532433285,4990.0,False
-19.0,-20.0,25.63333879772736,16.434243927508778,1770.0,False
-9.0,-2.0,23.77569707656728,13.842896776094552,2000.0,False
33.0,14.0,23.398949597301844,15.305493302527681,1712.5,False
-21.0,10.0,23.607494858360973,15.787499050376539,1827.5,False
28.0,11.0,25.413959934361483,16.179002066679615,1712.5,False
30.0,-31.0,23.682529557479604,14.162965963728347,3322.5,False
-26.0,-3.0,24.49856201594209,17.402339641269403,1712.5,False
1.0,-2.0,22.406704062111135,15.493234139856277,5737.5,False
-34.0,16.0,22.67176863054291,16.504306984992603,1885.0,False
-26.0,11.0,25.87058652035367,15.887593657037655,1712.5,False
16.0,3.0,23.43708373350774,14.529423259347904,1827.5,False
-19.0,11.0,22.194950404193342,13.783134348426724,1770.0,False
19.0,22.0,23.277125203755382,14.015846387494912,1655.0,False
-16.0,32.0,24.14263669862016,16.660092610458193,2345.0,False
17.0,-31.0,24.92294574148746,15.295150694980183,2115.0,False
18.0,-32.0,23.402028055200383,14.347185990276012,2057.5,False
-20.0,-30.0,22.094361928241447,15.656184535050556,1770.0,False
-15.0,32.0,22.154422741700916,13.624627840498082,2115.0,False
17.0,9.0,24.347167122111745,15.429017185496935,1770.0,False
-20.0,-2.0,23.617922885498135,17.118535217136166,1827.5,False
-30.0,-17.0,25.01289081085283,14.679526457934939,1597.5,False
6.0,20.0,25.59705109535681,16.466729943553776,2345.0,False
-16.0,32.0,25.632188413308207,15.322338250488533,2057.5,False
-11.0,5.0,23.215950394173195,14.102657293186445,1942.5,False
-30.0,-5.0,24.217019420995552,13.781467820066775,1540.0,False
-7.0,-20.0,22.082208911093463,13.677591748652084,2345.0,False
0.0,-17.0,25.653508630615423,17.065160389183276,3437.5,False
29.0,-10.0,25.399507660760257,13.522121011221117,1712.5,False
30.0,17.0,22.39660953211682,13.820424843527995,1655.0,False
4.0,-2.0,24.552253551385377,14.107184889358102,2575.0,False
20.0,35.0,25.47353983838122,14.251350583270753,1597.5,False
-29.0,-10.0,23.874717322961303,15.52158829022811,1597.5,False
-4.0,24.0,23.702980901610747,13.914928168786151,6715.0,False
-21.0,32.0,22.892390001725563,16.873310409792325,2230.0,False
21.0,-7.0,23.37782125375707,15.008632506326212,1885.0,False
-13.0,-6.0,23.700187922339815,14.540116001554788,1885.0,False
-23.0,-10.0,22.025055584796085,14.833466602082662,1655.0,False
3.0,17.0,25.976774236735952,17.4279119755179,2747.5,False
-16.0,21.0,24.66670881895128,15.328144785086433,2000.0,False
-7.0,-21.0,25.987062870953732,13.987412165525829,2345.0,False
-17.0,26.0,22.95843287691728,14.0863695830828,2000.0,False
14.0,35.0,25.258562452023018,14.68765989446607,1712.5,False
18.0,-29.0,25.101622834945875,17.397075959243267,2287.5,False
7.0,11.0,25.773617545478455,16.593840252973674,2172.5,False
-9.0,-12.0,22.044552817235093,16.458830536321894,2172.5,False
-5.0,18.0,24.592758122578292,16.73720525048786,5622.5,False
5.0,29.0,22.87433648228619,14.242547513661524,2287.5,False
-1.0,-29.0,24.815845853044785,14.212917372397369,2977.5,False
-23.0,31.0,24.528501807886233,14.071329650590076,1885.0,False
-9.0,22.0,23.510186621413332,15.15084649971402,2632.5,False
-31.0,34.0,23.05298883567307,16.8416936370136,3265.0,False
9.0,25.0,24.367800409541914,15.389555915537606,2000.0,False
29.0,24.0,24.813910329301194,14.204698207344066,1597.5,False
-28.0,-30.0,22.785704532691998,15.421044011398525,1655.0,False
8.0,-1.0,25.364703698092566,16.565502730290227,2172.5,False
-3.0,19.0,25.855368531348795,16.982920462001232,7980.0,False
19.0,33.0,24.589597899697925,15.317075076774742,1655.0,False
-31.0,1.0,22.748543206217224,15.214301422568356,1655.0,False
31.0,-2.0,22.276500332963266,17.203829089432794,1885.0,False
-0.0,-16.0,22.38927116587599,16.232136662802013,3265.0,False
-4.0,-29.0,25.972785000548456,15.777537754702678,2402.5,False
-13.0,24.0,22.495337121668967,16.573497438104777,2575.0,False
35.0,30.0,22.116546541039845,16.253126615808476,1655.0,False
5.0,-19.0,24.075679449553874,15.49289101073391,4702.5,False
-10.0,20.0,22.92243735714585,13.830236746350252,2287.5,False
21.0,27.0,24.741674098125902,15.637926214813461,1655.0,False
11.0,-7.0,22.00742323368407,14.302992102258736,2115.0,False
-5.0,15.0,25.085508858710146,17.261337975169877,4242.5,False
1.0,-33.0,24.81908612680091,15.909589046232497,3667.5,False
10.0,9.0,25.54333686352398,16.18770776079282,1885.0,False
-16.0,-34.0,22.982875255858897,13.824490632270525,1770.0,False
-5.0,13.0,23.922656350132016,14.451829891360068,2920.0,False
-3.0,-14.0,25.78269221176273,17.295870714486007,2805.0,False
32.0,-1.0,25.737630950328985,15.039355141973605,1712.5,False
26.0,34.0,24.384892157326338,14.887576006671647,1597.5,False
22.0,-22.0,22.64216125364232,15.245704196800087,2000.0,False
35.0,26.0,24.240196948440015,17.386319615916985,1712.5,False
26.0,-28.0,25.19111311698614,14.267143400437044,1942.5,False
-26.0,27.0,24.554713388834276,14.903146716785852,2057.5,False
33.0,3.0,25.52023586561613,15.577390330137256,1712.5,False
15.0,28.0,24.432329961145044,15.695759750872586,1655.0,False
-34.0,20.0,24.175802944963376,16.04385589558491,1827.5,False
-17.0,-30.0,23.313581261770032,16.08134963177746,1827.5,False
-14.0,22.0,24.840149490525704,15.089783363956009,2057.5,False
31.0,-34.0,24.55436444690598,17.155631505828172,3265.0,False
-4.0,25.0,25.558921204675702,16.445433258716065,7462.5,False
5.0,24.0,25.33826569562293,15.00777698449674,2460.0,False
-16.0,-6.0,23.239867354348668,16.87579620343928,1885.0,False
4.0,17.0,23.05395412840858,16.501343119993184,2632.5,False
-3.0,16.0,24.99838294237594,16.6763189342145,10165.0,False
-22.0,-22.0,25.59299636266194,14.478241831597245,1655.0,False
34.0,11.0,22.952467363489397,17.370814585662796,1770.0,False
-7.0,-3.0,24.884318778731245,16.86816993497007,2345.0,False
22.0,26.0,24.141620750535633,14.324876119778017,1655.0,False
-17.0,11.0,22.608122902746764,14.463489015744319,1827.5,False
-5.0,-6.0,23.999978646033604,14.678626539060552,2517.5,False
-21.0,-35.0,25.717571002685258,14.73902106932874,1712.5,False
-34.0,-9.0,25.095194011901725,17.3620340497842,1655.0,False
-6.0,3.0,23.46951936201004,13.714914026413124,2287.5,False
-27.0,-33.0,25.992833235082312,16.518340011729013,1655.0,False
-34.0,20.0,22.000153394872463,17.422057745977177,2000.0,False
-35.0,-33.0,24.291748467952477,15.19524343717478,1597.5,False
-8.0,6.0,23.988071843314568,14.844638947379968,2172.5,False
-22.0,-8.0,22.316896255993942,16.876103065531705,1770.0,False
-2.0,4.0,23.79591230493835,16.152407672053887,4127.5,False
-31.0,-34.0,22.767692150957455,16.31712748870165,1655.0,False
4.0,32.0,25.03713577295602,16.15564162331577,2345.0,False
4.0,32.0,24.978683453437892,14.263127558058642,2345.0,False
-10.0,-31.0,23.00175982327373,15.976751880850207,2230.0,False
5.0,-10.0,22.882541715135922,16.62788524905511,3495.0,False
-31.0,4.0,24.50577022895202,15.812026692148239,1655.0,False
-5.0,29.0,22.08871708866128,14.006091745806756,5852.5,False
-21.0,20.0,24.36379092045797,14.027171695131882,1770.0,False
-24.0,17.0,24.737771075524503,14.125006717846313,1712.5,False
12.0,-25.0,23.13562148549952,14.256091258197474,2287.5,False
-15.0,-25.0,24.743382867075844,17.216511876790285,1942.5,False
-29.0,2.0,24.989763178466557,15.294680636374288,1655.0,False
-22.0,-26.0,24.651310307027785,16.13455718152762,1712.5,False
-7.0,34.0,23.559716952891172,17.432777974574705,5047.5,False
11.0,10.0,24.125323643953468,14.726002735951326,1827.5,False
-34.0,-24.0,22.752178596330005,13.692347003060087,1540.0,False
3.0,17.0,24.53913040033622,16.81965011016651,2747.5,False
31.0,20.0,22.34727344707688,15.124814926915988,1655.0,False
-17.0,24.0,23.079972126867375,14.040745467443703,1942.5,False
11.0,30.0,22.539690970739887,16.55522509760008,1942.5,False
-2.0,12.0,22.45196424668656,14.66701371424347,8037.5,False
6.0,25.0,23.864721237830167,15.029705229787112,2287.5,False
-31.0,0.0,25.379345936347157,13.537533015969316,1540.0,False
8.0,23.0,25.587911119225904,16.876079399277238,2115.0,False
11.0,-14.0,25.976788161332248,13.746196876443005,2000.0,False
33.0,28.0,23.136982442213654,16.493667228086004,1655.0,False
-20.0,-11.0,22.41114463483447,15.605895383226446,1770.0,False
11.0,19.0,24.2559557241707,16.707304117753715,1885.0,False
-32.0,-4.0,25.84015002538235,14.483158459316263,1540.0,False
-27.0,-15.0,22.408943551322977,15.021288135614768,1655.0,False
-35.0,12.0,22.785786777247893,14.231261072816002,1712.5,False
24.0,-4.0,25.14483610523473,14.602902876887981,1770.0,False
11.0,-35.0,24.572658908180955,15.201049415153062,2575.0,False
-6.0,-15.0,22.362137561047465,16.240820978980025,2575.0,False
-3.0,-32.0,25.4523094032656,15.00691503470557,2575.0,False
2.0,15.0,25.068448806137166,14.73364729789723,2977.5,False
27.0,-32.0,22.481882676565302,17.31538101414438,3495.0,False
-34.0,13.0,24.22916440091013,15.813824980300643,1770.0,False
6.0,-2.0,23.641570015765616,14.369657955489188,2287.5,False
-35.0,-23.0,22.850356208274803,15.226192523788487,1597.5,False
-7.0,27.0,22.985026602179886,16.365807555031367,4875.0,False
-32.0,31.0,24.613285413915577,13.925343549623006,3265.0,False
8.0,9.0,25.20492187479912,16.21571494108086,2057.5,False
22.0,27.0,22.935891941696326,14.017861157049579,1597.5,False
33.0,-10.0,22.639995155790633,15.483368507442083,1885.0,False
-27.0,-30.0,23.68417632727828,14.591662442562889,1597.5,False
-14.0,23.0,25.883969619062498,14.204394550576607,1942.5,False
18.0,33.0,23.18920134814167,15.281235006907837,1655.0,False
7.0,-2.0,24.560425765649377,17.03654526562664,2287.5,False
5.0,-32.0,22.418474165724028,15.810145887299285,5852.5,False
20.0,22.0,25.93333569673564,15.26009981546894,1655.0,False
-6.0,6.0,25.05720174594793,14.526732263318333,2287.5,False
-9.0,8.0,22.530639140349287,15.418587219227009,2172.5,False
24.0,10.0,24.14019067379341,16.45921441618597,1770.0,False
24.0,-8.0,24.85457736555654,13.949671613752415,1770.0,False
-27.0,20.0,25.085272019213402,16.82289219294168,1885.0,False
-9.0,-25.0,24.84413819368156,14.368612770082347,2172.5,False
-19.0,-10.0,24.90881548202614,15.175695829895878,1712.5,False
3.0,8.0,22.61755035432465,14.297271822660058,2862.5,False
33.0,3.0,22.412915266516926,14.696059822428513,1770.0,False
-11.0,-18.0,23.982917921532835,17.290546753931515,2115.0,False
-32.0,16.0,23.12146175029715,17.202026265236626,1885.0,False
-21.0,-34.0,23.469506232007618,15.484822362919394,1770.0,False
8.0,-17.0,25.413863793724506,16.145256717822217,2632.5,False
-19.0,2.0,23.593894231327496,16.025720501713117,1770.0,False
30.0,26.0,22.88268922120332,14.124699072528763,1597.5,False
20.0,8.0,22.244137489608498,15.678313075328072,1770.0,False
16.0,-22.0,25.357186386590502,14.646296434483911,2000.0,False
29.0,13.0,22.581300398487784,14.762113701967992,1712.5,False
-22.0,10.0,22.78821514610532,14.603082072347394,1770.0,False
3.0,-13.0,22.786970501265028,15.57646769134397,10970.0,False
-34.0,-30.0,24.648933174676788,16.700493530996507,1655.0,False
-35.0,10.0,25.27965067640482,15.856840061257262,1712.5,False
-9.0,18.0,22.999655684061203,13.582381182400841,2287.5,False
22.0,28.0,23.675182971167985,15.191577690901198,1655.0,False
-9.0,-7.0,25.34644657566616,15.859910439275565,2115.0,False
-21.0,4.0,23.582992316314552,16.396011088414006,1770.0,False
16.0,0.0,25.693099901704862,13.77605317271143,1770.0,False
-3.0,35.0,22.31627005410809,15.495286155210655,4702.5,False
25.0,6.0,22.84518462609217,14.498621202633323,1712.5,False
-19.0,20.0,22.902294463440782,14.808181132762842,1942.5,False
-12.0,27.0,24.31636167409479,14.690426487572285,2230.0,False
13.0,-29.0,25.685259888233727,15.301213654419255,2230.0,False
-20.0,5.0,25.56987630827271,16.375285283418922,1770.0,False
23.0,-0.0,22.802454291829907,14.384299686268253,1770.0,False
10.0,26.0,22.12066668901501,16.28769889418826,1942.5,False
-4.0,-22.0,25.790806482721614,16.321744534873197,2517.5,False
14.0,7.0,24.85729415211285,16.08352664905758,1827.5,False
8.0,34.0,22.037462699356695,16.339821738223435,2115.0,False
-9.0,-32.0,24.587760268284512,17.01338154630967,2230.0,False
-31.0,9.0,23.16909240402966,15.40378112132641,1712.5,False
8.0,20.0,24.075934219620446,14.426931369818059,2000.0,False
9.0,28.0,24.66004832822187,14.676390432364993,2000.0,False
-15.0,6.0,23.722127598544965,15.450368984736745,1885.0,False
5.0,24.0,23.703620591909406,14.081228169763994,2402.5,False
2.0,-31.0,23.983157860559107,15.068500284529804,4587.5,False
33.0,25.0,22.959505775786692,14.183185030745838,1597.5,False
-34.0,-8.0,25.225665685720116,16.74115721202758,1655.0,False
26.0,14.0,25.27227064634593,16.378971080358607,1712.5,False
34.0,33.0,22.449548978923776,17.10507748819186,1655.0,False
30.0,-3.0,25.632378691896783,15.119803350956705,1770.0,False
26.0,-11.0,25.29621853624846,13.614892832630064,1712.5,False
16.0,-25.0,24.389319636993136,15.504701386639907,2172.5,False
-11.0,-32.0,23.753914482513007,15.41534851249521,2115.0,False
31.0,-14.0,24.100996195137675,13.928733640491838,1770.0,False
1.0,22.0,23.63877336658171,14.133606873558353,2920.0,False
-25.0,-20.0,23.760387190003307,15.759275008438866,1712.5,False
-20.0,-28.0,23.24520880149383,15.42747321982142,1770.0,False
14.0,35.0,23.45058535013033,15.318572942626975,1712.5,False
-2.0,30.0,23.075782255302542,13.579678459077483,5162.5,False
-17.0,17.0,25.502291836459914,15.063482159529007,1885.0,False
-1.0,34.0,22.66696676465076,17.465245735302204,3322.5,False
-11.0,10.0,23.52854269213939,14.983108378380688,2057.5,False
32.0,15.0,22.267942851486055,14.84289351356399,1655.0,False
-10.0,14.0,23.936810509877088,17.114982647410883,2460.0,False
34.0,27.0,24.19455478793345,14.329527558487461,1597.5,False
-33.0,-24.0,23.963151245794794,13.930928193328011,1540.0,False
9.0,32.0,25.786919409737468,16.098182880983998,2057.5,False
-9.0,-22.0,24.218235175657853,16.238650110099794,2230.0,False
31.0,0.0,23.8684399671018,16.493316942914362,1827.5,False
-23.0,-4.0,22.138125697460104,13.666593760273457,1597.5,False
-20.0,-6.0,23.737839661830847,16.937357909663746,1770.0,False
29.0,16.0,24.94320822816255,16.928790808010174,1712.5,False
0.0,-16.0,25.075814922879744,13.705592800741204,3840.0,False
-23.0,7.0,25.22696426224065,13.965923418742648,1655.0,False
10.0,22.0,23.979621658097606,13.505768917058045,1827.5,False
23.0,-11.0,24.355253959567015,17.288005735957487,2000.0,False
35.0,19.0,24.8538947913661,15.19414335405822,1655.0,False
14.0,28.0,23.809703669951745,14.320486357950426,1655.0,False
-33.0,-8.0,23.787781071561795,15.613907821519613,1597.5,False
16.0,-11.0,23.06343553307286,16.50727598141486,2115.0,False
16.0,-26.0,24.902927007039693,15.310987395496014,2115.0,False
5.0,-8.0,25.09358948889304,14.70958594400011,2575.0,False
28.0,-12.0,23.37041123613355,15.713361869904391,1885.0,False
-10.0,21.0,22.53889886686533,16.027854362038823,2747.5,False
-7.0,3.0,23.813912570258974,16.775350862501043,2402.5,False
3.0,-32.0,23.773235898263135,17.081968140787566,4587.5,False
-29.0,22.0,25.40838779886237,14.31342372158436,1712.5,False
-20.0,-14.0,23.3586923089293,14.561222161252717,1712.5,False
-25.0,-28.0,24.345438781813314,13.510208274940299,1597.5,False
-8.0,19.0,24.206023396214793,15.000497027206137,2575.0,False
16.0,-31.0,22.563944971221016,16.16791237632054,2460.0,False
7.0,26.0,22.785593846790704,16.04121578630989,2230.0,False
-2.0,-13.0,25.548633827265533,15.173446625631286,2977.5,False
-27.0,34.0,24.396573187082975,15.656588318885376,3380.0,False
-23.0,15.0,24.659814786298345,16.135400523534948,1827.5,False
-15.0,17.0,22.4905795857229,15.536585927992823,2115.0,False
-9.0,6.0,23.96393404670001,13.667064462931673,2000.0,False
-13.0,-13.0,23.489443924569347,15.489909247897502,1942.5,False
19.0,15.0,22.433581503287368,15.955315735721154,1770.0,False
-28.0,2.0,22.352587884864427,17.372861949794956,1770.0,False
-3.0,-19.0,23.259555854100874,17.483783377208535,2575.0,False
32.0,-13.0,22.488227850681668,13.935028229833879,1770.0,False
13.0,-35.0,23.87360637396513,14.811859462176734,2345.0,False
-28.0,14.0,23.149436724326808,16.998544528649358,1885.0,False
-4.0,28.0,24.940636782900302,16.481888428562225,7002.5,False
24.0,-32.0,25.323992612710654,16.93023007306409,3725.0,False
13.0,20.0,22.43221811738514,13.671174858341331,1655.0,False
15.0,-30.0,22.052528401207493,17.347510614231943,2862.5,False
31.0,14.0,22.519146847484432,13.639456143982011,1655.0,False
35.0,18.0,23.57680312515752,15.726767203297838,1712.5,False
-8.0,-6.0,24.249508845568293,14.176911604872705,2115.0,False
23.0,15.0,23.48403677066262,14.426506362085323,1655.0,False
-29.0,31.0,22.014548850511023,16.102088639334468,3437.5,False
-8.0,-14.0,23.82123703270715,15.474291706630115,2230.0,False
10.0,12.0,25.704397595005275,14.18399980758084,1827.5,False
-12.0,-11.0,24.583711081731458,15.375513379273379,1942.5,False
35.0,-20.0,22.474383996107886,15.773079078926804,1942.5,False
10.0,-8.0,25.652016373305493,17.3305607734476,2287.5,False
23.0,-18.0,23.826831972993066,17.26156327047432,2115.0,False
-26.0,19.0,24.291490107602687,14.939075021400928,1770.0,False
8.0,0.0,23.199218918782783,13.514310407194024,2000.0,False
9.0,19.0,23.801151688472686,13.801768357764264,1942.5,False
-15.0,11.0,25.098629092776896,13.973691313236262,1770.0,False
32.0,-4.0,25.427232368857982,15.783963894605387,1770.0,False
15.0,-5.0,22.288837163251966,15.169594810914464,2000.0,False
-26.0,4.0,22.831301988197175,17.017069526855504,1770.0,False
-34.0,-8.0,24.97846266365825,16.393745942749394,1597.5,False
21.0,-13.0,22.90655651466929,16.324789655179327,2057.5,False
-21.0,-13.0,25.490028390028463,16.178962211138476,1712.5,False
2.0,-13.0,25.067272438902506,17.434866136035055,6485.0,False
16.0,-22.0,22.047123520520074,13.729825354728943,2057.5,False
-6.0,-25.0,24.160210425954894,15.194641098881299,2345.0,False
0.0,-23.0,24.192348675516683,13.841046042605493,3495.0,False
-25.0,-21.0,23.747217098310873,16.436886135276236,1712.5,False
20.0,-18.0,22.635908867115617,16.786577167451163,2172.5,False
24.0,-34.0,24.228168130243013,14.218895119657144,2000.0,False
-5.0,-22.0,25.62336921443889,15.609012303278417,2460.0,False
-7.0,-19.0,22.27105158038299,14.25665939430135,2402.5,False
4.0,-33.0,25.638794445706004,13.759752489838709,5220.0,False
23.0,16.0,25.95480314672558,13.588207871726077,1655.0,False
4.0,-16.0,23.802867415208148,15.80798016176167,7577.5,False
8.0,28.0,23.807289571169505,15.991407279378269,2115.0,False
-3.0,-22.0,22.187612174540114,15.452457192827492,2517.5,False
-31.0,9.0,23.503127283530866,16.660649706057725,1770.0,False
15.0,9.0,24.226310377460862,16.01980511759108,1827.5,False
-26.0,-3.0,22.465996567251633,13.776450138522954,1597.5,False
25.0,3.0,24.406614393823286,16.79215479941226,1827.5,False
-31.0,-10.0,25.615873044625946,16.56437960829919,1655.0,False
-26.0,-8.0,24.65339873698844,15.569665851528447,1655.0,False
32.0,-5.0,23.507533081346057,16.39014640049494,1885.0,False
19.0,10.0,22.18499191521915,15.764756096109965,1770.0,False
-25.0,10.0,23.229538810771615,15.702544137683937,1770.0,False
-12.0,22.0,25.923625568591554,13.524774691896425,2000.0,False
12.0,-29.0,22.85480358934771,14.229478537925509,2345.0,False
18.0,-3.0,24.23812528428327,16.753691199856164,1942.5,False
16.0,-15.0,23.940502249615516,16.721040614895806,2172.5,False
-7.0,19.0,22.935018674250877,17.334520156812395,4472.5,False
26.0,-24.0,23.987709162809566,14.40229854598691,1885.0,False
3.0,-19.0,24.27229303552953,16.20322652054235,7232.5,False
9.0,-2.0,22.33772190815477,16.056134635869462,2172.5,False
14.0,-9.0,22.139176079350413,17.28632934145687,2287.5,False
-11.0,-12.0,25.17990974373681,15.188232303803549,2000.0,False
5.0,12.0,22.97042410153933,15.40121765415344,2402.5,False
-10.0,-23.0,24.48689476003558,13.7309791170649,2000.0,False
-29.0,-13.0,22.701903606301656,13.818322807875534,1540.0,False
24.0,17.0,23.358581487501834,13.872548644913786,1655.0,False
10.0,8.0,22.205053245283356,13.96691612378739,1827.5,False
-8.0,16.0,25.480656242016508,17.40345330169911,2747.5,False
-9.0,20.0,25.972245235719193,17.250986715375536,2690.0,False
20.0,-33.0,24.62281738483444,16.12500603534706,2287.5,False
14.0,17.0,22.21936005744204,15.856988332106138,1770.0,False
30.0,6.0,25.27486823055498,15.28187033500741,1712.5,False
31.0,16.0,22.69157458685977,14.233370330042947,1655.0,False
-17.0,-4.0,24.809350737908346,17.037396431890134,1827.5,False
-13.0,21.0,23.33827671302388,17.46737263324065,2517.5,False
8.0,33.0,23.687993406071033,14.350273560442314,2057.5,False
30.0,-4.0,22.03088284335237,15.16510205260003,1827.5,False
-19.0,-22.0,25.17409730353224,15.757596684483055,1770.0,False
29.0,-23.0,25.992401048576248,16.036755704828828,1885.0,False
32.0,-33.0,24.31427470637433,16.299743279170396,3265.0,False
-24.0,21.0,22.980439029970817,14.192756871684747,1770.0,False
1.0,-32.0,22.04153865228233,14.674794136822388,3495.0,False
-5.0,6.0,25.549313744998965,16.926307182419194,2690.0,False
-22.0,3.0,22.584050240513008,16.37450957075418,1770.0,False
-8.0,-27.0,23.978869975634993,16.644515361094026,2287.5,False
-28.0,1.0,23.108481300764172,16.72759693893261,1712.5,False
-9.0,-7.0,23.835464061588144,14.339516630276794,2057.5,False
0.0,-15.0,22.58452411015312,16.102241051176314,3380.0,False
-22.0,-31.0,22.65890506847443,13.993328984010892,1655.0,False
30.0,5.0,25.34655622100471,14.253060837485853,1655.0,False
29.0,30.0,22.672460777425634,14.904820520982286,1597.5,False
-19.0,24.0,23.435561648703306,14.687650792443042,1942.5,False
23.0,18.0,23.212818986564095,16.044614036377304,1712.5,False
-6.0,-7.0,23.785025091689484,15.955706347755903,2402.5,False
14.0,-27.0,24.40099391630708,14.516667103282881,2172.5,False
9.0,-5.0,22.13142765825224,14.222088662329355,2115.0,False
33.0,10.0,23.40667053079733,17.08414390622711,1770.0,False
-19.0,24.0,23.684373360348157,15.849519497302479,2000.0,False
10.0,24.0,22.316870575332764,16.84845230407963,2000.0,False
7.0,-5.0,24.32377954130621,16.234882165707756,2345.0,False
-29.0,-13.0,25.979556032006034,17.22365885904128,1655.0,False
8.0,11.0,24.312418799252306,17.494525378915903,2115.0,False
19.0,-8.0,24.040993537459112,13.80483684777443,1827.5,False
5.0,7.0,22.41783615187175,17.179089556856287,2517.5,False
-18.0,-25.0,25.042546981934606,14.208236868315574,1712.5,False
-32.0,-19.0,23.490877577370192,16.930222341428237,1655.0,False
11.0,8.0,24.77386980665644,14.761695606188109,1827.5,False
31.0,8.0,24.803729108314137,17.291814414012155,1770.0,False
-5.0,-18.0,25.88916344343506,16.835144926750672,2575.0,False
2.0,-13.0,24.329724991988606,14.128104631196852,11200.0,True
28.0,3.0,22.557686734411856,15.200027947977967,1770.0,False
-13.0,-17.0,22.781786959508665,16.61276379074671,2000.0,False
35.0,31.0,24.288613722004,15.562561674800815,1655.0,False
-13.0,15.0,23.02001001270693,15.77697564504179,2172.5,False
10.0,-30.0,22.723254909265524,14.242722810297057,2632.5,False
-2.0,-30.0,22.65489178768151,16.702982908251144,2575.0,False
25.0,-14.0,24.240764502844463,16.63924842327494,1942.5,False
-26.0,33.0,24.72948694091831,13.84575296762814,3437.5,False
9.0,4.0,23.278194574326037,15.009951319315904,1942.5,False
-4.0,22.0,25.657687708849743,15.040448256294441,6255.0,False
12.0,-30.0,24.307548785461677,17.393707454881763,2862.5,False
-5.0,-25.0,24.946820485731884,14.75972987817815,2402.5,False
19.0,-31.0,24.117407988532314,16.50845118085547,2230.0,False
7.0,-23.0,22.999847001388574,17.157612822233816,5220.0,False
15.0,-2.0,22.522656791562135,16.823898394773842,2057.5,False
9.0,11.0,25.267907282493077,17.3832446161766,2000.0,False
-14.0,-20.0,22.079676690959534,15.361435235815536,1885.0,False
18.0,-35.0,22.25764217957829,14.748331476820336,2172.5,False
18.0,-34.0,24.948631360771508,15.32223217928652,2057.5,False
21.0,-22.0,25.44418563004117,14.335093502457717,1885.0,False
-16.0,22.0,22.258126905153148,17.497456032454163,2402.5,False
-0.0,14.0,22.585620650703607,13.949984488336188,3552.5,False
-24.0,-31.0,25.62621071682626,14.166926351586074,1655.0,False
-2.0,8.0,25.120241784899132,15.575680110813584,11200.0,True
8.0,-15.0,24.505811289797233,14.231821098582587,2345.0,False
16.0,26.0,22.57514606842877,14.573529467994849,1655.0,False
-17.0,7.0,22.657137299087452,15.326426287695138,1827.5,False
-7.0,-26.0,25.774618246868393,13.962368141836267,2345.0,False
-9.0,-9.0,22.847281426249356,14.163702520420411,2057.5,False
-9.0,-30.0,23.24042372266925,17.087299272010323,2230.0,False
2.0,17.0,23.1206662534092,15.129191475854835,2805.0,False
-7.0,-28.0,22.759757769855575,14.533513212721571,2287.5,False
29.0,5.0,25.386022394598704,17.035379846527935,1770.0,False
-7.0,6.0,25.915932517475696,13.643363578535274,2115.0,False
13.0,-32.0,22.204959236002743,14.959574351827257,2517.5,False
25.0,16.0,22.98978349834611,14.970737784397693,1712.5,False
24.0,-10.0,24.0732379872128,15.552211502940418,1885.0,False
-30.0,5.0,22.553128537540534,15.087229982857206,1712.5,False
35.0,5.0,23.37932380970151,16.973995765526624,1827.5,False
-15.0,9.0,23.871862455700445,15.331445357223267,1885.0,False
13.0,1.0,25.588658414414294,16.046053622569442,1942.5,False
13.0,-21.0,25.912587965831563,16.304159519508943,2230.0,False
-29.0,2.0,25.59027928188452,16.367846439049806,1655.0,False
-14.0,22.0,22.194735076425086,14.005527661304477,2115.0,False
-21.0,9.0,22.61634528116069,14.011196438958784,1712.5,False
-29.0,-24.0,25.653461054657825,13.748048330220804,1540.0,False
-14.0,-14.0,25.805295647720747,14.679121541164227,1827.5,False
-19.0,12.0,24.06006738126905,17.03567377500649,1942.5,False
30.0,6.0,23.85354977473378,17.014751853098762,1827.5,False
19.0,-20.0,22.664237358359507,15.252154097404688,2057.5,False
-3.0,-19.0,22.567591410148896,15.159508893601068,2517.5,False
30.0,25.0,24.08931963369008,16.152276872762307,1655.0,False
32.0,11.0,25.541813538592514,14.57996735423737,1655.0,False
17.0,5.0,23.270233898141953,14.056447190974556,1770.0,False
28.0,11.0,22.014984932802303,15.140413475952398,1712.5,False
23.0,27.0,25.859028931485568,16.564992293595427,1655.0,False
-4.0,-25.0,24.941814867294944,15.56729776242879,2402.5,False
-11.0,34.0,22.29236453946165,14.197595020853754,2575.0,False
1.0,8.0,23.377867646256682,13.523029714993443,3667.5,False
-20.0,21.0,24.56511955982992,17.106943686762932,2057.5,False
23.0,15.0,23.59321623247942,15.102102077387771,1712.5,False
32.0,-19.0,22.394968426587987,15.260853455414171,1942.5,False
21.0,24.0,25.31041682018882,14.344355950189762,1655.0,False
26.0,31.0,25.810608264678113,14.903530732769534,1597.5,False
-35.0,-29.0,22.287065773597575,15.410746986850713,1597.5,False
-34.0,26.0,25.11713272711067,17.01943802835447,1885.0,False
-28.0,31.0,24.74147851492479,17.425474622235534,3552.5,False
19.0,-17.0,23.968974402614993,15.882629827377478,2057.5,False
-2.0,11.0,25.498529023139678,14.817418048314979,11200.0,True
-28.0,11.0,24.560612720331537,16.23243443592917,1770.0,False
24.0,29.0,25.00353957646935,16.87700001879001,1655.0,False
-15.0,19.0,24.879557156807216,16.671235072041714,2115.0,False
-12.0,-20.0,24.53641076540126,16.40717194176758,2000.0,False
11.0,-12.0,24.77207406449179,14.823521570936457,2115.0,False
21.0,1.0,25.304439236840572,16.0147292460969,1827.5,False
-14.0,33.0,22.62144479154497,14.573231094548346,2287.5,False
6.0,-21.0,22.51964483684754,14.154768658470697,3552.5,False
17.0,20.0,23.700486295497186,15.250832550117718,1712.5,False
21.0,-21.0,25.748424163569194,14.322144988421872,1827.5,False
-1.0,12.0,24.885552746816778,15.572155062843137,5335.0,False
-27.0,-32.0,24.165323467535504,14.335539970387707,1597.5,False
27.0,20.0,25.308447491034105,16.75490260515653,1712.5,False
14.0,-1.0,24.69318828859145,16.118083156106835,1942.5,False
-15.0,-14.0,23.540900996151052,16.36547732066588,1885.0,False
17.0,12.0,24.97780750516675,15.870821254627362,1770.0,False
-4.0,4.0,24.69848798725618,15.012583081206811,2747.5,False
-28.0,-20.0,24.888831511167375,16.835958172683682,1655.0,False
13.0,17.0,23.234582980397413,16.550525112454885,1770.0,False
-6.0,9.0,23.007211815355653,16.09714389616673,2690.0,False
11.0,4.0,22.315469194783578,13.707972529871578,1827.5,False
-15.0,-28.0,24.986636518794587,16.81304506941011,1942.5,False
23.0,27.0,25.929960211633745,13.843904619138707,1597.5,False
-12.0,-26.0,24.313499539907653,15.626718394943842,2000.0,False
-7.0,16.0,24.44524584544902,15.571187777566887,2747.5,False
11.0,-15.0,23.330405230562228,14.251477243942288,2172.5,False
28.0,-18.0,22.61352335442058,16.99259933401567,2057.5,False
7.0,7.0,22.325699895528427,17.068176585071527,2172.5,False
8.0,-3.0,23.491810189766152,13.589771928893239,2057.5,False
-15.0,-6.0,23.04423002283051,16.091396955131398,1885.0,False
10.0,33.0,24.0809025695372,15.858369374713295,1942.5,False
-21.0,-11.0,22.935928967040926,13.528006962558756,1655.0,False
28.0,-29.0,22.553421890343667,16.047412942092677,3552.5,False
-35.0,-16.0,22.790982680630577,17.39671927544581,1655.0,False
-28.0,7.0,24.013129747056052,13.893431133376643,1655.0,False
-10.0,-31.0,23.515975721106763,16.79255640579231,2230.0,False
-15.0,-25.0,25.832608003282555,16.853961120300227,1885.0,False
11.0,-29.0,23.11328099131486,16.2489930548289,2920.0,False
30.0,30.0,22.614619894682853,16.537138271393406,1655.0,False
16.0,-29.0,22.985225778589772,13.702099525508014,2057.5,False
12.0,-33.0,23.216902725403415,16.32086376015684,2805.0,False
22.0,-14.0,25.852013655156686,15.636525178382275,1885.0,False
-4.0,26.0,23.283342210375608,14.34570326585248,7060.0,False
28.0,11.0,24.11782625420833,14.183131451549732,1655.0,False
-7.0,-5.0,22.65368226223764,14.479711770509049,2230.0,False
28.0,-27.0,23.44744250106542,17.06942517572282,2402.5,False
3.0,-34.0,24.2398729397351,13.675802982229154,6657.5,False
-14.0,-30.0,24.076156420574787,14.303352488397524,1885.0,False
31.0,-9.0,22.0899589890699,15.634239746629927,1885.0,False
-9.0,-6.0,24.214901172244893,13.812595424339055,2000.0,False
33.0,-9.0,24.580028926266213,17.363701328411487,1942.5,False
-33.0,12.0,24.80249003234604,14.552812399724335,1655.0,False
-19.0,10.0,24.18208156669017,16.37024809948183,1885.0,False
-14.0,-13.0,24.68835859693334,15.334470523095929,1885.0,False
30.0,-28.0,25.361656824315304,14.546459689745848,1827.5,False
-6.0,-14.0,25.633063795765832,15.470877688550761,2460.0,False
-18.0,-2.0,22.290016505275116,15.705965964778388,1770.0,False
12.0,-11.0,23.50052464932324,14.402310224870055,2057.5,False
-13.0,-28.0,25.125186167308076,16.288907939918772,2000.0,False
-8.0,-10.0,23.552025003689597,13.608457345030327,2115.0,False
23.0,33.0,24.43008635912607,15.636775438667758,1655.0,False
-17.0,27.0,23.041859371975143,16.684950210306972,2287.5,False
24.0,28.0,23.682310916381944,14.451045137388466,1597.5,False
-22.0,31.0,23.282343892299306,16.320949486304386,2172.5,False
28.0,-3.0,23.882354201238684,15.816030011923836,1827.5,False
20.0,-6.0,24.682053228046477,14.531631668117228,1827.5,False
19.0,20.0,22.07780922601495,13.603781609675885,1655.0,False
-20.0,-1.0,23.487309606667374,15.982089252496852,1770.0,False
14.0,8.0,24.902786012032323,17.00735416075005,1885.0,False
11.0,27.0,23.755571649215288,13.94351727692269,1827.5,False
29.0,18.0,24.56445171749995,15.63624217550385,1655.0,False
-23.0,-34.0,23.876350197399468,16.67935582934151,1770.0,False
-6.0,28.0,23.611014611146175,16.35951910862702,5737.5,False
-34.0,-7.0,23.939955253398296,15.60150874082915,1597.5,False
11.0,7.0,25.991919502010553,15.837601230298143,1885.0,False
4.0,29.0,22.305770669094606,14.556112459017857,2287.5,False
30.0,-17.0,22.818416889696177,17.119716766865558,2057.5,False
-21.0,-28.0,25.65545578146342,17.45330266496071,1770.0,False
-5.0,-16.0,22.7425505028733,13.946265011059008,2575.0,False
7.0,7.0,23.78921407243708,15.56522786579676,2115.0,False
3.0,20.0,24.062948449257505,13.85045099885176,2632.5,False
-8.0,-17.0,22.839911003878687,14.508073074342988,2230.0,False
-28.0,17.0,22.550553554581985,14.199879056114503,1770.0,False
4.0,-21.0,25.691248483734157,16.457451182381398,7865.0,False
-17.0,34.0,24.66639573349858,14.618254222086485,2000.0,False
-32.0,9.0,25.780838016523926,14.752040009109967,1655.0,False
-0.0,34.0,25.542101398203283,15.82979344712205,3380.0,False
-23.0,19.0,25.7980440407748,17.22047773844635,1942.5,False
-35.0,17.0,22.30136827907065,15.140497060326098,1770.0,False
21.0,-21.0,25.422364493718643,14.168727124579334,1885.0,False
6.0,-29.0,25.961766272724876,16.474199443756078,4530.0,False
18.0,-35.0,23.433736922604417,15.93724550105476,2230.0,False
1.0,23.0,25.77830043614297,15.722863083824965,2920.0,False
19.0,-12.0,22.659662642426756,14.669030789295846,1942.5,False
6.0,25.0,25.130036510883805,17.13724899363178,2345.0,False
26.0,-6.0,24.637631364658606,13.833042738817523,1712.5,False
-34.0,4.0,23.075852406933237,16.38639066978069,1712.5,False
24.0,-9.0,25.195508225888336,15.494229737413997,1827.5,False
-33.0,2.0,23.926507270549095,16.11358439727056,1712.5,False
-8.0,-15.0,22.098670038465322,17.225570186479896,2345.0,False
14.0,-8.0,25.97561165134539,17.043797301386974,2057.5,False
-15.0,-0.0,24.77013342281994,13.779867374845022,1712.5,False
-23.0,-20.0,24.30699272420361,13.993745528760536,1655.0,False
34.0,-31.0,22.332213634802702,15.146762010309892,3150.0,False
-2.0,3.0,25.367990094504222,15.614612784646047,3725.0,False
-8.0,7.0,24.817671822827744,14.95558494625653,2172.5,False
17.0,30.0,22.287070523974243,15.338052969399723,1655.0,False
23.0,25.0,23.16073291607793,14.146590125345172,1597.5,False
2.0,-22.0,25.239926208128782,16.343958882800408,5047.5,False
-21.0,-10.0,23.297243880808924,14.971047058775941,1712.5,False
-16.0,-5.0,24.630667944554453,17.141924569534055,1885.0,False
-5.0,26.0,24.61900849494874,15.42053711690053,5680.0,False
8.0,13.0,22.577249293983314,14.262494764106345,2000.0,False
12.0,2.0,24.406028415112367,15.503618942276407,1885.0,False
32.0,29.0,23.527123255769123,14.680746699494161,1597.5,False
27.0,-13.0,24.11959712688032,16.165384034374075,1885.0,False
1.0,-26.0,24.196905889939,14.25534169746844,4070.0,False
-15.0,-31.0,22.83934478139609,17.23285322944315,2000.0,False
8.0,-16.0,22.166929187699004,15.68599886854436,2920.0,False
-30.0,6.0,24.263132178117257,13.966579485250637,1597.5,False
-7.0,17.0,23.332742563290562,16.53142618630857,3322.5,False
-21.0,-3.0,24.065758408763394,14.418093844661305,1655.0,False
-28.0,-11.0,23.101173390846814,14.00241876333132,1597.5,False
14.0,5.0,24.048399417090792,15.17063337241276,1827.5,False
-8.0,7.0,24.05059082656138,16.293872929170487,2287.5,False
1.0,22.0,24.039336881391737,15.403746419785344,2862.5,False
-13.0,-25.0,23.456074653922286,17.142660145481397,2000.0,False
4.0,-13.0,25.458765782997705,17.445035666145262,5450.0,False
-10.0,-18.0,24.57726225499718,16.79669152932465,2115.0,False
14.0,32.0,22.184411221341755,15.040750496094063,1712.5,False
-24.0,6.0,22.104250065830563,14.15726530571777,1712.5,False
-31.0,10.0,22.210310603627068,14.403996857958411,1712.5,False
35.0,-16.0,24.020174715124092,14.501625760092374,1827.5,False
-11.0,-34.0,24.977019061071335,13.581491416488117,2000.0,False
26.0,9.0,22.162428712960274,16.59439990929308,1770.0,False
-21.0,-12.0,24.90848269911539,16.177191533243665,1712.5,False
9.0,14.0,25.794348507458512,16.311577023192346,2000.0,False
-18.0,-10.0,23.94226026851352,13.606937295591962,1712.5,False
-29.0,-24.0,24.613532253274364,15.151978359675821,1597.5,False
8.0,28.0,24.90085317547269,13.532822624603202,2000.0,False
-13.0,11.0,24.671505574906448,17.152285512277455,2115.0,False
-35.0,2.0,24.923279424663384,16.823986714732385,1712.5,False
11.0,9.0,23.527643808052083,13.833313843450124,1770.0,False
-25.0,-34.0,23.169053208819033,13.65409401950146,1597.5,False
3.0,32.0,24.497520860419517,17.25169721981029,2402.5,False
-3.0,9.0,22.50873880160001,17.420984067845435,11200.0,True
11.0,-30.0,25.775575979451162,16.162620040726676,2575.0,False
10.0,32.0,23.42365679664909,16.539549634836295,2000.0,False
-19.0,25.0,24.196127631308403,16.582563279806603,2057.5,False
-24.0,-20.0,25.571421893601862,15.904257564114902,1712.5,False
-32.0,27.0,23.12302902577112,16.59385375231913,1942.5,False
-27.0,-12.0,22.226386319036656,16.93304428751358,1712.5,False
29.0,33.0,24.199815427291092,16.422894973080208,1655.0,False
3.0,-12.0,25.085509529545078,14.831071405115583,4702.5,False
-23.0,-31.0,23.639460346418048,14.540321538300546,1655.0,False
8.0,-31.0,22.04540081121074,13.666111227609058,3092.5,False
28.0,22.0,22.028726263579024,14.91633615574808,1655.0,False
11.0,-2.0,23.572984227313313,14.004233498145206,1942.5,False
21.0,1.0,22.019881818386583,15.918847780903098,1885.0,False
18.0,1.0,23.866113776299922,15.830998612597904,1885.0,False
18.0,22.0,22.167661600542004,13.666789409345336,1655.0,False
-26.0,22.0,23.093740652082182,17.33660224305466,2000.0,False
12.0,-7.0,24.961174786436732,16.642961382233363,2115.0,False
-8.0,-31.0,24.068361716189965,15.951989025223671,2230.0,False
26.0,10.0,24.171316760718877,16.552992124800124,1770.0,False
13.0,24.0,23.80508756535047,16.081434236850964,1770.0,False
15.0,26.0,24.31061923543091,13.848580674493387,1655.0,False
-34.0,15.0,22.837281360486635,17.461363149243304,1885.0,False
-21.0,-11.0,22.90094341422984,14.114219564575459,1655.0,False
-13.0,23.0,24.360744719551192,17.125311869513936,2402.5,False
-35.0,26.0,22.26249946888479,16.163258456559472,1942.5,False
5.0,-11.0,23.407813165282654,16.768785728993937,3610.0,False
12.0,11.0,22.13346536456333,16.3443279069556,1827.5,False
-14.0,-24.0,22.24673016008869,15.961200361260975,1942.5,False
30.0,20.0,22.50382670327172,16.632703476853614,1712.5,False
-32.0,24.0,24.16641927380551,16.332381790242845,1885.0,False
27.0,-26.0,23.03260683522867,14.790001596278577,2172.5,False
-30.0,19.0,22.391528221380074,17.176579031810082,1942.5,False
19.0,-3.0,24.035385270138267,13.822126606560676,1770.0,False
-1.0,-1.0,24.1654269297046,15.913652938080997,4875.0,False
8.0,13.0,22.842124962273015,17.086014945872627,2115.0,False
-31.0,-12.0,24.1960065952702,15.014760319556228,1597.5,False
-32.0,-31.0,23.847289905601286,14.691797127996491,1597.5,False
-30.0,17.0,25.405231514635005,14.383461659593191,1712.5,False
4.0,-19.0,23.94309683015034,16.584026412382563,8325.0,False
4.0,-26.0,24.654370080217507,16.853978362328498,7290.0,False
-28.0,8.0,22.39817109736588,16.512924182975723,1827.5,False
3.0,-29.0,22.06129144497239,14.94086919622062,5047.5,False
-22.0,-13.0,23.91734034126766,14.544058165417654,1655.0,False
-0.0,-2.0,23.94447747892098,16.04487176120031,6485.0,False
-20.0,18.0,24.0987384090544,17.46493138362763,2057.5,False
-9.0,-11.0,24.011642785571127,15.347552992898507,2115.0,False
-8.0,14.0,25.70481992469136,14.396909228307385,2230.0,False
-22.0,27.0,22.201806497394273,15.298614141363382,2000.0,False
28.0,4.0,24.425663118313903,13.723343784008259,1655.0,False
15.0,21.0,22.731134098220686,15.938986220731625,1712.5,False
-15.0,-28.0,24.376114461270948,16.514785829516907,1885.0,False
-4.0,-13.0,25.3526381591924,16.597185617727096,2805.0,False
7.0,-20.0,22.09144456571685,17.46509046431006,5910.0,False
10.0,-15.0,25.31699463492777,14.008985598583228,2115.0,False
2.0,21.0,22.423145240815202,13.626327478333703,2632.5,False
15.0,-18.0,24.66206027467245,13.798618281261877,1942.5,False
-3.0,5.0,25.465606187432368,15.040037892010627,3092.5,False
-19.0,1.0,22.5206301534236,16.115644791986387,1827.5,False
-16.0,-20.0,22.625974060825065,16.776946446837815,1885.0,False
-28.0,5.0,24.357545805585993,14.544487322246606,1655.0,False
5.0,34.0,25.891993634430023,14.505893099352622,2287.5,False
26.0,0.0,25.78349576063635,16.297618037001165,1770.0,False
-31.0,-28.0,23.18865640243195,15.864105518622928,1655.0,False
-2.0,-2.0,23.607973707808508,17.012424349922107,3782.5,False
22.0,-7.0,22.32623893226972,15.10042663259914,1885.0,False
-8.0,-5.0,24.481013604521042,14.460042405182588,2115.0,False
-27.0,25.0,23.83608707119688,16.448978509409756,1942.5,False
-8.0,-15.0,25.349206974343247,17.217505061627676,2287.5,False
24.0,-4.0,22.640211769942997,14.292699690517056,1770.0,False
6.0,-24.0,25.453000451275326,16.831712724590233,4702.5,False
8.0,-6.0,24.321729783173772,16.88395880270145,2345.0,False
5.0,19.0,22.20506088567674,14.114203769758577,2402.5,False
-33.0,22.0,22.522405579382905,16.472176607165377,1942.5,False
-7.0,-29.0,23.00080867154555,14.978085311548046,2230.0,False
4.0,1.0,23.132835463070172,15.904276646764327,2632.5,False
-10.0,16.0,22.78413783167342,17.123996916031093,2690.0,False
-0.0,22.0,22.491205857899764,15.716979788066723,3207.5,False
7.0,34.0,23.159930754935314,16.881557476005163,2172.5,False
-24.0,7.0,25.82972977122183,13.731970997787984,1597.5,False
18.0,32.0,24.33932270526402,13.860460685127396,1597.5,False
35.0,-22.0,24.790896802243058,14.533569055947432,1827.5,False
11.0,-9.0,23.04672160098598,17.367567853044804,2402.5,False
17.0,27.0,23.09232064450277,17.47594682100994,1712.5,False
-20.0,23.0,23.50099619552872,17.124444548102403,2230.0,False
-4.0,9.0,22.00205154203957,15.596154931283095,3725.0,False
-8.0,20.0,25.32225185795498,13.695096621042426,2287.5,False
-25.0,28.0,22.903710169368225,16.098119800716177,2057.5,False
22.0,-16.0,23.692483525012904,17.08271256226616,2057.5,False
17.0,11.0,23.4337716517695,14.785216601861691,1770.0,False
2.0,-17.0,25.711810073559384,16.538148812986794,6082.5,False
6.0,-22.0,24.487521774683195,15.250445856593538,3610.0,False
-0.0,10.0,23.84952111397276,15.458932624147288,3782.5,False
-0.0,7.0,22.774302069235482,16.80182737300354,4012.5,False
-14.0,8.0,25.675426025484008,14.897866733218333,1827.5,False
-8.0,20.0,24.138481660436774,15.722504674425382,2805.0,False
-28.0,3.0,24.076087654438602,13.961337150510673,1597.5,False
34.0,-16.0,24.18451593753609,15.152289365977737,1827.5,False
29.0,-4.0,25.367395513541425,14.901632771459084,1770.0,False
-24.0,-10.0,25.704812541130888,13.737837711338482,1597.5,False
-34.0,19.0,23.719241389089884,14.104534202300815,1712.5,False
23.0,-2.0,24.49675474728876,16.295910430508826,1827.5,False
6.0,26.0,23.445474198662378,16.57553514227375,2345.0,False
4.0,-0.0,25.50330213276429,14.787792495791885,2575.0,False
-11.0,29.0,25.43673248960381,17.11295241816792,2747.5,False
9.0,24.0,23.965221414467212,14.05708121240723,1942.5,False
-3.0,-6.0,23.021113388945817,15.444147969579788,3150.0,False
-23.0,29.0,23.116213641231745,14.144753409662938,1827.5,False
-20.0,-28.0,22.181999038564935,14.921487019253282,1770.0,False
17.0,-1.0,25.738703370661266,16.5892060266605,1885.0,False
25.0,23.0,24.36479429012733,14.385682758016983,1655.0,False
-20.0,6.0,22.300192266355324,15.76717879887613,1827.5,False
5.0,9.0,22.209286904433416,16.063250831341897,2460.0,False
14.0,-28.0,22.95298167439551,13.831643542321439,2172.5,False
-31.0,34.0,22.24971849858607,13.799212198186094,3092.5,False
30.0,-25.0,25.202511649569836,14.593700485931201,1827.5,False
21.0,-0.0,24.288468044536017,15.283732214083228,1827.5,False
34.0,-33.0,23.90884075568769,14.592558233264823,3092.5,False
22.0,5.0,22.292986899772796,15.775811019666293,1827.5,False
-19.0,9.0,23.53045889105525,16.931933443516282,1885.0,False
-34.0,-25.0,24.572157326276812,17.302803883211503,1655.0,False
-10.0,3.0,25.25674784915089,16.24038063996431,2057.5,False
-30.0,-16.0,23.091309205535996,17.039010453851898,1712.5,False
3.0,24.0,24.132135914085868,15.53497221063621,2517.5,False
22.0,18.0,24.794264978819804,13.925070545634338,1655.0,False
24.0,-22.0,25.61608662386972,13.798731475588863,1770.0,False
32.0,-24.0,24.30397544237952,15.447377307743427,1885.0,False
29.0,-3.0,23.667077201717632,15.382814839837831,1827.5,False
-1.0,-25.0,23.517442584575754,15.23549125620228,2920.0,False
-0.0,16.0,24.871293776065464,16.922705649742312,3437.5,False
5.0,-21.0,24.963745913384574,16.52879227363784,5967.5,False
30.0,25.0,24.08930513420003,15.631543132805652,1655.0,False
3.0,0.0,23.91198546979438,15.424409894545008,2920.0,False
-1.0,-20.0,23.30396403117018,17.335667185854593,2862.5,False
23.0,2.0,22.491446463909814,16.70144637555317,1885.0,False
-12.0,-10.0,25.972161921202172,16.24287090328667,1942.5,False
-26.0,17.0,25.775848590307646,15.908033429318126,1770.0,False
34.0,-1.0,22.99661785561347,16.801743549178845,1885.0,False
19.0,-20.0,24.83981376262017,15.951447348820928,2057.5,False
-11.0,22.0,24.671406410287926,15.707754680072489,2345.0,False
2.0,-22.0,25.38094621387324,16.17640429599818,5162.5,False
30.0,-9.0,23.91274292194885,15.685047725240233,1827.5,False
4.0,26.0,25.949770407945344,16.994727591229417,2460.0,False
-11.0,-11.0,22.325734351366034,16.078651512890705,2057.5,False
4.0,13.0,25.8400911305447,14.72528920063928,2575.0,False
-29.0,-5.0,22.691044181163683,17.09936482537784,1712.5,False
-7.0,28.0,24.236318211117535,14.708285268310245,3322.5,False
26.0,-10.0,23.6820757125613,16.650222552600155,1942.5,False
-24.0,6.0,24.068831964094258,17.491893705689215,1827.5,False
28.0,-8.0,25.82725504447406,14.115032561510343,1712.5,False
-11.0,-3.0,25.150288821462258,13.829613261574568,1885.0,False
26.0,-27.0,23.749831287962273,16.320273008840175,2172.5,False
10.0,-16.0,24.215134108815366,15.288132403915872,2345.0,False
-11.0,-34.0,23.74407466160293,14.155255783556537,2057.5,False
-28.0,-11.0,24.783767331171838,14.5194238277214,1597.5,False
7.0,-16.0,23.00626857064566,16.135063467223958,3207.5,False
32.0,-7.0,25.862440489519535,16.97422215313511,1885.0,False
-3.0,-26.0,24.20962683886794,16.15235983650387,2517.5,False
17.0,-11.0,22.33492785981619,16.251446557535207,2115.0,False
-1.0,12.0,22.824444821160014,14.36920112023937,5162.5,False
25.0,-4.0,23.02315101678206,14.622933918490114,1770.0,False
34.0,-33.0,25.312331608174695,14.759080241885636,3150.0,False
19.0,15.0,25.076112666507626,15.059682672396534,1712.5,False
4.0,-23.0,23.98934661386523,16.78341060090225,7692.5,False
-8.0,25.0,23.13918367149823,16.54017453765656,3955.0,False
-24.0,31.0,22.86188473021557,15.804232826466198,2517.5,False
-30.0,6.0,24.75358110175435,14.196882085703479,1597.5,False
-22.0,29.0,23.49456311076125,16.450462001490042,2057.5,False
25.0,-15.0,24.017793049372806,16.38391160197097,1942.5,False
-10.0,10.0,23.31010564641456,14.3935483399737,2057.5,False
6.0,30.0,22.03859557019084,17.483062388788234,2230.0,False
-20.0,3.0,24.763234163975657,17.104728316235175,1827.5,False
-17.0,9.0,24.4241269573457,16.03776391783023,1885.0,False
-23.0,35.0,23.945498528403157,16.318599183474213,3552.5,False
32.0,-30.0,25.80701359534291,15.974126980081685,3437.5,False
-18.0,-8.0,23.374859957613204,16.560459196777128,1827.5,False
5.0,31.0,22.628398860183022,15.442222101447399,2230.0,False
-32.0,28.0,23.85582753943963,16.545462614320925,1885.0,False
34.0,-25.0,24.902855666926154,15.313376411789557,1885.0,False
3.0,-18.0,24.252875002590308,13.54811669916681,8267.5,False
-30.0,19.0,22.092709031859975,14.192990166603632,1770.0,False
-14.0,14.0,22.603146591728215,16.15701944683053,2115.0,False
-20.0,-32.0,25.623657336480207,15.009253251155005,1712.5,False
8.0,26.0,22.401661849414445,14.538289792631842,2057.5,False
-8.0,-26.0,23.673640170486884,15.25194204683821,2287.5,False
5.0,-10.0,24.381969310964855,16.541632696812314,3150.0,False
18.0,-32.0,23.10168042866906,16.278658291702673,2287.5,False
1.0,17.0,22.72306319744195,13.861981762819912,2920.0,False
-26.0,-5.0,25.353755694118348,16.08120883217754,1655.0,False
31.0,-6.0,23.28605573171708,16.176057687265054,1885.0,False
-8.0,-2.0,24.593407655788802,17.100309782064294,2287.5,False
6.0,-29.0,23.9298074930457,14.321417146270123,3955.0,False
20.0,-0.0,24.289991862185257,15.189493248644592,1827.5,False
9.0,-26.0,22.247675542559264,15.965283166387223,3495.0,False
29.0,-31.0,22.219397834533837,17.11412337084387,3437.5,False
-15.0,26.0,23.866885085399886,14.919281112489058,2115.0,False
32.0,32.0,24.738947647888704,16.179906626884488,1655.0,False
6.0,-22.0,22.431229286037762,14.458844280986845,4070.0,False
19.0,-15.0,22.47413918066818,14.382021776281125,1942.5,False
14.0,11.0,24.98054543185349,17.482503783787692,1827.5,False
-7.0,8.0,22.48201359064366,16.53863262221043,2517.5,False
9.0,-3.0,23.47565020631296,15.228210444919469,2115.0,False
20.0,18.0,22.911165095465442,14.829381030759931,1712.5,False
27.0,-19.0,24.162053520418674,16.070512209296748,1942.5,False
15.0,-10.0,22.024700895221937,14.665112595277273,2057.5,False
12.0,33.0,24.54361302322915,13.798648751426835,1770.0,False
31.0,6.0,22.27105187959993,13.592134552595894,1655.0,False
-24.0,-28.0,22.58275738629246,16.48855740432792,1770.0,False
-2.0,0.0,22.65278585998817,15.39444299265158,3667.5,False
1.0,-20.0,22.710415544087834,16.763500564843422,3552.5,False
26.0,18.0,23.698926527958363,17.09747954418756,1712.5,False
-0.0,21.0,22.960797883233226,14.686594831004452,3380.0,False
-2.0,-30.0,22.511895311222418,15.882173621898104,2632.5,False
26.0,-1.0,23.229160560251515,13.599206995147892,1712.5,False
16.0,-5.0,25.567253550472476,14.3224705955742,1827.5,False
-34.0,-3.0,22.76035585482277,14.049260345890136,1597.5,False
26.0,4.0,23.287599119220335,14.158726277156957,1712.5,False
-21.0,-3.0,22.030494259089327,17.173325164724023,1827.5,False
-34.0,33.0,25.025372894837925,14.327644928396314,3150.0,False
-5.0,1.0,22.319370910043325,15.888306349239468,2632.5,False
23.0,-9.0,22.63002123787718,16.77693598195417,2000.0,False
-18.0,5.0,23.05308264840857,15.805809239816831,1827.5,False
20.0,-29.0,22.85956359055886,15.584407370974592,2172.5,False
-7.0,-15.0,23.24831607509307,16.642363521926356,2460.0,False
25.0,-27.0,22.92764736400311,16.639859907030445,2172.5,False
7.0,-27.0,23.679091408482012,16.704689307074347,4702.5,False
-23.0,29.0,23.481042359814015,14.234239445234891,1827.5,False
-3.0,-22.0,24.349214375817372,16.407808961356192,2575.0,False
27.0,-26.0,24.516624585745,15.568781642547558,1942.5,False
-5.0,-9.0,25.427116722054905,16.11845532600604,2632.5,False
-5.0,-21.0,22.692497399804928,17.354719151618696,2402.5,False
28.0,-26.0,25.741457578873753,16.673462702249864,1942.5,False
13.0,23.0,25.480256039636327,15.509791294368174,1770.0,False
14.0,-19.0,24.06878043273099,17.142719103477987,2345.0,False
4.0,16.0,23.618849690941378,15.835968567185096,2632.5,False
-29.0,-8.0,25.245483028709817,17.16209376641238,1655.0,False
-35.0,7.0,22.686316064127883,16.842089453053116,1770.0,False
-12.0,-32.0,23.73677457963938,16.449929728932325,2115.0,False
-25.0,-5.0,25.43783019468813,15.027428762333143,1597.5,False
-17.0,-13.0,25.318702594123017,16.45444897752459,1827.5,False
1.0,-28.0,22.79593789280759,16.93273959024316,3322.5,False
7.0,14.0,24.488950826250726,16.680064587132012,2172.5,False
-4.0,15.0,23.518549945200192,16.562382046917552,8957.5,False
-10.0,7.0,22.23958704206983,15.891704774842985,2172.5,False
-4.0,34.0,22.016618398986463,15.464382948821054,6082.5,False
-9.0,5.0,24.763359155338055,17.071267996015084,2172.5,False
3.0,-29.0,25.29796768048348,13.858376497414802,7405.0,False
8.0,-20.0,22.250485684695242,14.483824515969747,2862.5,False
-4.0,-33.0,23.528357606570275,15.553013702459822,2402.5,False
21.0,21.0,25.79563219114491,17.440113718197942,1712.5,False
13.0,12.0,24.63694710517831,13.582798487312557,1712.5,False
16.0,-7.0,22.495388627677354,16.443427935330654,2057.5,False
-11.0,20.0,23.231871708998344,14.883833877792151,2287.5,False
9.0,-12.0,25.186423913540317,16.639797096227927,2402.5,False
-9.0,21.0,23.201040223528597,15.956037792534463,2862.5,False
-17.0,-23.0,25.10193324130743,14.487397261518531,1770.0,False
33.0,25.0,23.453045298128572,13.896651739603438,1597.5,False
22.0,-16.0,22.973295837471863,15.087531209990082,1942.5,False
-34.0,19.0,23.474969125719603,14.46943094755758,1712.5,False
15.0,-2.0,22.720487763119138,16.343146938013096,2000.0,False
14.0,-12.0,24.522206160823067,16.432918065496224,2115.0,False
11.0,-30.0,22.76675689942945,15.995573676667558,2920.0,False
-27.0,20.0,24.388390380025516,16.498889893016333,1885.0,False
5.0,-26.0,24.937153804331345,16.173252826699645,6255.0,False
24.0,13.0,24.301789423903635,16.905513423535535,1770.0,False
-22.0,16.0,24.89355285587912,17.26189387114344,1942.5,False
-26.0,25.0,24.21616659722218,15.257807858162957,1827.5,False
-9.0,3.0,24.36731244652111,15.133476133515291,2057.5,False
9.0,-30.0,23.014639926643486,15.177720162559805,3150.0,False
-6.0,5.0,22.236714693682337,16.94152823676689,2632.5,False
18.0,-13.0,23.187006628883353,15.493883540256553,2000.0,False
29.0,-6.0,22.033780798279988,13.986532945387186,1770.0,False
13.0,33.0,23.3931568562118,13.82995286187505,1712.5,False
5.0,8.0,25.14570350313388,16.24562834698142,2402.5,False
-17.0,20.0,25.865493065454608,15.52835937004663,1942.5,False
31.0,11.0,23.8401294728243,14.200813980374793,1655.0,False
-27.0,-20.0,24.011859265035973,17.122228291532974,1712.5,False
-10.0,4.0,25.852507611196536,14.752448627194992,1942.5,False
-19.0,-8.0,23.586621015942413,14.644766849104718,1712.5,False
-33.0,29.0,25.150793752235245,16.58570533857248,2000.0,False
23.0,-9.0,23.25774287350498,13.87890916114187,1827.5,False
23.0,-19.0,25.010061731431616,17.42055519249579,2057.5,False
-25.0,-9.0,22.992499593291015,14.317758932663336,1597.5,False
-14.0,-18.0,25.849097756876553,14.38606648259796,1827.5,False
31.0,25.0,22.87467334411626,13.830776564436094,1597.5,False
5.0,31.0,22.00293900658216,16.36231133656724,2230.0,False
-7.0,14.0,24.39747577648412,16.035136832474027,2690.0,False
-32.0,-10.0,25.216820887259317,15.652260251812923,1597.5,False
-23.0,33.0,25.132132844069876,17.19483306158571,2402.5,False
4.0,3.0,22.506814375652162,13.76670423138711,2517.5,False
32.0,-3.0,22.95866486309442,17.193168503878432,1885.0,False
-16.0,-28.0,22.17344513202194,17.122192862675686,1942.5,False
27.0,14.0,22.635784368923353,14.775096293139857,1712.5,False
-8.0,7.0,22.830703468764227,16.371893512022126,2345.0,False
-9.0,-34.0,25.69460036152385,13.853070058984223,2230.0,False
-21.0,13.0,24.256389269356095,16.582754635731195,1885.0,False
0.0,-33.0,23.20437090489111,14.082806792960161,3207.5,False
15.0,20.0,25.173924389250345,15.014289434627756,1712.5,False
24.0,-2.0,24.46308861163242,14.01873646881029,1712.5,False
-3.0,16.0,25.491852483344598,13.839760125080934,5565.0,False
-10.0,10.0,24.01990705098528,16.800445405291438,2230.0,False
9.0,-3.0,22.595220764928435,16.79307073621377,2230.0,False
15.0,31.0,23.309077730493932,17.334558780119984,1770.0,False
-5.0,27.0,22.147351245237978,14.455641286023162,6255.0,False
23.0,14.0,25.951192279713464,16.031292081334108,1712.5,False
29.0,8.0,25.194609545480233,16.130612169021006,1712.5,False
-27.0,-15.0,23.416767837122826,14.859217385031645,1597.5,False
11.0,-25.0,25.05658456922684,14.77158101803236,2287.5,False
18.0,22.0,23.24644834075741,14.107856723524264,1655.0,False
-4.0,-24.0,25.697528685541133,17.28640210237115,2460.0,False
27.0,2.0,24.31579520844605,14.136013290193372,1712.5,False
-8.0,0.0,24.463477807018023,13.714104852277336,2057.5,False
-26.0,-2.0,24.946560511135754,13.635295607378495,1597.5,False
9.0,14.0,25.586019557086892,15.757426032240462,1942.5,False
25.0,-18.0,24.892407829207105,15.916194753551597,1942.5,False
35.0,-29.0,23.410934404468847,14.449480859122458,1885.0,False
-19.0,-23.0,23.357679351387592,15.743396266272118,1770.0,False
-12.0,20.0,25.48167058897784,13.559886193063324,1942.5,False
-33.0,15.0,24.25248052741393,17.347887042075346,1885.0,False
-3.0,-17.0,24.240687904925693,16.846820154284057,2632.5,False
-9.0,3.0,22.29475909214227,15.253660089390339,2115.0,False
-25.0,22.0,22.49885186592111,13.50215654124582,1770.0,False
-29.0,-21.0,25.905706202939495,14.647971881280771,1597.5,False
27.0,6.0,23.961633180740534,15.498791618504622,1770.0,False
2.0,-17.0,22.825467447294226,14.501617445336503,5967.5,False
15.0,4.0,22.079039767380173,15.729459943596014,1885.0,False
-30.0,25.0,24.23900228869941,14.899105954629018,1770.0,False
-3.0,-2.0,23.56710396813914,16.163815513843435,3150.0,False
33.0,23.0,25.330664168876314,15.802236726708536,1655.0,False
11.0,-19.0,24.225775186151058,13.604421923849667,2115.0,False
-8.0,28.0,23.216710709056507,17.189380683472564,4472.5,False
8.0,14.0,24.313176484707416,15.838930013842122,2057.5,False
-30.0,0.0,22.033426033514534,15.957414856960545,1712.5,False
15.0,-25.0,23.14588526938455,13.82138825018497,2057.5,False
1.0,-30.0,22.998183908716324,16.66721324038813,3322.5,False
31.0,-13.0,22.59224062962481,16.596011739025524,1942.5,False
34.0,33.0,22.79995919844442,16.78517135520708,1655.0,False
18.0,-34.0,24.324302412711436,16.575470374101506,2287.5,False
-18.0,0.0,23.76830062982838,14.07859465856864,1712.5,False
-1.0,-1.0,22.905234001103928,15.881601526548693,4932.5,False
32.0,23.0,24.33711849157003,13.786921502057773,1597.5,False
-3.0,-26.0,24.91366764971321,13.739982159888104,2575.0,False
-18.0,34.0,24.809564368391364,17.0045984226805,2230.0,False
-15.0,-15.0,24.376767518319333,15.024658821260982,1827.5,False
7.0,-32.0,22.992581326137532,13.882618585147073,3437.5,False
7.0,-17.0,22.530275716493495,13.752224928848245,2690.0,False
-10.0,-13.0,25.691629745395453,13.987504915708067,2000.0,False
30.0,-21.0,24.398764346796593,15.296657558160803,1885.0,False
-23.0,-32.0,22.805750448571132,17.00332318767188,1770.0,False
-5.0,26.0,25.06150739503827,15.543563882794356,5507.5,False
25.0,-4.0,24.124143805776388,15.434145421641114,1827.5,False
24.0,-2.0,24.15376027498101,16.14041779198928,1827.5,False
5.0,-34.0,23.0693758833649,16.380665275133534,5622.5,False
-18.0,-34.0,24.13207350203241,16.822337526127516,1827.5,False
-9.0,-34.0,22.50280306847741,15.742534770953998,2172.5,False
-10.0,-16.0,22.73461480034482,17.42274095975618,2172.5,False
-24.0,15.0,24.371429958269115,16.87467484082009,1885.0,False
2.0,-33.0,22.538183227072103,16.96334641606797,3667.5,False
11.0,-32.0,23.125786748481616,16.573631846590462,3092.5,False
20.0,28.0,22.30779296114904,16.498463406822413,1655.0,False
12.0,-15.0,22.41134561109806,15.163043877624137,2287.5,False
4.0,27.0,22.025653650841566,14.169715565067742,2345.0,False
10.0,10.0,22.213171671409356,16.522228800200814,1942.5,False
-7.0,20.0,24.493208305805958,14.912735482337714,2805.0,False
10.0,-1.0,23.405253114505815,16.08640325060221,2057.5,False
-29.0,22.0,25.860906468638525,14.50187519461561,1712.5,False
-11.0,-14.0,24.236368519556642,15.318517880124013,2000.0,False
-20.0,-23.0,23.43117530771113,13.690166173824215,1655.0,False
-3.0,-31.0,24.64073565306251,16.62549911379817,2517.5,False
-34.0,-11.0,23.918076571998974,16.93956325944331,1655.0,False
3.0,34.0,23.145553288958883,16.486018706843044,2402.5,False
-35.0,8.0,22.469772864295493,15.688615470010227,1770.0,False
19.0,-18.0,24.090813993345446,15.945835686908653,2057.5,False
-27.0,-34.0,23.635005346991196,16.092056197583936,1655.0,False
-13.0,17.0,24.457505458109924,14.320731292862751,2000.0,False
-23.0,18.0,23.36818444136896,17.20364771822018,2000.0,False
12.0,-6.0,22.14268049359152,17.4148398021699,2287.5,False
-34.0,-18.0,22.68941179533435,15.529778985427537,1597.5,False
-17.0,25.0,25.99299115203904,16.648983421738322,2057.5,False
-16.0,34.0,25.501601010910043,15.241291828266453,2057.5,False
-19.0,2.0,24.912152753088044,13.580730580680314,1655.0,False
-3.0,2.0,25.84179833704198,16.5052416020227,3150.0,False
4.0,14.0,22.09656612081513,14.977796546946136,2632.5,False
6.0,16.0,22.637445335137485,14.333105901784586,2230.0,False
3.0,31.0,24.144116311686098,15.936152535894454,2345.0,False
35.0,-18.0,23.59437102602649,16.363175280222713,1942.5,False
20.0,29.0,23.234820161719405,15.21371342444378,1655.0,False
-29.0,31.0,25.09591958224204,17.30518737495138,3552.5,False
-31.0,-14.0,23.73406178480103,15.802905864799307,1597.5,False
23.0,-33.0,25.778904235840333,14.519100083539739,2057.5,False
-21.0,-4.0,25.78290649833537,14.657783168440734,1655.0,False
28.0,-4.0,22.167316773478092,16.965217969451306,1942.5,False
2.0,7.0,25.353904483867094,14.569338847575118,3265.0,False
-31.0,7.0,24.445037658885127,13.58217925022453,1597.5,False
-6.0,15.0,23.284644900072013,15.484981066947103,3150.0,False
12.0,-16.0,23.66388652364959,16.329029567256946,2345.0,False
24.0,-17.0,23.310551171090808,16.359264731852093,2000.0,False
32.0,8.0,22.65461372886553,14.351416949026705,1712.5,False
13.0,-24.0,23.573547574407023,16.82113474349253,2575.0,False
34.0,29.0,24.609209596588038,14.711241850838665,1597.5,False
-15.0,-4.0,24.55520020267841,17.176692134623615,1885.0,False
-34.0,27.0,23.256048350118736,15.802840709664476,1885.0,False
-32.0,22.0,23.667326977590562,14.568286429368918,1770.0,False
-6.0,16.0,25.314869229324025,13.713314880601231,2517.5,False
14.0,14.0,25.000501293595427,15.356490517321788,1770.0,False
22.0,-11.0,22.172590117974902,17.217389042823413,2115.0,False
8.0,-27.0,24.34240364043894,15.171654965975858,3035.0,False
-18.0,-18.0,24.77684326780678,16.432788343301116,1827.5,False
27.0,9.0,25.013810839228622,15.307201747153233,1712.5,False
-26.0,26.0,24.286662823990635,16.537641065162724,1942.5,False
-23.0,6.0,25.440304392279405,14.85681792270728,1655.0,False
13.0,-23.0,24.47623753021801,13.686498876743661,2057.5,False
-5.0,-30.0,25.586863364763854,15.970152424931898,2287.5,False
32.0,-31.0,25.740449127888915,15.518597024628797,3322.5,False
34.0,-12.0,24.29648702192501,15.383345845250165,1827.5,False
-34.0,23.0,23.40582551395267,14.619223274962058,1770.0,False
-27.0,20.0,24.183486171097144,15.827980427551077,1827.5,False
26.0,26.0,23.812149306260373,14.47245482205539,1597.5,False
-20.0,-6.0,22.01287549808602,16.997302024349285,1827.5,False
-23.0,-8.0,23.04281722951945,13.879314551093415,1597.5,False
-5.0,-5.0,25.889431430352648,13.977557844270864,2402.5,False
5.0,3.0,25.074402879343424,16.032659391318433,2402.5,False
-29.0,3.0,22.582546261570414,16.941346374846344,1770.0,False
28.0,-29.0,24.10489301497167,14.017324108246145,1942.5,False
16.0,10.0,23.719979818249747,15.348062135593707,1770.0,False
-24.0,10.0,22.564795048790742,16.94982424089821,1885.0,False
21.0,-13.0,25.562887984747118,15.209557919517867,1885.0,False
4.0,9.0,23.450912546622057,14.27999550585086,2575.0,False
24.0,-29.0,25.761147079388813,14.979595014409345,1885.0,False
-6.0,-17.0,22.794140061492765,16.098794106762302,2517.5,False
-4.0,-25.0,23.56381106106486,15.584836600429252,2402.5,False
-0.0,-17.0,22.52894524016663,15.860050605787876,3265.0,False
-14.0,-33.0,24.67195608712109,15.705339469120624,1942.5,False
-4.0,18.0,24.96289579434932,13.62366196962644,3782.5,False
21.0,-7.0,25.471236598415324,15.575688991929157,1885.0,False
-22.0,11.0,25.50444892744657,17.089215740976698,1827.5,False
14.0,-22.0,22.69404144649592,16.078923920096745,2402.5,False
7.0,12.0,25.50773116286937,16.52971533165758,2172.5,False
-32.0,-2.0,23.30301921711353,16.42466702633199,1655.0,False
22.0,11.0,24.584160200865345,16.509776965126722,1770.0,False
-1.0,6.0,22.416814922550472,13.842505050953454,10050.0,False
-12.0,-15.0,24.260285509705177,14.077579723918602,1885.0,False
21.0,10.0,25.092192135174443,16.087760908976115,1770.0,False
-29.0,26.0,24.094513217626584,13.798784052550776,1712.5,False
32.0,9.0,25.210603756622877,16.526958264503868,1770.0,False
6.0,-3.0,23.1816264254214,16.66949967126376,2460.0,False
22.0,-27.0,23.587103976996673,16.885756111575667,2172.5,False
-25.0,-29.0,25.268415119884285,14.081164972469761,1597.5,False
16.0,-26.0,23.90150820420484,16.942118208103846,2345.0,False
-22.0,-6.0,22.000754102211072,15.505156464858732,1712.5,False
-24.0,10.0,25.55083307278735,15.171273692706205,1712.5,False
27.0,34.0,22.55633493770537,13.798716131918852,1597.5,False
32.0,12.0,23.125186988627537,13.97476087177699,1655.0,False
32.0,-14.0,23.646368463270562,15.850725146812279,1885.0,False
24.0,-21.0,22.682674355669363,17.403297235157865,2172.5,False
10.0,-25.0,25.04842064854705,17.314241084635807,2920.0,False
-7.0,5.0,25.888676375455287,16.185962494278343,2287.5,False
22.0,3.0,25.59331274238451,15.621057228470336,1770.0,False
-1.0,-26.0,25.99830477667886,16.371138940727956,2977.5,False
-9.0,33.0,23.419538661343545,14.595345499788367,2920.0,False
-30.0,3.0,25.087546794899048,13.608817647822182,1597.5,False
-29.0,29.0,25.61166452060423,15.32357314388719,1770.0,False
8.0,16.0,24.21621535630903,14.28424187406358,2000.0,False
-10.0,17.0,23.241787551931576,16.314916701080207,2517.5,False
-33.0,-12.0,22.049970237405255,15.128219588828822,1597.5,False
-11.0,2.0,23.379960476086346,16.378280864863374,2057.5,False
-0.0,-10.0,24.4398746827169,16.42962303391897,3840.0,False
32.0,29.0,25.928696379724286,16.8341955055315,1655.0,False
-21.0,14.0,24.64612394978688,14.003463225470416,1712.5,False
11.0,3.0,25.964288907529763,14.296932442049743,1827.5,False
18.0,-35.0,24.71575897485499,13.51518378829365,1942.5,False
-13.0,-3.0,23.55076444522561,13.509279516871015,1827.5,False
29.0,-20.0,23.152709688792605,16.895679224185553,2057.5,False
17.0,24.0,22.17625236334168,14.59744744318101,1655.0,False
-24.0,34.0,23.320752728243647,13.735435051965542,1942.5,False
26.0,-20.0,25.98352852180639,17.15157880333952,2000.0,False
9.0,-18.0,22.5909350763793,15.459391386729527,2747.5,False
0.0,-1.0,22.2421027084038,16.053801744546984,8267.5,False
-1.0,-3.0,23.999149846918623,15.613628252735383,4357.5,False
25.0,9.0,22.252377794746046,16.265802163574016,1770.0,False
-11.0,-16.0,25.293068368599588,15.75315514669636,2000.0,False
33.0,30.0,23.110244030564644,16.123434449768602,1655.0,False
-7.0,13.0,24.019993706981793,16.216073651910968,2690.0,False
16.0,28.0,24.59824242437478,15.258442388533242,1655.0,False
14.0,27.0,24.386445883510085,16.509984847377602,1770.0,False
2.0,-27.0,23.135862643150453,17.35979510207993,3840.0,False
-5.0,7.0,23.72318932220046,16.86473757655132,2805.0,False
-3.0,13.0,23.58842542583239,14.972676905000927,9647.5,False
-26.0,-2.0,22.816817892483712,15.59044381189963,1655.0,False
21.0,-8.0,23.02256887081337,15.052382781442708,1885.0,False
7.0,-8.0,25.394381054783217,14.990364325057508,2287.5,False
-11.0,-31.0,22.960740745797644,15.872416320841777,2172.5,False
16.0,14.0,24.104473181243492,16.34902159568648,1770.0,False
-7.0,32.0,22.889663612039122,16.435708909946865,4990.0,False
-24.0,-5.0,25.38374712960379,16.631464223465084,1712.5,False
-3.0,7.0,24.763696729615752,16.932151421027033,3840.0,False
-22.0,-28.0,22.350278734526068,17.07712136418534,1770.0,False
-12.0,25.0,25.182664307782744,14.48855570981236,2115.0,False
-29.0,3.0,25.40191166529072,15.850271404541118,1655.0,False
4.0,27.0,24.718039906848325,15.850425627058659,2402.5,False
-30.0,-3.0,24.235668917700483,16.833129255702612,1655.0,False
-21.0,24.0,24.985805615498446,17.482977837277303,2230.0,False
-8.0,-25.0,25.56314676985471,14.44413959301357,2287.5,False
32.0,30.0,24.471483219546784,15.379164370822986,1597.5,False
20.0,-14.0,23.88423219375706,15.593571470874036,1942.5,False
3.0,7.0,22.044196276397617,15.52094485307327,2920.0,False
18.0,13.0,25.691969401950836,16.87577599323345,1770.0,False
-1.0,10.0,22.89766608163061,16.46038341432067,4875.0,False
-23.0,-5.0,25.850408921990727,14.257235792546568,1597.5,False
-1.0,17.0,24.091620665293306,15.624467528689248,4357.5,False
-34.0,6.0,24.52811018206413,15.788458757943836,1712.5,False
28.0,32.0,24.40393380700578,16.93860459892354,1655.0,False
-19.0,-25.0,22.46615223424116,14.757324000241645,1770.0,False
3.0,-13.0,23.18247004568478,14.618552529575368,9360.0,False
-4.0,27.0,23.625453495455016,14.438162671003823,6945.0,False
-25.0,-2.0,22.01793799954022,15.671371972468053,1712.5,False
0.0,-16.0,25.72953319192776,15.994787982435431,3610.0,False
-13.0,-33.0,23.805912608749313,15.315610841787514,2000.0,False
-30.0,31.0,23.468669098081268,13.764841787449857,1885.0,False
4.0,3.0,24.549469144130217,14.753537634757341,2575.0,False
32.0,5.0,24.725537843399053,16.168387079196712,1770.0,False
18.0,9.0,25.55536535352298,17.46082087409701,1827.5,False
10.0,25.0,24.641304009349838,15.926899257980521,1942.5,False
3.0,-28.0,23.273971515792347,14.602625121595487,6197.5,False
-31.0,-13.0,22.660462734274592,14.932767842864926,1597.5,False
6.0,-32.0,23.648837611310626,17.1557588827485,5507.5,False
-14.0,-21.0,25.3220460064027,13.646889092418178,1827.5,False
-34.0,31.0,24.007120021923495,15.343329145463702,3207.5,False
21.0,-18.0,24.218648991371296,14.456323764462102,1885.0,False
8.0,33.0,22.361471309863145,16.057754370783037,2115.0,False
-21.0,12.0,22.389622201676623,15.780798232739395,1885.0,False
26.0,18.0,23.863381941906155,13.97660866364618,1655.0,False
-30.0,-2.0,25.6310632784226,14.512711817718298,1597.5,False
24.0,-18.0,24.75167119138476,17.1349861319155,2000.0,False
-20.0,-18.0,25.057329001825984,16.668518000984218,1770.0,False
5.0,-22.0,22.12820108971453,14.717925247589047,6427.5,False
-22.0,-12.0,22.730955300250667,15.961112653484111,1712.5,False
-19.0,0.0,24.48936481308933,15.904437297717276,1770.0,False
25.0,-29.0,24.541779883344212,16.773964132496683,3782.5,False
-18.0,-33.0,22.99061004293164,14.559286425636937,1770.0,False
29.0,-29.0,25.660363300205397,15.137510781526597,2057.5,False
26.0,-13.0,23.391181559827885,14.975483667421255,1885.0,False
7.0,-4.0,24.922664805801993,15.305620066089745,2230.0,False
20.0,30.0,23.921878010482047,16.611813932346234,1655.0,False
-21.0,-16.0,23.262682889368453,13.548990635453869,1655.0,False
2.0,29.0,25.84373565449259,13.661064050747811,2632.5,False
-11.0,-8.0,24.274112857755508,17.438002428055466,2057.5,False
23.0,-19.0,24.701583993850345,15.536429135272531,1942.5,False
28.0,29.0,22.54837312095693,17.406052752939004,1655.0,False
33.0,-0.0,25.462838505307214,15.240603318312115,1712.5,False
-29.0,33.0,22.155903565312812,15.99571089733111,3322.5,False
-15.0,-30.0,22.4208910274232,14.977496689854702,1885.0,False
27.0,-22.0,24.141334008988338,16.397245079552885,2000.0,False
15.0,33.0,22.204161318938414,14.180604717490903,1655.0,False
-24.0,-27.0,23.22750309392938,14.87656846614522,1655.0,False
25.0,18.0,24.53734474577323,14.319973739593593,1655.0,False
9.0,2.0,24.680219505804953,16.412350902924814,2057.5,False
-11.0,1.0,22.2712329036366,15.235207223820861,2000.0,False
16.0,16.0,25.387678057898476,13.590662016781632,1655.0,False
-10.0,27.0,24.084076764369435,16.360673204727554,2862.5,False
-6.0,-3.0,23.38771626177906,16.912374076515384,2460.0,False
-23.0,33.0,24.99880455427185,15.769498959032514,2000.0,False
33.0,4.0,22.770896105780412,15.55208482953651,1770.0,False
12.0,13.0,22.69944993463023,16.925687600464887,1827.5,False
1.0,-2.0,23.553540954168994,15.6115109604171,5450.0,False
-0.0,-32.0,23.947574857033256,15.914605463860774,3092.5,False
-22.0,23.0,22.891075672729578,16.666151530810176,2057.5,False
-9.0,14.0,23.65020892131609,13.943732959402624,2172.5,False
35.0,-5.0,22.837704005319065,16.632432399530256,1885.0,False
4.0,17.0,23.896896224940633,17.48474927627866,2632.5,False
25.0,-11.0,23.519474692258367,17.291409544274295,2000.0,False
31.0,2.0,25.854870052511753,17.287977753470365,1827.5,False
-1.0,2.0,22.371533715304217,17.475758276747506,7232.5,False
10.0,0.0,23.2333260466697,16.28932472172044,2057.5,False
-2.0,-21.0,22.37672918784099,16.344598721337587,2690.0,False
29.0,3.0,23.298882638050607,14.295527407735765,1712.5,False
-20.0,26.0,24.567713114071353,13.639150292194422,1827.5,False
-21.0,24.0,22.238881520257006,17.009819184216695,2287.5,False
5.0,6.0,23.567385603245597,16.17836523546339,2460.0,False
3.0,-25.0,24.51056861859726,13.719927925819364,8037.5,False
4.0,23.0,23.050998599990724,13.52349014250049,2460.0,False
23.0,15.0,25.534978216234602,16.85449184695904,1712.5,False
-2.0,-6.0,24.91771818358259,14.769379162047294,3437.5,False
-5.0,-34.0,25.568617273127522,13.991597640119558,2287.5,False
29.0,5.0,24.35695480682193,15.427529625404595,1770.0,False
-12.0,-20.0,24.46166958383905,15.617439441482368,2000.0,False
-28.0,17.0,25.215412874784445,15.628920764268196,1770.0,False
27.0,-7.0,22.44303043341684,16.47686422296018,1942.5,False
22.0,23.0,23.021477520075326,17.290674135403723,1712.5,False
-22.0,24.0,24.10113519089862,16.61998865006117,2230.0,False
-28.0,5.0,25.36856163598345,16.240319501577055,1712.5,False
-31.0,3.0,25.698595116264066,17.240928011685497,1712.5,False
-31.0,8.0,25.606274203314346,15.828775172091312,1712.5,False
-30.0,-2.0,24.71318508483092,16.985173661265605,1712.5,False
23.0,27.0,22.156783464624205,16.05280024475185,1655.0,False
32.0,19.0,23.399555802356375,16.8484487368377,1712.5,False
27.0,8.0,22.303405940602048,14.764207348272986,1712.5,False
-23.0,-20.0,25.42407901024961,16.813831608121884,1712.5,False
6.0,-8.0,23.869240013604387,16.156841340307277,2632.5,False
-3.0,2.0,24.220786278341844,16.316462748904655,3207.5,False
21.0,-0.0,25.218877593420295,14.53763914326808,1770.0,False
-33.0,-31.0,24.91315426564043,15.033726229004875,1597.5,False
-15.0,-28.0,22.70391734575544,14.168654183419124,1827.5,False
-2.0,8.0,24.469691840769432,15.545624781981807,11200.0,True
7.0,24.0,24.462340210852755,13.609658828447913,2115.0,False
16.0,-17.0,22.271156295590174,16.350189222232935,2287.5,False
-13.0,15.0,24.19133096430512,16.351138270234056,2172.5,False
-6.0,-24.0,25.755103632676544,15.761040285570083,2402.5,False
-34.0,-15.0,22.471045745886727,17.28419916943686,1712.5,False
27.0,23.0,25.382230627589195,15.296485653007734,1655.0,False
14.0,-35.0,24.2651803114071,15.148105290176812,2287.5,False
31.0,31.0,23.124806781549488,15.490362362506792,1597.5,False
9.0,-15.0,23.749482116216292,16.98731756651828,2747.5,False
5.0,10.0,24.241667426990084,17.0043753696208,2460.0,False
-24.0,26.0,23.61225876374351,14.264240433222806,2000.0,False
32.0,21.0,23.241652862225727,14.637936158272707,1655.0,False
-18.0,-4.0,22.67527314891086,14.314682190163403,1712.5,False
-26.0,-32.0,25.984408498523567,15.874361428182805,1655.0,False
33.0,-33.0,22.342761907331443,17.106149781994453,3207.5,False
23.0,-3.0,22.78841178101103,15.53001636481964,1885.0,False
17.0,-6.0,24.080476154789466,14.591894261947202,1885.0,False
-17.0,-33.0,24.10677293000632,14.369286505175056,1770.0,False
1.0,-0.0,24.155976388103717,14.068077258181663,4472.5,False
32.0,27.0,24.852785086740322,17.487583022600337,1712.5,False
22.0,21.0,23.521219368196835,17.328105922979,1712.5,False
11.0,3.0,25.749992412612315,16.922934407161584,1942.5,False
-3.0,-4.0,25.294185713796807,16.75416781702731,3150.0,False
-31.0,-27.0,24.28865779450864,16.228865764223308,1655.0,False
-8.0,-10.0,23.198980024730517,16.99264845961018,2287.5,False
-0.0,13.0,24.07527893841984,17.370020025422555,3380.0,False
-6.0,28.0,22.890012859830552,14.23342122670934,4357.5,False
-7.0,6.0,22.440749324517476,14.562322020807574,2287.5,False
31.0,-22.0,22.46234211730141,15.551461244368568,1942.5,False
20.0,-11.0,23.705870798882223,14.620166236144463,1885.0,False
-22.0,13.0,25.678944861992843,16.682969392232952,1827.5,False
23.0,4.0,24.258851904592092,14.100760780627686,1712.5,False
14.0,-19.0,23.768845910705952,15.131376941372473,2172.5,False
16.0,-1.0,25.78769044725165,15.470500433585212,1885.0,False
-29.0,15.0,23.254200611088322,16.02903954566312,1827.5,False
28.0,-15.0,23.891502200392,13.879171402595372,1770.0,False
8.0,-26.0,24.320649548764084,15.00821523271365,2920.0,False
-22.0,-35.0,22.091090993468534,13.73862332054306,1655.0,False
-16.0,29.0,22.09199235293242,14.211821050521282,2115.0,False
28.0,-14.0,24.963375027972507,14.064942763615113,1770.0,False
3.0,-30.0,25.64078197276138,14.46314698879091,7347.5,False
4.0,23.0,24.201142361627507,16.1572431951131,2460.0,False
-24.0,17.0,24.357565140039796,13.614900552003814,1712.5,False
9.0,9.0,22.07168433385258,16.378042541948272,2000.0,False
28.0,16.0,23.371901824344356,16.985658546370793,1712.5,False
8.0,4.0,25.52508712585802,15.736526621293708,2057.5,False
-7.0,-31.0,22.1012526701467,13.949091802594749,2172.5,False
5.0,15.0,23.51937751849843,15.536475911469953,2460.0,False
3.0,-17.0,24.692948931496076,15.49385765663321,9820.0,False
21.0,-16.0,24.389772517461058,13.736316212031015,1827.5,False
-16.0,27.0,22.470601654539255,14.242971786690537,2057.5,False
-12.0,-9.0,23.22044652659479,17.160119389241366,2057.5,False
31.0,-18.0,25.54932772057912,16.4571058837298,1885.0,False
-29.0,20.0,23.839080977406443,16.10267535001111,1827.5,False
-14.0,21.0,23.528424095439462,15.357356570916817,2172.5,False
11.0,5.0,25.993805285305324,15.139231881159482,1827.5,False
0.0,-20.0,23.625763048472113,13.686028872543922,3495.0,False
30.0,19.0,24.46251538620548,15.606231903735342,1655.0,False
33.0,2.0,25.637944915008276,14.14598288358896,1712.5,False
10.0,-28.0,23.902329042079597,17.324859485001994,3322.5,False
-4.0,-6.0,24.309443188656708,15.224731335360264,2805.0,False
-17.0,26.0,25.740790786378213,17.10467874897369,2115.0,False
12.0,-13.0,25.071737814118862,14.173326279359479,2000.0,False
-10.0,-22.0,25.153555485860768,14.101371902148376,2000.0,False
14.0,8.0,24.4621969891992,13.825160525293517,1770.0,False
9.0,-18.0,25.943545431756203,16.869666773650664,2632.5,False
3.0,11.0,25.284553912541885,14.84530328081094,2862.5,False
-23.0,6.0,25.366719552581092,16.397450143230436,1770.0,False
10.0,-11.0,22.82253633946015,17.279906170867118,2517.5,False
9.0,19.0,22.198512922026193,14.021429702936274,1942.5,False
11.0,-23.0,22.065949433492207,14.03650262911996,2402.5,False
-25.0,-34.0,23.151611164715437,17.092572000613277,1770.0,False
10.0,-15.0,25.03447262439925,13.635394909010486,2115.0,False
5.0,8.0,23.769299197074787,16.22713436848052,2460.0,False
-11.0,34.0,23.972935994493863,16.419462248088664,2920.0,False
29.0,-21.0,22.622825940206184,14.304248725114093,1885.0,False
31.0,25.0,25.15200101791194,15.225889864357104,1655.0,False
-26.0,-6.0,23.06359761629813,16.325369985967416,1712.5,False
9.0,-34.0,25.384207001504162,14.596887116373509,2632.5,False
-23.0,-27.0,24.60634705458368,15.94654947707959,1712.5,False
22.0,19.0,25.04518528796716,15.085666587572188,1655.0,False
-20.0,-18.0,23.57492845854331,14.661484724323824,1712.5,False
22.0,-25.0,22.333371456387724,14.591298837596367,2000.0,False
-17.0,-2.0,22.242305864231557,15.025684754862587,1770.0,False
11.0,33.0,25.139374497213993,17.22970149343298,1942.5,False
17.0,14.0,24.076693013706265,16.15406661338445,1770.0,False
11.0,13.0,22.281187025193987,15.985603822238929,1827.5,False
23.0,-10.0,22.229483905617737,15.604847603710033,1942.5,False
-8.0,25.0,25.24624150724991,15.91834650943814,2977.5,False
32.0,-31.0,22.28529315977495,14.66593663868114,3265.0,False
-1.0,28.0,23.095761783030646,15.533017496282408,3667.5,False
-14.0,-0.0,24.004484647174134,15.186990114439276,1827.5,False
-24.0,4.0,24.0658818230651,14.029712565416036,1655.0,False
8.0,-6.0,23.626291608035686,15.481807604901658,2287.5,False
22.0,-27.0,23.371911475253224,16.038611725884827,2115.0,False
-0.0,-4.0,25.732461034253493,15.458318518996828,5335.0,False
28.0,8.0,22.023116680228583,16.845843517358777,1827.5,False
30.0,-8.0,23.092978479070062,16.999549401851745,1942.5,False
-10.0,-26.0,25.386515379532906,15.535596328024853,2115.0,False
-14.0,2.0,24.134306660373863,16.86103694097757,1942.5,False
-27.0,17.0,23.809493580863112,15.450734265768514,1827.5,False
8.0,4.0,25.053658645452316,16.28027371271664,2057.5,False
5.0,-31.0,25.5222418921841,15.701491035155586,5450.0,False
5.0,34.0,23.671475513813164,17.379934588258646,2230.0,False
-14.0,13.0,22.949756314252916,15.002551495589383,2000.0,False
-34.0,-8.0,23.991154805498997,15.663780072555385,1597.5,False
9.0,23.0,22.30261949477211,14.632549768246815,2000.0,False
-9.0,1.0,25.704426120840285,15.927200981499995,2115.0,False
11.0,31.0,23.329272933319185,14.450486173157675,1827.5,False
-8.0,35.0,24.705142180825533,15.846120828987015,3495.0,False
-6.0,31.0,23.21383787847634,15.760282274424924,5392.5,False
-26.0,18.0,24.67507129225394,16.397057421530953,1827.5,False
13.0,-6.0,25.97354552039397,15.265371030499846,1942.5,False
-29.0,-6.0,24.478835915809015,14.557879117766607,1597.5,False
-26.0,-9.0,24.018501573412955,15.203085996583523,1655.0,False
21.0,14.0,23.94763496335382,15.562679686390616,1712.5,False
-10.0,-23.0,22.315530029591216,15.982153509866373,2172.5,False
-13.0,-0.0,23.023352097792685,13.511947491226408,1827.5,False
13.0,10.0,23.62176504965174,13.98973313940128,1770.0,False
33.0,-9.0,22.527890627903798,15.587290917213826,1885.0,False
33.0,-17.0,22.889499869912814,16.285425030077597,1942.5,False
2.0,-32.0,23.217809339254472,15.974024066468004,4070.0,False
-25.0,20.0,24.78863163601281,17.122407329451498,1942.5,False
-10.0,16.0,25.43870035165856,17.319075311136597,2402.5,False
-8.0,-9.0,23.530098715358374,15.688772296219867,2230.0,False
-24.0,-13.0,23.847720923906945,14.95910156657606,1655.0,False
22.0,-20.0,24.441945634840852,14.832218124264267,1885.0,False
23.0,-8.0,22.87732789683607,15.610370579727004,1885.0,False
22.0,22.0,23.39094183541473,15.457356476534217,1655.0,False
-12.0,-10.0,24.02809084175116,14.960364194438265,1942.5,False
29.0,-4.0,23.330756737343247,16.86905614506854,1885.0,False
-21.0,-17.0,23.06122898348567,16.005731751891073,1770.0,False
-21.0,11.0,23.820835477263103,15.819005028707279,1827.5,False
22.0,11.0,24.262383254917005,14.080560005527325,1712.5,False
10.0,29.0,23.52941431036357,16.806881483492823,2000.0,False
3.0,-22.0,23.797771530126806,17.151853702020937,5450.0,False
-18.0,6.0,24.58484494862688,15.157896432479856,1770.0,False
-10.0,-24.0,24.78167985963579,14.558618247807484,2057.5,False
-5.0,-33.0,24.19722888721301,17.197747532244495,2287.5,False
31.0,-35.0,22.20766170612731,15.419067737190609,3150.0,False
-27.0,-16.0,22.093585612417932,17.41659947755224,1770.0,False
23.0,-3.0,25.368542889630394,15.11413144534625,1770.0,False
-25.0,-24.0,22.90558496292736,14.316017981775062,1655.0,False
19.0,-16.0,24.7678611056394,16.017368465152764,2000.0,False
12.0,-7.0,22.017431764201415,16.136977730875586,2172.5,False
-3.0,-7.0,23.503343771324026,14.27937063817852,3092.5,False
30.0,23.0,25.286551860369503,14.758960854181897,1655.0,False
-2.0,-29.0,23.802333956271895,15.323695801039065,2690.0,False
11.0,1.0,23.334238089349892,16.271420027809732,2000.0,False
-32.0,19.0,22.157994461842232,16.968580529139096,1942.5,False
17.0,-16.0,23.95444083766662,14.859152865367784,2000.0,False
-1.0,-30.0,25.806319510516825,14.341659052289183,3035.0,False
17.0,17.0,22.902774218103854,15.727703271801976,1712.5,False
-16.0,27.0,24.228090865567857,16.586411052347398,2230.0,False
-18.0,-18.0,22.473580484780616,16.65522524679048,1827.5,False
-19.0,-13.0,25.00397965241035,15.216213507031176,1712.5,False
-27.0,26.0,22.4600436677397,16.7569249548251,2000.0,False
12.0,10.0,22.95061269194502,16.05520967197111,1827.5,False
8.0,-18.0,22.643902946616027,15.953445740340038,3092.5,False
-30.0,10.0,24.177328941281882,16.290368324933524,1770.0,False
-30.0,20.0,25.82350780240335,15.271867323598252,1712.5,False
22.0,-19.0,23.88244470820468,15.631484949788808,2000.0,False
-24.0,32.0,22.21218553999088,15.749090859302578,2172.5,False
11.0,-23.0,23.469424186289427,13.67050685979165,2230.0,False
8.0,-32.0,23.097806503979264,16.233190502423035,4012.5,False
13.0,7.0,23.719260281501366,15.306976527377262,1827.5,False
-1.0,-10.0,23.995284584765667,15.49825534878811,3265.0,False
3.0,13.0,22.8837553769416,14.517269273959057,2862.5,False
14.0,-10.0,25.1078553277837,16.793194457011293,2115.0,False
16.0,-7.0,23.45884147616794,13.864306794745515,1885.0,False
-26.0,33.0,25.101238047812164,13.952884438471367,3437.5,False
-28.0,19.0,22.440473638316845,14.29185148492503,1770.0,False
-4.0,-9.0,23.20856965598903,14.637872981961202,2805.0,False
22.0,-17.0,24.530163605793227,14.88016588545953,1885.0,False
14.0,11.0,24.16226642249863,14.442418820505804,1770.0,False
9.0,-18.0,25.839249503425705,16.05840161725608,2460.0,False
-8.0,32.0,25.248658061122352,15.37555074991262,3092.5,False
10.0,33.0,24.189317904988414,16.358798293137987,2000.0,False
-27.0,-24.0,24.825861623717568,16.340020293795458,1655.0,False
30.0,10.0,22.6248195882186,14.11298375035215,1655.0,False
-8.0,27.0,22.852350389182874,16.970963792965822,4472.5,False
-4.0,-3.0,22.993375774985093,17.20373630379692,2920.0,False
5.0,18.0,22.043636922295573,15.390032461367806,2460.0,False
22.0,-10.0,22.83013315626677,13.692984505878616,1827.5,False
1.0,8.0,24.701881269717546,17.482199070689255,3610.0,False
8.0,14.0,23.603603336277818,15.012367273941594,2057.5,False
20.0,-24.0,25.312015329791727,15.324368503902862,1942.5,False
-10.0,6.0,25.970416319523395,15.451118561861849,2000.0,False
-27.0,-32.0,22.743865307871342,16.055088795554195,1712.5,False
-18.0,14.0,24.818722816511784,13.94425117910785,1770.0,False
-20.0,-2.0,24.016085002738286,16.91563250336602,1770.0,False
24.0,23.0,25.84628296989339,16.472430859538456,1712.5,False
15.0,9.0,23.01993538011765,15.900382635969835,1827.5,False
-33.0,25.0,24.653362978055036,17.063246462601104,1885.0,False
22.0,-21.0,23.375655820986765,17.104201521361233,2172.5,False
27.0,4.0,23.694238062584034,16.325141528065643,1827.5,False
-33.0,3.0,23.32135585348302,13.512782602710395,1597.5,False
-4.0,14.0,24.297390869123348,16.871675502020405,7347.5,False
24.0,-33.0,25.870629714483464,13.766988755228144,2000.0,False
1.0,-25.0,22.471596480449932,14.901907403468371,3667.5,False
-27.0,-6.0,23.82624827143985,16.51586092960093,1655.0,False
-9.0,-9.0,23.041638090145526,16.744909266984845,2172.5,False
-10.0,16.0,23.569137232055,14.362121095765197,2172.5,False
18.0,19.0,23.76482356346535,16.63300978581996,1712.5,False
-17.0,30.0,25.161512308168675,17.349590676109052,2230.0,False
-5.0,9.0,23.323924471846844,14.88050371203105,2690.0,False
-11.0,-15.0,24.54836229233688,16.98989045825702,2057.5,False
19.0,-17.0,25.232533967990456,15.889544679362338,2000.0,False
-3.0,-27.0,22.10252024802702,14.082001180623383,2460.0,False
-4.0,31.0,22.91825966238666,13.619177841430824,6312.5,False
19.0,15.0,25.200943582135768,14.148735149249903,1655.0,False
-22.0,16.0,24.793932932910007,16.586332183862087,1885.0,False
-10.0,-18.0,25.105134204075167,16.0996248852522,2115.0,False
29.0,25.0,25.737946681866077,13.682075261992354,1597.5,False
35.0,2.0,22.06427324370441,15.540835790700697,1770.0,False
34.0,-29.0,22.153159575668475,16.204593945191395,2057.5,False
-4.0,-28.0,25.657552250019016,15.486034401836289,2402.5,False
-15.0,32.0,23.995932560859096,14.05247958807753,2057.5,False
28.0,-26.0,25.848217296476722,14.246518333811398,1770.0,False
-20.0,-23.0,23.40597286560552,14.794992168951772,1712.5,False
-23.0,-28.0,23.146919996809494,13.537654117200319,1655.0,False
34.0,-31.0,24.044984869625452,15.02249040507321,3207.5,False
14.0,13.0,24.73674780237058,13.653732524687364,1712.5,False
8.0,6.0,22.792244263781924,17.416923002201123,2115.0,False
-4.0,-4.0,23.480575533542122,16.679821483951173,2862.5,False
-3.0,-2.0,22.952224263708654,17.266757192450143,3265.0,False
-1.0,-17.0,23.7671177088382,16.246215606092644,2977.5,False
3.0,-18.0,22.364813047886436,14.117004771187865,9475.0,False
14.0,27.0,22.095645937747594,14.221710150263057,1655.0,False
-33.0,-20.0,24.72920145189826,15.252193176937736,1597.5,False
-14.0,-15.0,23.424615330519327,15.83663197232114,1885.0,False
7.0,17.0,24.14752157042183,13.801917598081264,2115.0,False
28.0,20.0,24.70413575855086,13.551647064387819,1597.5,False
-2.0,24.0,25.022524851979174,16.00598530801475,4990.0,False
-6.0,-11.0,23.093032553749477,14.543574399824548,2402.5,False
-23.0,23.0,23.36307266584614,14.646657840188722,1827.5,False
8.0,9.0,23.264931079750284,14.744321129010668,2000.0,False
31.0,-28.0,25.55749384960928,13.69486327729873,1770.0,False
-19.0,31.0,23.76074047024813,16.385725993389897,2172.5,False
26.0,-31.0,24.121561276530123,14.050892519436239,1827.5,False
12.0,15.0,24.695940635415464,16.05905117696846,1770.0,False
-2.0,15.0,23.06982656326715,16.176417073456257,5565.0,False
-24.0,4.0,25.490198213204767,14.715525679784317,1655.0,False
21.0,34.0,22.662348782890298,15.401611926489938,1597.5,False
-20.0,14.0,22.117093980355925,16.112215457796722,1942.5,False
-11.0,-17.0,22.56327339793691,14.96275062238546,2000.0,False
-31.0,22.0,22.616486748454673,16.66094114210441,1942.5,False
-17.0,25.0,24.956042029825262,14.642359921974554,1942.5,False
19.0,-21.0,22.838236768346476,14.779199534226953,2000.0,False
-10.0,-27.0,25.974962045013946,15.426953706542772,2115.0,False
9.0,34.0,23.559560836472624,16.96719157045294,2057.5,False
5.0,-9.0,23.24143196112481,14.601112027123968,2747.5,False
-17.0,11.0,22.721322026629583,14.502371325955199,1827.5,False
-15.0,-0.0,24.45447817923982,15.33165159248168,1827.5,False
7.0,19.0,22.598247761226638,16.778658608344152,2230.0,False
23.0,25.0,25.856896112591045,14.819377682559239,1655.0,False
0.0,15.0,22.311538057339366,15.093132112559758,3380.0,False
19.0,-33.0,24.65890132141214,15.030446707613761,2115.0,False
-18.0,-4.0,23.870435827524002,16.768187053275085,1827.5,False
-30.0,14.0,24.591203541903887,16.744910742245544,1827.5,False
26.0,-28.0,25.547703699188236,16.08234604746189,2057.5,False
-23.0,-26.0,24.795725894665214,14.785368714271069,1655.0,False
-5.0,-19.0,24.9740231772372,16.527251816066446,2517.5,False
-32.0,1.0,22.558653929519267,15.259158801378113,1655.0,False
2.0,9.0,22.085452678841673,15.836857115102783,3207.5,False
35.0,13.0,24.0427455963443,17.1016372148124,1770.0,False
-24.0,22.0,25.796028858787597,16.7618935529521,1885.0,False
-19.0,-29.0,23.691840820250576,13.539869471017465,1712.5,False
-21.0,-32.0,22.99711105268105,14.730712178156626,1712.5,False
-25.0,1.0,24.371474709082587,14.93548032548077,1655.0,False
34.0,11.0,24.845730098662333,17.192625785425978,1770.0,False
21.0,23.0,24.170602583775754,15.742103194769703,1655.0,False
-25.0,-3.0,22.67937507376945,16.40498393055653,1712.5,False
16.0,21.0,24.938564589080784,15.400880844243959,1712.5,False
32.0,-23.0,23.477606497966764,14.801803022640597,1885.0,False
6.0,16.0,22.10979246464438,14.79073151740996,2287.5,False
30.0,1.0,22.076649011338194,17.198884337097265,1885.0,False
27.0,-26.0,24.07222095762854,14.596276493951438,1885.0,False
-28.0,-2.0,22.854295966809712,13.657368300582235,1597.5,False
-11.0,-21.0,22.229924015950864,14.37671762489738,2000.0,False
10.0,25.0,24.8907163533674,15.94222803419683,1942.5,False
-18.0,17.0,24.267086826820993,15.55545609304161,1942.5,False
-33.0,-33.0,25.79410714740415,16.00508981650105,1597.5,False
32.0,-7.0,25.004600008742656,16.42897302044153,1827.5,False
-27.0,-15.0,24.966272022537883,15.09124115034732,1597.5,False
-17.0,8.0,23.32493249495961,15.520472405735084,1827.5,False
11.0,-1.0,24.95890020929411,14.613824145559386,1942.5,False
20.0,-34.0,24.11755141511435,15.947905218418907,2230.0,False
19.0,-3.0,22.882592686995487,15.022814496788634,1885.0,False
8.0,6.0,23.319192384802026,15.444876113493915,2000.0,False
-4.0,-5.0,23.902185255432116,15.714978667647278,2805.0,False
-26.0,19.0,25.339905754406356,15.978029155509038,1827.5,False
-18.0,21.0,25.659566167228267,16.345612104110682,2000.0,False
10.0,29.0,22.999853624662926,16.440015202576713,2000.0,False
-1.0,4.0,23.186928558475003,14.47620774644315,11200.0,True
-32.0,26.0,24.71122053391323,15.77643391891294,1827.5,False
30.0,-23.0,23.936377177683678,15.481218223485147,1885.0,False
4.0,27.0,23.392636095881322,16.945861851723897,2345.0,False
-21.0,33.0,24.531884866687662,13.872146540922882,1827.5,False
-30.0,25.0,23.458917711277472,16.483018835187092,1942.5,False
-26.0,-15.0,22.173206230601387,14.030268803751648,1597.5,False
34.0,-3.0,24.701061056781647,15.863423536809524,1770.0,False
19.0,26.0,23.20866559978738,16.589461769304435,1712.5,False
-8.0,15.0,25.0207441673055,14.834991066589282,2345.0,False
4.0,-34.0,25.519084465350826,13.832319089126607,5277.5,False
-15.0,15.0,23.078036690586767,15.388726864677272,2000.0,False
14.0,-17.0,23.505569230535674,16.63683813564085,2287.5,False
25.0,13.0,22.992826837404735,13.91242274107415,1655.0,False
-4.0,-25.0,25.34213316967911,14.901271770398802,2460.0,False
-13.0,2.0,25.89890145227627,14.080503815030767,1827.5,False
-5.0,35.0,25.99649349789155,13.686916954340413,3955.0,False
-15.0,-11.0,24.41776748565125,15.748868833753672,1885.0,False
-15.0,8.0,23.589631845703497,15.092839012026644,1885.0,False
-33.0,29.0,24.815144692599375,17.34548506611305,3437.5,False
-14.0,-6.0,24.000042669643904,15.01792411674408,1827.5,False
-32.0,-28.0,23.637993729960918,14.383086247276864,1540.0,False
2.0,-2.0,22.77362003307548,13.53370295389715,3437.5,False
-33.0,-17.0,22.41131645755028,15.473616001225118,1597.5,False
-32.0,-9.0,23.281537331284753,13.917489229619118,1540.0,False
-6.0,3.0,22.82024508355955,15.474889530866161,2460.0,False
23.0,35.0,23.874557528672874,14.922991529904849,1597.5,False
-5.0,-27.0,22.162675201257755,16.803829916712367,2287.5,False
20.0,-21.0,24.076391677675296,14.647032636725848,1942.5,False
-4.0,10.0,25.67309903228934,13.881320909919374,2747.5,False
-30.0,-29.0,24.357904345801547,15.053819832032996,1597.5,False
15.0,27.0,22.545388625947044,14.000573773349249,1655.0,False
6.0,-9.0,25.48524136820148,15.713722418086585,2517.5,False
-28.0,4.0,24.879513279574567,14.242707781667924,1597.5,False
5.0,-10.0,25.271806421706966,14.647515138990382,2632.5,False
5.0,26.0,24.430942158556583,14.587158242989089,2402.5,False
4.0,28.0,25.041185436820978,15.05690363176604,2402.5,False
23.0,-28.0,22.037469449373695,17.010320265310778,2287.5,False
-5.0,-35.0,24.766427918068693,16.190199749796548,2287.5,False
-5.0,-4.0,22.648562652213233,17.32338623438445,2690.0,False
-19.0,-5.0,24.24620943336245,16.066116812000967,1770.0,False
30.0,3.0,22.443053555227454,17.409496828579293,1885.0,False
4.0,2.0,23.328420049000187,15.179119908236741,2575.0,False
5.0,11.0,25.211366591252915,13.932940025973494,2345.0,False
-19.0,-12.0,22.837713525473102,15.301077511295805,1770.0,False
-31.0,21.0,23.29174727666436,16.86791497491485,1885.0,False
-8.0,30.0,25.88018406165289,13.79277973434656,2517.5,False
-26.0,-34.0,23.70413421333632,15.415815261436201,1655.0,False
-15.0,-22.0,23.066381168061206,15.298080266667522,1885.0,False
27.0,-7.0,22.839344946526058,17.17255599859844,1942.5,False
-20.0,-26.0,23.893468118998076,15.213511632756255,1770.0,False
24.0,14.0,23.36619705084294,13.82552234696023,1655.0,False
-31.0,18.0,25.207317503049534,17.33819308864889,1885.0,False
16.0,18.0,22.764986365440414,15.50500612986006,1712.5,False
2.0,33.0,25.815230331402113,15.231945694310964,2632.5,False
-11.0,-25.0,25.935763362790016,17.24051217801353,2115.0,False
-4.0,7.0,22.296359191928914,14.655084747023349,2920.0,False
-24.0,-35.0,23.901562272509413,17.40961801816504,1770.0,False
5.0,30.0,22.293679947891565,15.187318624932644,2230.0,False
20.0,10.0,22.675250358915076,16.980620158385666,1827.5,False
-14.0,-23.0,22.924379495774097,16.33384796834981,1942.5,False
-1.0,31.0,24.127051149154937,16.4945278110415,3610.0,False
17.0,21.0,23.174854955477464,16.327444291176644,1712.5,False
0.0,-19.0,22.92074056554615,14.73828635666488,3380.0,False
9.0,8.0,23.185239881073098,14.731106473917643,1942.5,False
-9.0,-0.0,25.237539753715527,17.134218275411932,2172.5,False
-28.0,30.0,22.52585365000888,15.079894161523391,3495.0,False
-23.0,-3.0,24.033926606976095,14.21100580977673,1597.5,False
-20.0,14.0,24.37672012081191,15.22429092764195,1827.5,False
34.0,-16.0,24.185886455898316,13.716639041599795,1770.0,False
22.0,14.0,24.119739203977066,13.739942786099876,1655.0,False
21.0,31.0,22.064221194909212,15.460027657423216,1655.0,False
-8.0,2.0,22.991925452738503,16.18458250338404,2287.5,False
19.0,9.0,25.71906479693223,16.975210390478708,1827.5,False
20.0,-34.0,22.390720776033113,14.357227896902177,2057.5,False
-23.0,3.0,23.544810733636584,15.937826565885125,1712.5,False
23.0,16.0,24.758867244254937,13.535648974555777,1655.0,False
-26.0,-12.0,22.533184810576117,17.26192768152647,1770.0,False
32.0,12.0,23.896727860928983,16.149739609078445,1712.5,False
29.0,7.0,25.71707333857645,14.422645424301137,1655.0,False
-31.0,18.0,22.442583779266418,13.50111626537052,1712.5,False
23.0,-11.0,25.58768838049265,15.57932921324626,1885.0,False
3.0,26.0,24.74768949339032,15.068603361768547,2517.5,False
19.0,-11.0,25.864292911986205,14.513175702678897,1827.5,False
30.0,-29.0,25.75675992256999,15.096057978381959,1827.5,False
2.0,-4.0,25.225123015383605,15.004336061667487,3725.0,False
-21.0,-24.0,24.38704684946569,16.335976235937263,1770.0,False
-1.0,-26.0,23.306768135220608,15.892945182495442,2862.5,False
17.0,16.0,23.14087298224364,16.426653478407044,1770.0,False
-33.0,-13.0,24.758993269514377,17.357832594633976,1655.0,False
1.0,-18.0,22.10893769880072,16.777118563582906,3552.5,False
-20.0,-10.0,23.527421407637277,15.431497600646004,1712.5,False
1.0,14.0,23.212126940309286,15.794008530369098,3035.0,False
29.0,18.0,23.7761209921496,16.349696082018347,1712.5,False
2.0,21.0,25.84963620556772,16.452389619533772,2690.0,False
-19.0,-4.0,22.221345234973626,13.811969230787472,1655.0,False
-30.0,-23.0,25.755683033534954,15.161694488069905,1597.5,False
-25.0,-18.0,24.281698216868193,16.75962400015991,1712.5,False
9.0,-30.0,24.40200120354654,17.07840765948371,3552.5,False
15.0,-17.0,22.042858889378433,14.876429489782645,2172.5,False
6.0,-1.0,22.30102237108471,15.716348736580812,2345.0,False
9.0,-6.0,23.043333116598635,17.261478237277938,2402.5,False
-15.0,1.0,22.027882704786098,14.090590143653229,1770.0,False
17.0,-2.0,25.237403817518068,17.392697943000833,1942.5,False
-16.0,-7.0,24.273643193653378,14.296374820984749,1770.0,False
12.0,-26.0,25.021183951661243,16.519620013101267,2517.5,False
-2.0,-7.0,25.611308074387754,14.302623469523379,3380.0,False
-21.0,-0.0,22.835760259010044,17.061522829786178,1827.5,False
-31.0,-30.0,25.975252843549484,14.513883017619676,1540.0,False
29.0,-0.0,23.166115182138824,17.242134084164157,1885.0,False
2.0,4.0,22.75677696368253,14.594695582860092,3322.5,False
24.0,24.0,23.771146560271006,17.176281181103406,1712.5,False
-15.0,-24.0,24.81908685699645,16.800672909712315,1942.5,False
-9.0,0.0,25.94522223444111,13.864470411314635,2000.0,False
9.0,-15.0,23.200110852248617,16.938101746711236,2805.0,False
-22.0,7.0,24.93128447616769,16.842326684210786,1827.5,False
-13.0,6.0,22.75172381367853,14.69895268292379,1885.0,False
-3.0,-15.0,25.02345435546398,15.300455148726105,2747.5,False
34.0,-20.0,23.28520851382607,17.172903049387767,2057.5,False
-1.0,-19.0,23.193705678218876,15.281469217233889,2977.5,False
-24.0,8.0,24.587652177288184,13.955160284817882,1655.0,False
10.0,-2.0,22.156937457971612,16.26190681434686,2172.5,False
28.0,-18.0,23.516204333951546,15.582509980318862,1942.5,False
-3.0,-7.0,23.881755317099177,13.60458476879834,3035.0,False
31.0,-15.0,25.14154742290096,16.583414084951386,1885.0,False
8.0,-2.0,24.255591229255703,17.259254983753518,2230.0,False
-24.0,-7.0,24.55917547460863,14.4981870130534,1597.5,False
7.0,12.0,25.67690600052886,15.322316974579184,2115.0,False
1.0,-35.0,23.03369583316144,13.884659602561753,3840.0,False
-10.0,-33.0,25.468901034971736,16.35519786924495,2230.0,False
27.0,14.0,24.65626894570155,15.74722257366081,1712.5,False
0.0,34.0,25.691124677153695,15.273506033638824,3437.5,False
23.0,1.0,23.060006342279685,16.49043005825073,1885.0,False
-30.0,21.0,22.20428061985585,15.935181124480346,1885.0,False
-6.0,-11.0,24.329506488160686,17.4171435067772,2575.0,False
-32.0,-27.0,22.70081442215048,16.543098774505914,1655.0,False
-32.0,27.0,22.459308362202357,13.777700751223659,1770.0,False
-13.0,5.0,23.825143172467353,14.18876568353855,1827.5,False
6.0,-7.0,24.687297556542493,15.700004865086914,2460.0,False
18.0,-24.0,24.510319442534247,14.122809460757338,1942.5,False
-15.0,3.0,23.640112633921877,15.647247160240054,1827.5,False
-6.0,6.0,22.879362728658272,13.563682074572132,2287.5,False
-28.0,8.0,23.10491589040472,16.472136346381404,1770.0,False
-16.0,13.0,22.910647796355523,14.875937748528242,1942.5,False
20.0,4.0,22.308627403557246,13.80327912284558,1770.0,False
-34.0,14.0,24.706418668506448,14.604139330054435,1655.0,False
-15.0,9.0,23.846541114169007,16.60930885954887,1942.5,False
-24.0,2.0,25.477423017247183,15.961922369042764,1712.5,False
4.0,-10.0,23.780706655991015,16.48872122512494,3955.0,False
19.0,12.0,25.74337609409023,16.05582964457182,1770.0,False
-14.0,-9.0,22.144110060580864,15.426702646057054,1885.0,False
26.0,-26.0,23.801750022070028,14.430598682771862,2057.5,False
27.0,-12.0,25.23409958084955,16.23493495740468,1885.0,False
-14.0,19.0,24.79691871177255,15.62858676707873,2057.5,False
-22.0,-24.0,23.597540646355746,14.313557074275543,1655.0,False
3.0,25.0,22.73667928761598,16.740267183037428,2402.5,False
6.0,-11.0,24.057480246644168,17.30718625962363,3150.0,False
5.0,8.0,23.613862129762165,15.974648766295095,2460.0,False
-30.0,17.0,24.45259956949211,14.608943131448765,1712.5,False
-27.0,19.0,25.23748772259275,15.72529462895907,1770.0,False
-18.0,-26.0,22.19096157327505,14.238686322682835,1770.0,False
-14.0,4.0,25.891492048455582,15.052999339752265,1827.5,False
-33.0,23.0,22.43625204728943,14.564770118469866,1770.0,False
-34.0,33.0,24.461482822714682,17.427240603695807,3207.5,False
8.0,22.0,25.72946391621638,14.402269816887962,2000.0,False
33.0,4.0,24.96933406309811,14.75433778418823,1712.5,False
13.0,34.0,23.805999183740273,13.718775557374599,1712.5,False
4.0,26.0,25.232904050161853,13.909698783776857,2460.0,False
4.0,-31.0,25.97408343792862,14.293674367259658,5680.0,False
-10.0,-33.0,22.984381798906423,17.01973273955285,2172.5,False
4.0,-1.0,25.339654412733623,16.889008255091166,2690.0,False
27.0,25.0,24.500593951228808,14.568262846301321,1655.0,False
-1.0,35.0,23.556705143889936,15.83421717529172,3667.5,False
8.0,19.0,25.81017455278966,17.085885663652427,2115.0,False
-23.0,-21.0,23.916043757204484,16.24602760680829,1712.5,False
8.0,-2.0,24.08044532610874,14.277027504857838,2057.5,False
-23.0,-34.0,25.044584226748295,15.269840567261902,1712.5,False
-31.0,2.0,23.78142093122599,17.25136040137808,1712.5,False
-21.0,14.0,22.01617090018236,14.502088242604788,1827.5,False
7.0,-24.0,22.63434903467566,17.263448005506298,5795.0,False
11.0,9.0,24.701964209521478,15.075163849870645,1827.5,False
-18.0,2.0,25.330505792710674,17.487381149971142,1827.5,False
3.0,-2.0,22.385919803421494,16.622264214788053,3207.5,False
-33.0,7.0,25.83715937867855,17.219187849980056,1770.0,False
-17.0,28.0,23.06158415672866,17.127758963614838,2345.0,False
-8.0,12.0,23.530713047203896,14.665829442669342,2287.5,False
-18.0,-3.0,25.08150625261611,16.561707943548935,1770.0,False
-3.0,-10.0,25.743043326564855,15.736459786722417,3035.0,False
18.0,-32.0,24.329054139720114,15.312751633854319,2115.0,False
-13.0,23.0,25.74024168494275,14.095913414061592,2000.0,False
16.0,-17.0,24.504470706912276,16.020048529892982,2115.0,False
5.0,6.0,22.667661928249814,16.7457994602717,2460.0,False
-27.0,-31.0,22.24132241351471,15.833239601668115,1712.5,False
28.0,-17.0,23.606278452203597,17.387300553812626,2057.5,False
-18.0,31.0,22.560915098665255,15.831967825460968,2230.0,False
-25.0,34.0,22.433247705641385,15.283356381347788,3437.5,False
-2.0,-27.0,24.19935786465265,14.426761022693986,2747.5,False
-2.0,-5.0,25.37792438069139,15.346786666284462,3552.5,False
30.0,-3.0,23.93561867500036,14.745477108733644,1770.0,False
7.0,-3.0,22.67371253774593,16.54519778566193,2345.0,False
-14.0,5.0,24.06788926154407,14.316687758478732,1827.5,False
-5.0,16.0,24.006742181197527,15.193292989738032,3610.0,False
27.0,9.0,23.427728153154828,15.227503170167966,1712.5,False
-15.0,15.0,23.03312654574835,15.01072751732762,2000.0,False
25.0,33.0,22.806125177001157,15.888004242262799,1655.0,False
9.0,-14.0,24.795063422891623,16.831811605464218,2575.0,False
-31.0,-18.0,24.215412162006153,16.763500953208727,1655.0,False
26.0,-25.0,23.61495228783726,15.667077462317028,2000.0,False
34.0,28.0,22.428784505543177,17.228878453955904,1655.0,False
-24.0,6.0,25.672691143890347,15.615018621625172,1712.5,False
-12.0,26.0,23.532928147964196,17.00525732644671,2690.0,False
1.0,-1.0,24.26820788724663,15.742239322996772,4875.0,False
-31.0,-8.0,24.908818445707652,15.239505002811878,1597.5,False
-6.0,-0.0,24.394627947073946,16.09804735227649,2402.5,False
7.0,-1.0,24.11461446177132,15.026543723793436,2172.5,False
-2.0,18.0,23.65509669886485,16.72932110900707,4932.5,False
24.0,8.0,23.849016341507436,15.73168861047429,1770.0,False
-1.0,-7.0,23.97416760547977,14.719362671018693,3610.0,False
1.0,-20.0,24.906231265602976,17.013199208620662,3840.0,False
-6.0,29.0,23.736484510655156,14.752659488016878,4357.5,False
-13.0,-16.0,24.46054811022539,15.667718560042376,1942.5,False
-34.0,-4.0,25.619800559896127,15.02448231446021,1597.5,False
28.0,26.0,23.14405103793854,14.39622935845083,1597.5,False
11.0,-10.0,24.371731909662774,13.802302414282519,2000.0,False
23.0,-0.0,24.53983960777516,13.719630002608985,1712.5,False
-15.0,35.0,25.987734149286215,14.628359836753535,2057.5,False
35.0,-16.0,23.823827711070386,14.806852626710201,1827.5,False
-28.0,29.0,23.636976106202532,17.253354438586417,3667.5,False
20.0,21.0,24.21101628648857,16.859174853729233,1712.5,False
5.0,-15.0,25.798915185809626,15.791572725264338,3265.0,False
26.0,15.0,23.61604758930141,16.59863406652742,1712.5,False
28.0,-22.0,24.51962197556916,16.16899849615624,1942.5,False
8.0,-11.0,22.44686621821704,15.056204559387297,2460.0,False
-11.0,1.0,24.571331899952952,15.011923974145262,1942.5,False
-31.0,21.0,24.162042551232616,16.29337704685121,1827.5,False
20.0,-27.0,25.285030143863946,17.1588217816913,2172.5,False
-27.0,19.0,23.166215242875804,15.57571470867721,1827.5,False
-23.0,7.0,25.8804912858265,15.086765827599452,1712.5,False
-28.0,33.0,23.01375343029744,15.343173494888608,3380.0,False
-33.0,-13.0,22.17848931501275,15.760037175738557,1655.0,False
-32.0,-35.0,25.14469554766151,17.350261482842914,1655.0,False
-28.0,14.0,23.608218315874264,17.428688594505058,1885.0,False
-3.0,3.0,24.51002852240271,14.679353358375211,3035.0,False
28.0,27.0,24.89044604259006,15.370045174300916,1655.0,False
-20.0,-27.0,22.022617552834912,14.900736068590355,1770.0,False
-35.0,-27.0,22.805502717943543,15.729702684088158,1597.5,False
20.0,-6.0,22.00871844770333,17.171769493253226,2057.5,False
-25.0,11.0,23.62649088109706,14.948475073628124,1770.0,False
11.0,12.0,23.889824097435078,16.041641480926124,1827.5,False
-11.0,-11.0,22.56234265840104,16.144752823328197,2057.5,False
-18.0,-6.0,23.809219578331366,14.123573128751888,1712.5,False
14.0,34.0,24.606863737221566,14.268106153806109,1655.0,False
28.0,24.0,23.226646914090786,16.721591528679888,1712.5,False
-14.0,34.0,24.811817496298456,17.253002090830723,2517.5,False
-15.0,-20.0,22.493916426744956,17.49208798495474,1942.5,False
20.0,32.0,25.988685607428184,17.246697914784257,1655.0,False
22.0,-4.0,23.125685775901378,13.545839895482084,1770.0,False
20.0,-5.0,22.01563203748929,14.00168996459814,1827.5,False
-29.0,-20.0,23.45780586219426,16.484970275931353,1655.0,False
-5.0,31.0,25.269456649913476,16.483213254393778,6025.0,False
-29.0,-35.0,24.846646227049717,15.483042322688409,1655.0,False
-28.0,-9.0,23.282237091308808,16.95215245221491,1712.5,False
-32.0,-11.0,24.226413795158372,17.344154951722032,1655.0,False
11.0,-2.0,24.122420687864338,16.65225813993723,2057.5,False
-16.0,2.0,23.043018463849403,16.469067299939677,1885.0,False
5.0,4.0,25.15635211800555,16.73773162946404,2460.0,False
25.0,5.0,22.99472919761859,14.208582268656375,1712.5,False
11.0,-0.0,24.388095947438863,17.42744348583015,2057.5,False
35.0,24.0,23.748469729393335,15.457008959626164,1655.0,False
-7.0,-12.0,25.59932705963725,16.77860486429693,2345.0,False
28.0,-14.0,23.90665604189484,14.08420313499544,1770.0,False
-26.0,-25.0,23.283227828628917,16.479705370588466,1712.5,False
-17.0,-10.0,25.446009947684274,15.148183564359895,1770.0,False
-21.0,22.0,22.635304194374047,16.861568731190605,2115.0,False
28.0,-19.0,23.855327125630705,14.73811463036343,1827.5,False
23.0,24.0,23.88073177674506,14.161052860542311,1655.0,False
24.0,23.0,24.125104737200378,14.67204832975848,1655.0,False
-4.0,33.0,25.02164878544245,15.838355005632607,6370.0,False
24.0,-3.0,24.21531177885894,13.9352206172703,1712.5,False
-29.0,13.0,23.235346628496956,14.433407995684659,1712.5,False
-35.0,-6.0,24.916035676172356,16.637067144285854,1655.0,False
14.0,-33.0,22.011863080990686,16.39636278928046,2805.0,False
12.0,7.0,24.612359776014447,15.761793754252814,1827.5,False
1.0,1.0,22.54277340849069,17.069103625673268,4702.5,False
34.0,4.0,24.209326437089658,14.946542505864794,1712.5,False
-30.0,-20.0,23.73445182350123,16.489547492477463,1655.0,False
-23.0,14.0,25.278098162962845,15.830444546214846,1827.5,False
-33.0,30.0,23.277981874304796,14.21399618259738,1770.0,False
17.0,-21.0,23.510354249143617,16.953922865359004,2287.5,False
-5.0,5.0,24.58419369217624,15.59171938086397,2575.0,False
-4.0,-17.0,24.74893695939361,14.211033414910288,2632.5,False
3.0,-23.0,24.449832646647245,15.572525528607859,6887.5,False
-4.0,-31.0,25.0833895031479,15.200485885321623,2402.5,False
31.0,-24.0,22.163455898865678,17.010031976471478,2115.0,False
-27.0,18.0,25.57518292998914,13.535437186156472,1655.0,False
-6.0,-23.0,24.459696929601343,17.41037561061286,2402.5,False
-17.0,5.0,25.599771346881507,16.379041782340003,1827.5,False
-2.0,-32.0,25.89478497522989,15.628802907033203,2747.5,False
-21.0,35.0,22.0089203133336,16.77399157910911,3610.0,False
-10.0,34.0,22.27592483106477,13.926153653574396,2690.0,False
-6.0,-10.0,24.36448163594427,16.16604463546175,2460.0,False
14.0,35.0,22.685506241923683,15.612045249407457,1712.5,False
-19.0,14.0,25.4270440184659,13.895364050207693,1712.5,False
5.0,-3.0,24.287803000473602,14.121663518175854,2402.5,False
-26.0,23.0,22.051197476342814,16.706495144146505,2057.5,False
14.0,16.0,24.915778589868662,16.919074830422844,1770.0,False
9.0,29.0,23.06697091530812,16.309111563522478,2057.5,False
-9.0,-7.0,24.400090237896514,13.827893606255042,2000.0,False
25.0,-32.0,24.716426504500117,16.806231485707556,3667.5,False
-28.0,-18.0,23.16437468946205,17.15713643408477,1712.5,False
-35.0,-16.0,24.428127501323335,15.987726081402261,1597.5,False
14.0,-3.0,23.178194155672802,14.244885209145988,1885.0,False
-5.0,2.0,24.2569014110604,17.479159688793857,2690.0,False
21.0,-31.0,23.763610362418262,17.4986203427785,2287.5,False
10.0,5.0,25.21081232674841,13.753946722733899,1827.5,False
21.0,-9.0,23.388430956291934,16.797779311226275,2000.0,False
-21.0,16.0,24.053978563692286,16.164590260841187,1885.0,False
-14.0,-13.0,22.262068037830062,13.889670436813056,1827.5,False
-8.0,28.0,23.99544840403419,13.814810342789222,2690.0,False
33.0,30.0,25.16609269869919,15.468174006397915,1597.5,False
23.0,12.0,25.132253205331324,17.497481687303676,1770.0,False
-6.0,33.0,22.36564545583073,16.06777338021966,5450.0,False
13.0,18.0,24.05272051563548,15.546083190492986,1712.5,False
5.0,0.0,25.611015535343327,15.65313848899707,2402.5,False
6.0,-32.0,22.900245545953425,13.687796546767972,3955.0,False
-31.0,-20.0,23.668580988976178,16.737228077200974,1655.0,False
29.0,17.0,22.442519963594346,16.340274654700796,1712.5,False
8.0,-31.0,22.34100341585587,16.441270192562122,4472.5,False
16.0,-35.0,23.180684283790455,16.213160807761813,2402.5,False
34.0,33.0,22.433164103432304,14.924375392650745,1597.5,False
-29.0,29.0,22.150555259184188,15.962449051574612,3495.0,False
7.0,-23.0,23.49212488265937,16.487895141559648,4357.5,False
19.0,18.0,23.785199990447374,14.959518533062269,1712.5,False
17.0,15.0,23.04694641195955,13.856886729142898,1712.5,False
28.0,-4.0,24.683566597136124,15.459314305567112,1770.0,False
30.0,-16.0,23.705631151491474,14.302136463709562,1827.5,False
7.0,5.0,25.05697009867106,13.862238416449982,2057.5,False
29.0,-2.0,22.929032736488285,14.1149719772087,1770.0,False
30.0,-20.0,24.651046439279003,15.056371624869811,1827.5,False
-35.0,-18.0,25.114043107459718,16.870338404970465,1655.0,False
-17.0,-10.0,22.09268105307525,16.239796022579696,1885.0,False
8.0,26.0,23.398179524473502,15.358434367635006,2115.0,False
-14.0,34.0,22.628891836651732,15.356226059756974,2402.5,False
-19.0,-17.0,25.114233395104854,17.362489456271685,1827.5,False
12.0,11.0,25.17601808559629,14.184905459148027,1770.0,False
-13.0,19.0,22.866153792815094,14.954987024767666,2172.5,False
-9.0,-6.0,24.19073733206147,13.83502653386986,2000.0,False
9.0,21.0,22.674014635362223,14.911466298524257,2000.0,False
-28.0,-33.0,22.150531707758716,13.775168198951972,1597.5,False
5.0,31.0,22.155891055927714,15.234397034465685,2230.0,False
22.0,-12.0,22.536502680947404,14.738255948500056,1885.0,False
5.0,25.0,24.896833274412465,17.196078230563753,2402.5,False
-18.0,-26.0,25.708693449764336,16.795457925672448,1827.5,False
-17.0,-33.0,25.047891317168638,14.351221271498996,1770.0,False
-18.0,-20.0,24.865024176986296,15.340130777859438,1770.0,False
12.0,12.0,23.529361160056233,16.751667174412685,1827.5,False
-6.0,-31.0,25.075497345874936,13.816831730990213,2287.5,False
25.0,-15.0,25.447604312121015,14.724201800132652,1827.5,False
23.0,-23.0,25.814293525580513,16.772064723714408,2000.0,False
30.0,27.0,25.12656737004352,15.508299903461847,1655.0,False
9.0,33.0,23.833499679612178,17.05402097729203,2057.5,False
-12.0,-26.0,23.792861194941224,16.187400253717303,2057.5,False
-27.0,-28.0,24.319124608915256,15.997269578923952,1655.0,False
10.0,-6.0,23.10227123528998,16.736406248685213,2287.5,False
22.0,4.0,24.581883695960467,14.1662745067656,1712.5,False
15.0,-10.0,25.900080590929797,14.95020688645792,1942.5,False
-23.0,31.0,22.96183413681404,16.331490279472654,2115.0,False
-16.0,-35.0,24.74844573306361,14.457670839893781,1827.5,False
-17.0,11.0,25.402278288312942,14.617392291038744,1770.0,False
8.0,-29.0,24.626249009887946,17.386642961444068,4012.5,False
-28.0,-33.0,25.129468883929754,14.96651128938619,1597.5,False
3.0,-30.0,23.422046570416576,15.534780112471232,5220.0,False
-16.0,6.0,24.271614964325593,14.630886056547073,1770.0,False
-1.0,15.0,22.03430244937411,16.058239017847843,4012.5,False
-5.0,31.0,25.5181685863549,14.05412333099287,4242.5,False
21.0,25.0,25.631275439957303,15.0886287728292,1655.0,False
-27.0,20.0,22.60657808831751,15.62725601654008,1885.0,False
4.0,-26.0,25.715074637156974,16.486417522403045,7232.5,False
2.0,-28.0,24.685403732656503,14.309779269584498,5335.0,False
34.0,-4.0,23.94457407079642,17.275557569049006,1885.0,False
-31.0,-30.0,25.801427975315796,14.970176193540222,1597.5,False
-6.0,13.0,22.65601940741424,17.070054878511773,3610.0,False
31.0,17.0,22.638319311707967,14.685329152294372,1655.0,False
-23.0,22.0,23.804405452823026,15.152791041157405,1885.0,False
-24.0,19.0,22.38291463971705,14.42944723485478,1827.5,False
-23.0,12.0,22.798947745071324,17.452941752454528,1942.5,False
7.0,19.0,22.61628620361371,15.074246522041829,2172.5,False
30.0,11.0,23.862201351368462,13.636170923097584,1655.0,False
-3.0,8.0,23.2893982130865,13.6876751867337,3265.0,False
-34.0,29.0,25.987655766079257,15.874319812653866,1770.0,False
-11.0,-7.0,22.533709458287053,15.028037788177635,2000.0,False
-17.0,15.0,25.559877301923606,16.392282501636398,1942.5,False
12.0,2.0,23.57243709231209,15.428003104455005,1942.5,False
10.0,14.0,23.763734682126206,14.684189446110897,1827.5,False
29.0,16.0,22.803327200634577,13.71689090126581,1655.0,False
18.0,-24.0,24.371932111221106,13.8467897692199,1942.5,False
26.0,35.0,25.531776398858785,14.234911806310254,1597.5,False
-6.0,-10.0,23.834599229226573,16.212990514876807,2460.0,False
21.0,31.0,24.851524773447142,15.287901755221064,1655.0,False
29.0,15.0,24.38038150549579,15.58972232699516,1712.5,False
17.0,10.0,23.718627330776886,16.40387613984234,1827.5,False
11.0,18.0,24.597565742906284,13.565126333457151,1770.0,False
-29.0,-17.0,22.78202841093951,16.92789600070381,1712.5,False
6.0,10.0,22.07290177364703,15.47861212608394,2287.5,False
3.0,-25.0,24.684670312594417,15.469597300315662,6830.0,False
30.0,8.0,23.422571264635017,14.468017001562927,1712.5,False
22.0,-26.0,23.263811331148432,14.417550596286926,1942.5,False
-15.0,-19.0,24.510419217865653,13.929570551357507,1770.0,False
-29.0,22.0,25.98117556178845,15.862303049008117,1770.0,False
-15.0,10.0,22.83797342955391,15.427651788235586,1942.5,False
29.0,-23.0,22.066308579485888,17.189137893849622,2172.5,False
-18.0,-9.0,24.584729845496344,17.455637402941186,1827.5,False
34.0,32.0,23.51521611657252,14.05560646768094,1597.5,False
10.0,-7.0,23.32773580131878,13.632235419434842,2057.5,False
-7.0,24.0,22.855696753026947,16.623145336189577,4875.0,False
-7.0,-29.0,23.97461130818973,13.73934733377657,2287.5,False
-10.0,12.0,23.45221331501001,15.305995529890438,2172.5,False
13.0,6.0,25.042668182017373,15.531250211880858,1827.5,False
22.0,-10.0,24.556503361952597,17.16295864370823,2000.0,False
-13.0,-13.0,22.962261432597444,13.770222627496608,1885.0,False
12.0,34.0,25.143305440164013,13.603064389653554,1770.0,False
3.0,17.0,25.452516215343252,17.199307687079262,2747.5,False
5.0,5.0,22.80002299166474,17.44575435829598,2517.5,False
22.0,12.0,24.786895329135632,15.770094328540216,1712.5,False
-18.0,-3.0,23.56775136388498,14.301016186495682,1712.5,False
33.0,32.0,23.596251031531025,15.465239881276842,1597.5,False
32.0,20.0,24.47833947431867,14.168100704012286,1655.0,False
-18.0,12.0,23.16693440694683,13.66435256320395,1770.0,False
-16.0,13.0,22.18968937529661,14.17458722176003,1885.0,False
-5.0,16.0,23.60869471132411,15.800556782661745,4242.5,False
18.0,-31.0,24.423287961524032,15.966572965664023,2172.5,False
1.0,-20.0,24.765353795341017,14.329549849197567,4472.5,False
-13.0,10.0,24.261401511098466,14.328138350447048,1885.0,False
-3.0,10.0,25.40735074609983,13.708434034154012,3265.0,False
-16.0,34.0,24.14410370461111,15.160986834857948,2115.0,False
13.0,-8.0,24.664609995804966,15.860586173779767,2057.5,False
-5.0,30.0,24.663266529938344,16.701052041299288,6255.0,False
34.0,-4.0,25.560740180154532,15.461832611048546,1770.0,False
-19.0,28.0,24.235654675990254,14.14240983393147,1885.0,False
28.0,29.0,25.078905419334294,15.229820347592153,1597.5,False
-9.0,8.0,25.391668639741425,14.255541860393445,2000.0,False
-9.0,-2.0,24.414660902453164,16.08582649716184,2115.0,False
-6.0,4.0,24.504283973533177,17.136065976209007,2517.5,False
6.0,-14.0,25.399810343072033,13.530324912835503,2460.0,False
-10.0,-1.0,23.109721976714443,14.180409942775151,2000.0,False
-25.0,-33.0,25.354951395745516,13.590433886681199,1597.5,False
15.0,30.0,25.814195397469724,16.650892032788384,1712.5,False
-31.0,-20.0,22.515819361498373,16.955237303681745,1712.5,False
3.0,13.0,24.795305110093828,17.004381145789953,2920.0,False
7.0,5.0,22.910733730618727,15.01721508030386,2115.0,False
-17.0,31.0,23.977314590440255,14.658778042675772,2000.0,False
-14.0,-29.0,23.885422828149945,15.709482233152528,1942.5,False
35.0,-21.0,24.554226053979676,17.424963104508173,2000.0,False
4.0,-16.0,23.28994017420207,13.594422622274651,4012.5,False
-9.0,-32.0,23.904215774202314,17.330824946557684,2230.0,False
15.0,30.0,23.025381425654132,15.842978194499123,1712.5,False
-29.0,-26.0,25.911982856868875,13.537593401736476,1540.0,False
10.0,22.0,24.54813393057606,16.589736981877515,1942.5,False
31.0,-1.0,25.732140539700147,15.92233748590406,1770.0,False
12.0,35.0,22.66531272490269,14.031705840825763,1770.0,False
-35.0,15.0,24.870389576774798,17.249226085645887,1827.5,False
-17.0,6.0,25.585655468346182,15.422988087667848,1770.0,False
-0.0,-28.0,22.878062849735446,16.88132609769015,2977.5,False
-16.0,-33.0,22.627329601415493,14.614114185460656,1827.5,False
-6.0,5.0,22.9587471837364,15.676126107388484,2460.0,False
8.0,-5.0,23.376515017637747,14.416451078668118,2172.5,False
-28.0,24.0,23.37102765702933,16.770369373541918,1942.5,False
9.0,-11.0,22.162556258220082,13.995858977124925,2287.5,False
10.0,-27.0,24.21819983164904,13.620993796023889,2287.5,False
34.0,-25.0,24.361851346881135,14.585969298696304,1827.5,False
31.0,-16.0,23.245783267702002,15.141495841612084,1885.0,False
7.0,30.0,22.9562284542083,15.695224730559195,2230.0,False
11.0,1.0,24.121805402006746,15.413257053003125,1942.5,False
2.0,-13.0,23.84105471604506,14.655737432923953,8842.5,False
-11.0,33.0,22.34787677371148,15.862272111189014,3035.0,False
19.0,-5.0,23.265418622960677,16.265671625356163,1942.5,False
-34.0,-19.0,25.476479571872993,17.255266862703458,1655.0,False
26.0,-0.0,24.59617638071854,15.803106281103684,1770.0,False
34.0,26.0,22.60818331460371,17.356197786427295,1712.5,False
-22.0,26.0,23.586093664313122,13.696484353551247,1827.5,False
-15.0,12.0,23.79932327751006,17.208892739938257,2057.5,False
6.0,8.0,25.044630110349523,14.66453001439696,2230.0,False
22.0,-34.0,22.62105496622829,16.970173767732476,3667.5,False
-27.0,18.0,22.55689985968704,14.831956525087744,1827.5,False
9.0,15.0,22.141800155385553,15.726986284533922,2000.0,False
22.0,-12.0,24.56902360757963,13.789343450298759,1770.0,False
-33.0,27.0,23.836802775609897,16.256768108623532,1885.0,False
-15.0,1.0,24.385223817400043,13.638924276721509,1712.5,False
-16.0,-18.0,24.623195809261972,14.615583974517804,1770.0,False
31.0,-5.0,22.194617461412683,17.169040634092635,1942.5,False
-23.0,-27.0,22.60881435363476,16.175257553075248,1770.0,False
-5.0,27.0,24.01007793234778,14.697956179813321,5335.0,False
16.0,-5.0,22.431876688611403,15.315608656069948,2000.0,False
25.0,10.0,22.059531322393305,15.883099576842161,1770.0,False
-26.0,23.0,24.357078346849335,16.406507381348277,1885.0,False
3.0,23.0,23.245478964202114,16.290381696897917,2517.5,False
1.0,-21.0,23.2517326319609,16.719080911172412,3552.5,False
33.0,-27.0,23.80722818690064,13.638244647791696,1770.0,False
16.0,-13.0,24.309034365540192,15.244135570791688,2000.0,False
12.0,-3.0,23.468340291194256,16.461089434812617,2057.5,False
11.0,-8.0,22.328856593984263,16.47082811729005,2287.5,False
22.0,-18.0,25.52102091354133,16.3609081883246,1942.5,False
26.0,23.0,25.52441003135885,16.578070432028966,1712.5,False
2.0,24.0,23.441476507879898,15.501081064531721,2517.5,False
-31.0,-7.0,23.069511846520722,16.924416608252496,1655.0,False
-26.0,11.0,25.83827112208536,14.435257545192421,1655.0,False
33.0,-21.0,24.431705052707628,15.331483741310915,1885.0,False
19.0,32.0,24.796790220239867,16.16974106729936,1655.0,False
2.0,24.0,23.256498924411538,13.773496695135854,2575.0,False
-30.0,24.0,23.117153431259723,15.341528841266987,1827.5,False
31.0,-25.0,24.815064885030274,13.910476278053412,1770.0,False
-17.0,9.0,25.369192742814842,17.302894316747757,1942.5,False
-32.0,-11.0,25.481105674995018,14.329067114868113,1540.0,False
-14.0,30.0,24.41648111419075,14.881173891436669,2172.5,False
29.0,9.0,25.590501130739035,16.440041212318377,1770.0,False
-27.0,-34.0,23.355399418179374,14.403533097978322,1597.5,False
-33.0,2.0,25.677063509401286,15.68278806421797,1655.0,False
-26.0,18.0,25.057998367352337,16.115931017838168,1827.5,False
34.0,9.0,25.808714286045866,13.58721299626105,1655.0,False
26.0,25.0,23.577359738522958,17.371367346699838,1712.5,False
-3.0,-32.0,25.807869833190427,15.168144481520935,2575.0,False
28.0,-15.0,25.183539144384135,16.75396366085246,1942.5,False
-20.0,-12.0,24.556725761974903,16.31123155773536,1770.0,False
9.0,25.0,25.241577720205264,13.919653285285888,1942.5,False
19.0,-13.0,22.571169200950354,15.779889730512883,2057.5,False
-8.0,18.0,22.412637985664922,15.751102100782774,2977.5,False
-32.0,-12.0,25.08830157784127,16.977575693502686,1655.0,False
28.0,-10.0,23.208400868107937,17.36023579360556,2000.0,False
17.0,14.0,24.714158440747045,15.07252591587811,1712.5,False
8.0,-31.0,24.965621241587304,17.045075729761784,3840.0,False
14.0,-9.0,23.981874445634304,14.110423118543077,1942.5,False
9.0,26.0,22.68094966232031,16.29329884269472,2057.5,False
-30.0,12.0,22.6111050213759,15.028337875560739,1770.0,False
18.0,8.0,23.547147194967998,14.807179419857786,1770.0,False
-15.0,-34.0,25.2275808989068,14.226801364849287,1827.5,False
33.0,2.0,24.46714002370114,14.728887504943401,1712.5,False
25.0,-23.0,25.703078545992845,13.95590106728229,1770.0,False
28.0,-31.0,25.071067839288727,15.566630740395189,3495.0,False
-25.0,-26.0,23.779535953115214,16.309770554861643,1712.5,False
-9.0,16.0,24.833911753698512,15.991826196232129,2402.5,False
4.0,2.0,24.05979918931303,14.60736367116034,2575.0,False
23.0,11.0,23.985261169702213,14.069283720717788,1655.0,False
-12.0,-4.0,23.730135087872718,14.787314743827988,1942.5,False
21.0,19.0,24.70144811706751,14.452410918578503,1655.0,False
25.0,4.0,23.22219633594593,13.770853460623286,1712.5,False
20.0,-16.0,25.291925852455027,17.182733114430878,2057.5,False
21.0,1.0,25.9977625704472,15.464645192072155,1770.0,False
-4.0,-22.0,24.081014286082738,16.52912167280323,2460.0,False
30.0,22.0,25.188176114017516,17.417560568898352,1712.5,False
-23.0,28.0,23.75459638464893,16.226566008078294,2000.0,False
-16.0,-24.0,22.589989995670372,15.014549565192105,1827.5,False
-9.0,32.0,24.179541705465684,16.618941421599047,3437.5,False
-30.0,-34.0,23.961723789335423,17.014131274123944,1655.0,False
12.0,2.0,25.294908139369802,15.228324262305687,1885.0,False
-1.0,25.0,25.943775401802213,14.416339678854381,4530.0,False
28.0,-8.0,24.480755106889756,15.938344365666328,1827.5,False
14.0,-0.0,25.666625812408896,15.94788651914689,1885.0,False
-1.0,16.0,23.24143321331826,15.1518944165899,4357.5,False
28.0,8.0,23.42620425828087,14.785119466902367,1712.5,False
-26.0,-10.0,22.51743235084999,16.495509366242853,1712.5,False
3.0,-20.0,25.10599234524383,15.770858999523181,9187.5,False
28.0,17.0,24.401180919542274,16.28128061292017,1712.5,False
-10.0,-12.0,23.181549061391994,16.573049942345115,2115.0,False
22.0,23.0,22.789928429020208,14.647302129069313,1655.0,False
-17.0,-17.0,23.38979211688737,16.015216762231717,1827.5,False
28.0,-13.0,24.108446803625327,16.957300849707764,1942.5,False
-28.0,29.0,23.464248816376305,17.441957592520936,3667.5,False
-23.0,-32.0,24.880046959153642,14.681929581342041,1655.0,False
-15.0,30.0,23.792649321783465,15.066559890669097,2172.5,False
-5.0,1.0,22.600270834644046,13.944981723572756,2460.0,False
35.0,23.0,25.200337127278306,15.132164681804754,1655.0,False
7.0,18.0,25.279752254655442,14.615049745583974,2115.0,False
16.0,-9.0,22.763138077715247,16.90987030482894,2115.0,False
-20.0,1.0,23.940098611141554,13.676683399803707,1655.0,False
7.0,4.0,22.096904653472198,15.672719166617625,2115.0,False
4.0,-8.0,25.90184754810202,15.637039393360858,2920.0,False
23.0,-27.0,22.68735205662202,16.682338553191077,2172.5,False
26.0,14.0,23.223826021341214,14.145727877688655,1655.0,False
-26.0,-6.0,22.578535176888543,15.34913722284368,1655.0,False
18.0,-6.0,22.0191184050924,14.171199375193645,1885.0,False
-26.0,10.0,22.54521016464468,14.091588379052133,1712.5,False
-32.0,6.0,22.06343369498096,16.916821141206007,1827.5,False
5.0,32.0,22.71219360245619,14.079078574431982,2230.0,False
-5.0,-4.0,23.19619085457589,15.147983534996925,2517.5,False
7.0,-12.0,25.376258006242665,16.149930859221694,2575.0,False
28.0,-1.0,23.66908829004079,14.59474094738714,1770.0,False
-9.0,-33.0,22.183074859025904,15.427427272248751,2172.5,False
-29.0,-16.0,25.522690383650207,15.52957548578165,1597.5,False
27.0,6.0,22.60135579368226,16.141565532703964,1770.0,False
31.0,-33.0,23.058422279009577,17.06946948738755,3322.5,False
7.0,24.0,23.028924682599218,16.9558368790247,2230.0,False
-33.0,-11.0,22.97253601611316,15.265313485656813,1597.5,False
-12.0,-27.0,25.114162209966114,14.98909420731149,1942.5,False
-23.0,32.0,22.64998072564077,13.50600384869455,1827.5,False
34.0,-26.0,25.144088415498487,15.028404115615231,1827.5,False
-10.0,6.0,22.3251509472898,14.153394716004538,2000.0,False
32.0,-9.0,25.141203007556417,15.979707107405567,1827.5,False
14.0,-31.0,22.430334204738564,14.739032023280132,2345.0,False
-16.0,-0.0,25.66785284489991,13.69650223483761,1712.5,False
-9.0,-17.0,25.909675568902315,16.940350665259256,2172.5,False
5.0,13.0,24.543245697109807,14.330873476786357,2345.0,False
-10.0,-13.0,25.485816004498993,17.338713377533836,2115.0,False
31.0,8.0,23.7225276573667,16.772851820211276,1770.0,False
-22.0,-24.0,25.95331995537043,14.889447009949414,1655.0,False
12.0,-9.0,22.132866387942627,16.030417829542653,2230.0,False
-10.0,-33.0,23.32166079621059,15.163345152520598,2172.5,False
-5.0,2.0,24.980179710686485,13.867822777023042,2402.5,False
-25.0,-17.0,24.64909078293068,16.70378339923895,1712.5,False
-11.0,31.0,22.76568616745621,15.04156399965074,2690.0,False
-30.0,-4.0,24.106602934885586,15.539602607663328,1655.0,False
-10.0,-20.0,22.721489841129056,17.331743818611447,2230.0,False
-23.0,-12.0,24.025208189806268,16.03769489880287,1712.5,False
-24.0,-11.0,22.646815878748267,17.098157713833537,1770.0,False
5.0,19.0,23.414672695665846,13.830142372140086,2402.5,False
-28.0,21.0,25.552256684726597,14.697223361941507,1712.5,False
34.0,-18.0,23.32684185667441,16.168201572919145,1942.5,False
-22.0,0.0,25.33389813803959,14.784264250161495,1655.0,False
28.0,6.0,24.73166755735304,17.23458910212718,1827.5,False
-24.0,-28.0,23.03668186153308,15.006481181199876,1655.0,False
34.0,-31.0,25.30582964702944,15.171766634877823,3265.0,False
0.0,-15.0,22.570307554055013,16.329353692780856,3322.5,False
-24.0,27.0,22.852268168970628,16.693841552458867,2115.0,False
21.0,-33.0,23.68800774048757,16.30700621490301,2172.5,False
-19.0,-4.0,22.980570144531015,14.382666538664722,1712.5,False
7.0,19.0,22.378289121434758,16.053966811677007,2230.0,False
-11.0,-10.0,22.250344726464633,13.798353028016844,1942.5,False
12.0,-29.0,23.091822329146652,15.539770908117099,2575.0,False
-4.0,34.0,25.043232308901974,17.227861736326773,6255.0,False
-8.0,-26.0,22.476104158012546,16.733148475964484,2287.5,False
8.0,14.0,24.14289929982224,15.338131551664535,2057.5,False
32.0,-8.0,23.35984465157023,14.421862474640127,1770.0,False
5.0,26.0,22.072170867531625,16.107408640434848,2345.0,False
24.0,-13.0,22.254710675920734,15.078690739838086,1942.5,False
1.0,-26.0,24.648747254014573,15.405786606392478,3840.0,False
26.0,-29.0,24.679307303482027,17.431688899657356,2115.0,False
33.0,12.0,22.459195427249934,17.23188268552323,1770.0,False
-2.0,9.0,24.531834794218852,13.714469989789619,5737.5,False
-0.0,-26.0,22.428466497172636,13.619268460688545,3265.0,False
-13.0,13.0,23.890243342400005,16.986519951425752,2172.5,False
7.0,-33.0,23.811609783494276,16.044734991556222,4300.0,False
-13.0,6.0,24.62413517779291,13.974456355836146,1827.5,False
30.0,20.0,25.81925796765632,15.76152860693535,1655.0,False
27.0,-6.0,24.632464314224393,14.937744221112114,1770.0,False
34.0,-17.0,22.16389076362279,16.28562153728724,2000.0,False
9.0,-33.0,24.068440925366517,15.41547566257759,3035.0,False
-7.0,26.0,25.91135653570979,13.83746328205479,2632.5,False
-14.0,11.0,23.969054152239117,15.722976221387977,2000.0,False
7.0,-24.0,25.351221733205715,16.528592570105747,3552.5,False
-6.0,28.0,23.90009918434225,16.075201747814535,5335.0,False
-32.0,-17.0,22.469735575811193,17.25694538083374,1712.5,False
-18.0,-28.0,23.27654280755132,14.077830754333482,1770.0,False
-27.0,-3.0,25.341589859918592,14.586609266832536,1597.5,False
33.0,-32.0,22.554480862193792,14.091974329122214,3150.0,False
-16.0,20.0,25.213978489159505,15.302741678267415,1942.5,False
34.0,-18.0,23.79004726041317,16.46928117269483,1942.5,False
-24.0,26.0,24.20847941264126,16.737641492762403,2172.5,False
-23.0,16.0,24.64284807879367,14.528093759431616,1770.0,False
-12.0,0.0,23.163421394880586,13.960884089416053,1885.0,False
-17.0,-2.0,22.28178334418723,13.801372739557118,1712.5,False
29.0,7.0,24.332019295658085,15.64770966319925,1712.5,False
-11.0,-3.0,25.151321782730633,16.692556291503667,2057.5,False
-27.0,31.0,23.810360012595268,17.03231704960677,3610.0,False
-4.0,11.0,22.867532379773863,16.641152764527465,5277.5,False
-24.0,14.0,22.62953913363874,16.82323451377228,1942.5,False
-8.0,14.0,25.988282461760384,15.996276245514075,2402.5,False
5.0,-14.0,23.282023661157684,17.476870014865657,6025.0,False
-9.0,-18.0,22.939869954901607,15.040528453246662,2172.5,False
-5.0,-8.0,24.9550586495665,14.890009956705736,2517.5,False
0.0,-13.0,23.96294102464837,16.871283606846355,3552.5,False
30.0,12.0,25.934279712963633,16.7638632918301,1712.5,False
-21.0,-21.0,23.91554905989473,16.931815447043302,1770.0,False
10.0,21.0,23.96150045960504,13.843508108621663,1827.5,False
-11.0,-20.0,23.00558377095006,16.75424994652134,2115.0,False
-20.0,-32.0,23.07635933443085,13.734292113553655,1712.5,False
-2.0,-30.0,25.438597804442015,14.231715248138068,2747.5,False
-13.0,-1.0,22.5104588275581,16.135705972626265,1942.5,False
-9.0,0.0,25.546780221191288,15.471995895718962,2057.5,False
1.0,-4.0,24.753426262169338,14.286376050926746,6830.0,False
5.0,9.0,22.374109631759662,13.53459811506044,2345.0,False
-6.0,-5.0,22.9702482914361,15.70618791235526,2402.5,False
-5.0,-13.0,24.15617975612173,15.366841234460821,2690.0,False
4.0,4.0,23.26427045800654,14.415196387327674,2575.0,False
21.0,25.0,24.58895234961142,13.984667444981973,1655.0,False
-13.0,-21.0,22.14906127869287,16.443815392876516,2000.0,False
-6.0,-10.0,25.378361703862318,16.07436680972144,2460.0,False
15.0,-1.0,24.12680478012525,16.184714016329373,1942.5,False
-4.0,27.0,25.447205987560952,16.974374372023508,7175.0,False
7.0,-2.0,23.23926314162788,16.283842016415882,2287.5,False
34.0,-6.0,23.319149145003355,15.484518782076737,1827.5,False
1.0,-30.0,22.455841560452598,17.451608324878418,3150.0,False
0.0,29.0,24.49894644127535,14.890202681086059,3380.0,False
3.0,-22.0,24.417929188818924,14.352473846101242,8612.5,False
34.0,20.0,24.13905946821799,16.41168038806146,1712.5,False
8.0,31.0,23.242252511655348,13.693543793142041,2057.5,False
1.0,-25.0,25.46565036413758,16.280100224098874,3840.0,False
27.0,15.0,23.459744024951352,13.584522718032249,1655.0,False
26.0,-34.0,25.1383597014722,17.338770949553663,3495.0,False
0.0,-23.0,24.55102233967655,13.663177584879344,3552.5,False
21.0,6.0,23.460754280694008,14.703439249596926,1770.0,False
-12.0,19.0,25.259703402653262,16.714006307743087,2287.5,False
0.0,-19.0,23.31483769939703,14.026213434823461,3495.0,False
13.0,-32.0,25.06094353486962,17.35596945886972,2690.0,False
-8.0,13.0,24.1199779375856,16.516693242019425,2575.0,False
-3.0,-14.0,24.438835850452058,17.487293378552067,2747.5,False
14.0,5.0,24.244047007276684,16.288533584994838,1885.0,False
18.0,-23.0,25.348219744443526,13.576918691377209,1885.0,False
-34.0,-25.0,25.034958120435995,15.173125735277932,1597.5,False
20.0,-30.0,24.810154928156543,16.106074136052456,2115.0,False
-17.0,-27.0,22.44783009773577,17.087805006512983,1885.0,False
25.0,-25.0,23.45577632629079,16.87294421862213,2345.0,False
12.0,-14.0,25.474852904931836,15.840907729412072,2172.5,False
-11.0,31.0,25.573512810355407,16.08240839519492,2517.5,False
10.0,-0.0,24.35082721399972,16.65604885342171,2057.5,False
32.0,5.0,24.541307724209346,17.27475642991943,1827.5,False
14.0,-8.0,23.872863847292532,16.354682277483764,2115.0,False
22.0,-26.0,22.43889870340954,14.006203934097687,1942.5,False
-28.0,-31.0,23.63409791761799,14.494241011245958,1597.5,False
31.0,-13.0,23.26252887287313,15.25349169362937,1885.0,False
-11.0,14.0,24.59169975658721,15.868376678950598,2172.5,False
-9.0,20.0,22.686650613159472,13.800859827314648,2402.5,False
18.0,29.0,25.259941932221846,15.106294493563224,1655.0,False
-8.0,7.0,23.49341989193849,14.838007370246528,2172.5,False
-27.0,-12.0,25.396506782390013,17.189562695055905,1712.5,False
12.0,3.0,22.130218869992603,17.165929242781733,2000.0,False
-29.0,-12.0,23.02229764976713,15.134783354809505,1597.5,False
-16.0,30.0,25.494055535514878,13.737380857480698,1885.0,False
1.0,27.0,22.17494966545615,13.94405312930265,2862.5,False
15.0,14.0,24.609630497379026,14.80354984729217,1712.5,False
33.0,25.0,25.616422204092885,14.465086447223193,1597.5,False
-15.0,-6.0,23.24793442814002,16.097006259009007,1885.0,False
-5.0,-20.0,22.829402418250062,14.068231034527779,2460.0,False
28.0,-34.0,24.51627598509365,17.202688757359226,3437.5,False
-34.0,15.0,25.758332582919326,15.519665177484573,1712.5,False
-9.0,9.0,24.826451070527995,15.812033400459121,2172.5,False
12.0,4.0,25.214038948999793,16.59270908215987,1942.5,False
-15.0,27.0,25.024193681808004,15.483826215042331,2115.0,False
-25.0,3.0,24.014777621403944,13.913366534314536,1597.5,False
-2.0,-30.0,23.73468349255223,14.93096788783418,2690.0,False
25.0,3.0,23.20637558995367,15.183232334954287,1770.0,False
25.0,-1.0,25.6746069140776,16.199123828123252,1827.5,False
-2.0,-14.0,25.55025993667265,13.504859661562834,2920.0,False
-2.0,7.0,22.23353970265681,16.467375662888823,11200.0,True
2.0,17.0,25.40141249919915,14.20627130019192,2862.5,False
0.0,11.0,23.095201298223152,15.874894228523775,3552.5,False
26.0,-21.0,22.212929722472246,14.842334370214378,1942.5,False
33.0,-4.0,24.5651624262637,17.02203178989526,1885.0,False
-19.0,-32.0,24.92610385170591,14.695858157596948,1712.5,False
23.0,29.0,22.910297272083824,13.708135945414352,1597.5,False
-32.0,-12.0,22.953118234990807,14.206307802836015,1540.0,False
17.0,14.0,24.410270422542116,17.097932769487244,1770.0,False
-18.0,-17.0,23.918124700512855,14.47383590905413,1712.5,False
26.0,27.0,23.057608426585528,16.383187600215027,1655.0,False
4.0,10.0,25.40086963765259,15.010600985606786,2575.0,False
27.0,-11.0,25.67412064888645,16.884342101526688,1885.0,False
-33.0,26.0,23.515338885959757,16.401360611581378,1885.0,False
31.0,-12.0,24.496920281514345,16.740427815306383,1885.0,False
-6.0,16.0,24.826701492848663,16.279619711666726,3207.5,False
-13.0,-8.0,24.61167846454923,16.35063238842547,1942.5,False
11.0,24.0,22.68586853382687,14.854713628870648,1827.5,False
19.0,-33.0,25.96694430385766,16.61376045555828,2345.0,False
29.0,-3.0,23.04425158596921,17.004644771524674,1885.0,False
-28.0,-0.0,23.552102734394666,14.61022774996752,1597.5,False
13.0,20.0,22.667718147998603,16.009862623353825,1770.0,False
5.0,25.0,23.301179612064548,17.159585340491166,2345.0,False
23.0,-8.0,23.15367246390785,17.18485866959519,2000.0,False
-12.0,18.0,25.258406806165663,14.040385241352935,2000.0,False
21.0,23.0,25.772392119300722,16.12412020581516,1712.5,False
-33.0,15.0,24.312341391236764,13.99174352220663,1655.0,False
1.0,-1.0,24.548171309789154,16.218120587369437,4875.0,False
-20.0,-11.0,22.28514009407365,13.513514168478254,1655.0,False
23.0,35.0,24.33388155420096,14.168384964860415,1597.5,False
32.0,-24.0,25.803785439745052,16.49168968854356,1942.5,False
14.0,1.0,24.683551527279644,13.993018672430335,1827.5,False
23.0,22.0,24.365284266775426,13.520398995971503,1597.5,False
-22.0,33.0,23.249198680908894,16.88229084271712,3725.0,False
-22.0,-27.0,22.358478823269174,14.484660650014336,1712.5,False
-3.0,9.0,24.144497438115142,15.402546334955916,4185.0,False
-27.0,-30.0,23.25333631770054,13.701809865967332,1597.5,False
-27.0,-0.0,22.996595782654484,14.710917978552562,1655.0,False
21.0,14.0,23.22661131691957,15.685146603062739,1712.5,False
-11.0,32.0,25.450932369964423,16.122549748213196,2575.0,False
-19.0,-28.0,23.516796764351607,16.993190547625975,1827.5,False
18.0,-2.0,24.326237929648585,16.34216475973662,1885.0,False
-13.0,24.0,22.344930223562866,16.904144962263054,2632.5,False
5.0,-1.0,22.33059566128468,16.03237727261188,2517.5,False
30.0,17.0,24.89499304319685,17.061601967096987,1712.5,False
33.0,20.0,22.836039915176343,13.743881474355977,1597.5,False
15.0,-3.0,22.341856166588023,14.534873315642672,1942.5,False
-28.0,14.0,22.40332369315635,15.81057442666825,1827.5,False
7.0,22.0,25.807902822866073,16.82723678159435,2230.0,False
1.0,29.0,23.565509512996496,15.80264286621436,2862.5,False
-29.0,-1.0,25.579160073172943,15.701211577827006,1655.0,False
8.0,8.0,24.834777381229483,17.134598256853916,2057.5,False
-12.0,28.0,24.862191971319845,17.1680650456518,2632.5,False
33.0,-14.0,24.40307693590144,15.814873332913475,1885.0,False
-30.0,18.0,24.63979449006241,14.74607543487923,1712.5,False
-9.0,-22.0,23.25557427526803,14.774445014202875,2172.5,False
1.0,-3.0,23.536986472047303,14.205705555731956,5795.0,False
-26.0,-24.0,24.92623696512398,17.033395169186456,1712.5,False
-3.0,11.0,25.419660718599136,16.319438375626067,5852.5,False
-10.0,15.0,25.947715348637146,14.363948653150723,2057.5,False
-18.0,-29.0,25.106428739963885,14.1626170523299,1712.5,False
-14.0,-18.0,24.675511875963405,14.857262661444548,1885.0,False
-12.0,8.0,24.959163403209992,16.24997239674411,2000.0,False
29.0,32.0,22.49905032877848,14.546092070627758,1597.5,False
-6.0,-7.0,25.782162272166612,13.9131118802813,2287.5,False
-19.0,2.0,22.53485216849777,16.603131442501617,1827.5,False
10.0,14.0,23.209721829603257,15.78172297015462,1885.0,False
-25.0,19.0,23.655409098249898,16.445478885878696,1885.0,False
1.0,21.0,22.093820594907008,15.681798206037941,2805.0,False
26.0,-5.0,24.51735103662614,14.002701254360465,1712.5,False
18.0,19.0,24.835159574351223,15.703757958569208,1712.5,False
15.0,-14.0,22.73072711231682,14.536878724444009,2057.5,False
-19.0,-8.0,22.955300527883935,15.146321470422727,1770.0,False
2.0,-23.0,23.82646038930779,17.025668699259647,4300.0,False
34.0,26.0,24.74375802317188,14.67014941809687,1597.5,False
-2.0,25.0,24.803236209999376,16.783477041428323,4587.5,False
-23.0,34.0,24.941437201395114,13.561986280604955,1770.0,False
23.0,27.0,23.11823798136538,17.241481685908116,1712.5,False
28.0,-1.0,22.71226256103903,14.602680057339956,1770.0,False
-31.0,20.0,23.890643714694935,17.427929913889123,1942.5,False
17.0,4.0,25.578262991823227,15.320942782166929,1827.5,False
7.0,23.0,23.58673389190011,13.753420815696764,2115.0,False
-13.0,15.0,25.48690440647698,13.857530590048981,1885.0,False
-8.0,11.0,23.563818503405436,15.921289110639725,2402.5,False
7.0,-17.0,23.903388682198077,15.833205238771875,3035.0,False
8.0,7.0,24.816297821089133,15.446920220383827,2000.0,False
-6.0,-28.0,22.547994646584556,16.26529638194466,2230.0,False
15.0,-35.0,25.882093844390184,15.297485720259132,2172.5,False
-9.0,13.0,23.330594542376787,16.839146036654338,2517.5,False
12.0,28.0,22.419429534606234,16.871572085288225,1885.0,False
-2.0,6.0,22.994218709006674,13.683884348094562,4012.5,False
-5.0,-17.0,22.286450724237927,15.324589580212855,2517.5,False
-4.0,11.0,22.180620002340625,15.217042331543375,4185.0,False
-26.0,-29.0,24.947725886194103,16.491037479419198,1712.5,False
-6.0,-13.0,23.062709394972593,15.878878344413549,2517.5,False
23.0,15.0,23.77917495654678,17.49412792573904,1770.0,False
25.0,-33.0,25.855910342776717,13.677626474995948,2000.0,False
-25.0,-30.0,23.136152560526337,15.58118437175186,1712.5,False
1.0,31.0,23.207482739484654,16.030280730434082,2805.0,False
-24.0,-26.0,22.584191695008503,17.48078803301805,1770.0,False
33.0,-18.0,23.81322945401718,14.834176967848155,1827.5,False
31.0,33.0,24.87600506503379,17.14632931790332,1655.0,False
-25.0,-1.0,25.72188534059604,15.902593827822551,1655.0,False
17.0,6.0,24.29009813011083,14.29576429689688,1770.0,False
-8.0,-5.0,25.22782851885508,16.78904003120166,2230.0,False
9.0,-23.0,25.69518083386356,14.47556172854847,2402.5,False
-29.0,15.0,25.649848619105516,16.807787457181465,1827.5,False
-34.0,-7.0,24.143480902883024,16.3680968379989,1655.0,False
-23.0,23.0,22.996751583932614,14.11221375037464,1827.5,False
-18.0,2.0,23.476221215882333,16.164766683096687,1827.5,False
4.0,-11.0,22.038610331610894,15.03827528201477,4185.0,False
-16.0,5.0,25.033882076605277,13.782879698872964,1712.5,False
-1.0,-6.0,25.041781234668612,16.73073518230047,3725.0,False
5.0,-11.0,22.847803583532357,14.471317060771785,2977.5,False
15.0,3.0,23.71226402536801,15.904291348842115,1885.0,False
-12.0,-17.0,22.850703478523823,16.081965143896884,2000.0,False
30.0,-30.0,24.652406471603612,13.618879132363816,1942.5,False
8.0,0.0,24.37307274115846,16.08852100010529,2115.0,False
2.0,-14.0,23.498455370923057,16.725319000411943,5680.0,False
24.0,-5.0,25.83938623772081,13.691302970458334,1712.5,False
6.0,15.0,25.92098055336433,13.984925978769546,2230.0,False
-23.0,-8.0,25.229880181990215,14.144171413005456,1597.5,False
33.0,14.0,23.790759584457692,14.447892125199239,1655.0,False
34.0,-22.0,23.76304409207683,16.323717487110372,1942.5,False
32.0,-15.0,25.816497486651127,14.290958006917567,1770.0,False
-0.0,23.0,24.50240834992714,15.749371179883394,3380.0,False
24.0,12.0,24.277394047124496,15.606380018605776,1712.5,False
-29.0,13.0,22.189767393313318,15.315391237904173,1770.0,False
29.0,31.0,22.524749581942842,13.801564263867853,1597.5,False
23.0,-23.0,25.310879776364402,17.04840199611758,2057.5,False
-9.0,-16.0,22.156711107454374,13.683926812158527,2057.5,False
-11.0,-15.0,24.222787231483995,14.73602417057191,2000.0,False
18.0,18.0,23.696864122440665,14.794732563815261,1712.5,False
-34.0,24.0,25.503701907933756,15.99303985113768,1770.0,False
28.0,17.0,25.48519828487666,13.656895926484061,1597.5,False
22.0,-19.0,25.75841305322609,15.079975710041273,1885.0,False
20.0,-27.0,22.272710003675915,16.30596409334388,2287.5,False
-31.0,31.0,23.430317410238022,13.787777450708376,3265.0,False
27.0,26.0,23.24493874931766,14.528147098366706,1597.5,False
-14.0,21.0,24.175968669528128,13.588607139637418,1942.5,False
-31.0,4.0,22.449232803363802,13.821652309218063,1597.5,False
-17.0,22.0,25.118899750586912,16.686565700361015,2057.5,False
19.0,31.0,25.881522050639212,13.83109062567434,1597.5,False
34.0,-30.0,25.778656954578633,17.427675987700997,3380.0,False
12.0,-8.0,25.379018042607623,16.263334930175837,2115.0,False
2.0,-23.0,25.253909585598066,15.369358376010995,5450.0,False
20.0,-20.0,22.45905206246526,14.239170583564459,1942.5,False
8.0,-26.0,25.80733506149528,16.967717869507563,3265.0,False
7.0,-1.0,24.37265009365444,15.501047733275932,2172.5,False
-33.0,7.0,25.035143246910163,16.743230234232183,1712.5,False
35.0,19.0,23.89958694770013,15.523123029516343,1655.0,False
20.0,35.0,22.050970900665504,16.832695323926608,1655.0,False
22.0,-1.0,25.36294409484495,15.00739961862677,1770.0,False
14.0,35.0,25.433038656927376,16.781158456269665,1770.0,False
-23.0,-28.0,22.60705780258682,17.4028546596346,1770.0,False
-19.0,9.0,22.068951321654332,13.517924424452186,1770.0,False
-11.0,-35.0,22.562981489748037,14.112547604586291,2115.0,False
25.0,-19.0,23.78937002573016,14.535151037661956,1885.0,False
-14.0,-12.0,23.479251112437375,16.42682671988002,1942.5,False
24.0,-5.0,22.139846241108224,14.179038766814626,1827.5,False
32.0,-31.0,25.721811577365877,14.869246102139329,3322.5,False
-21.0,-23.0,23.407971912258702,16.067038326765967,1770.0,False
-20.0,24.0,23.57131795664668,13.768651939611502,1827.5,False
18.0,1.0,23.761446220993815,15.476027178317151,1827.5,False
-24.0,33.0,25.092164730980898,15.979851471089908,3610.0,False
-9.0,-17.0,25.125433618994634,17.383408618604015,2230.0,False
28.0,-10.0,23.239545808493926,14.824607031596177,1827.5,False
3.0,-6.0,25.103770007348437,16.091951749671075,3380.0,False
-26.0,13.0,25.878526837117175,16.324588617526526,1770.0,False
-31.0,17.0,23.92561610060502,16.87828486702355,1885.0,False
27.0,0.0,22.713916722747136,15.529825144199204,1827.5,False
1.0,-29.0,23.50790641102059,13.893066178776575,3955.0,False
9.0,32.0,23.89881833329804,15.1666728234039,2000.0,False
-25.0,34.0,22.838118068990855,14.707151635155613,3437.5,False
11.0,-22.0,22.833741128556284,14.761839478157512,2460.0,False
34.0,-22.0,22.03013189001136,16.58824759402074,2057.5,False
-1.0,-20.0,22.173954536762,17.072482607342273,2805.0,False
-9.0,14.0,25.704927072582173,16.515892602642964,2345.0,False
-1.0,10.0,23.10511000533133,15.97036648500255,5105.0,False
21.0,1.0,22.11759879097406,13.648098385437304,1770.0,False
19.0,34.0,25.569392623647175,16.26374702847983,1655.0,False
-30.0,33.0,22.982113538396312,15.82145426747616,3322.5,False
-27.0,-21.0,22.30438044458938,17.483898447425325,1770.0,False
13.0,9.0,23.63137556468436,15.928785924355694,1827.5,False
27.0,-4.0,22.234719715079695,14.215422165394408,1770.0,False
-22.0,-2.0,23.24340612217238,17.338095703415544,1770.0,False
9.0,-22.0,22.363424049755537,14.583765070912186,2747.5,False
-26.0,-34.0,23.825637297679844,15.19787925459003,1655.0,False
-12.0,-35.0,24.48065484543104,16.821464368660372,2172.5,False
23.0,-20.0,25.727017464690157,15.581515206462399,1942.5,False
-5.0,15.0,25.379812312560798,16.022801948047835,3437.5,False
-24.0,23.0,22.878682773340294,16.59359562151667,2000.0,False
20.0,25.0,25.57520559782131,15.422695493006549,1655.0,False
13.0,-4.0,24.021159649116385,13.943671450026763,1885.0,False
27.0,20.0,25.93023618472771,13.642366021476704,1597.5,False
-29.0,-12.0,24.304929745642497,14.193102756003755,1540.0,False
19.0,33.0,23.445709191765502,13.506043722996342,1597.5,False
-10.0,22.0,23.52212356908961,15.185500599787266,2517.5,False
3.0,34.0,25.382976448873695,14.847632742465713,2402.5,False
1.0,3.0,23.24538022308082,17.077222898986687,4357.5,False
29.0,3.0,23.069919371329306,15.395419141198035,1770.0,False
28.0,18.0,23.86803392177977,16.661538991578244,1712.5,False
19.0,22.0,22.5030144268911,15.36093498241408,1655.0,False
14.0,1.0,25.97064438060812,17.271881821100664,1942.5,False
32.0,8.0,25.183598328334583,16.22305107369931,1770.0,False
17.0,21.0,24.889747257378303,16.41968056459488,1712.5,False
19.0,-19.0,25.485589745742665,15.250686002224935,1942.5,False
-15.0,-10.0,24.518156756477133,15.877079104552594,1885.0,False
11.0,-16.0,23.21884567403339,13.599141394416849,2115.0,False
-1.0,30.0,25.706593930901292,14.33400232642646,4357.5,False
20.0,-19.0,23.11549327547493,13.608545468032464,1885.0,False
1.0,-14.0,24.622852067133344,14.949152733181394,4932.5,False
15.0,22.0,24.982294595799818,17.04372180740328,1712.5,False
-32.0,-33.0,24.006133718835134,16.888671703771124,1655.0,False
20.0,-29.0,23.654846101702706,13.929801428039088,1942.5,False
27.0,-18.0,22.02156930085527,15.349987417788425,1942.5,False
-5.0,27.0,24.53650797061075,15.551037045550546,5967.5,False
21.0,-18.0,23.28463771057166,14.656803787439646,1942.5,False
-33.0,1.0,25.903093491958643,13.637885723196694,1540.0,False
14.0,3.0,24.735428838913776,15.227918962895291,1827.5,False
26.0,-12.0,23.501685474290994,17.250207009806765,2000.0,False
-5.0,10.0,25.125941813281234,16.60998271457197,2920.0,False
1.0,32.0,22.02729519519388,14.464450502611635,2862.5,False
30.0,-29.0,23.159880673364615,16.66523657027909,3495.0,False
31.0,18.0,25.04659070813274,13.984347102309549,1597.5,False
-28.0,-25.0,25.57759675183918,16.726351985391812,1655.0,False
2.0,-1.0,23.449792421546196,16.03050290697069,3552.5,False
23.0,23.0,23.522192024396237,15.372245518157625,1655.0,False
26.0,5.0,24.77540721855432,15.633751454986689,1770.0,False
6.0,14.0,24.6357441866017,14.151712137292945,2230.0,False
13.0,-23.0,23.044624855053584,16.431860441551493,2517.5,False
10.0,-1.0,24.704649598766885,13.543078344916855,1885.0,False
-14.0,-20.0,22.430771589659265,17.33376469171086,2000.0,False
-35.0,22.0,23.7006213540072,13.792211826809334,1712.5,False
-19.0,-33.0,25.261813207775916,17.171340900453824,1827.5,False
-27.0,-8.0,25.676899076235348,14.041982205088903,1540.0,False
-13.0,35.0,24.164782029857903,14.244729481789792,2230.0,False
6.0,19.0,25.42551289077973,17.404265481172583,2345.0,False
30.0,34.0,22.624618530352105,16.13787208299072,1655.0,False
-14.0,-6.0,24.671369046647026,16.98305832284541,1942.5,False
22.0,14.0,25.40326601403856,15.873603856803156,1712.5,False
-25.0,-2.0,23.352770761871625,14.454185385020232,1655.0,False
3.0,32.0,24.70522985154907,16.27721586985232,2402.5,False
-14.0,-11.0,22.015440186382637,13.610342950694907,1827.5,False
34.0,33.0,25.562188594531253,14.184954576535707,1597.5,False
1.0,17.0,23.500372527265956,15.427345736358623,2862.5,False
16.0,25.0,25.634635863112365,14.12938826446241,1655.0,False
-29.0,8.0,24.26898833215295,16.968790861686433,1770.0,False
28.0,-34.0,22.728642584170757,17.136277417422413,3380.0,False
-20.0,24.0,22.931818936060132,14.28877747009224,1885.0,False
-0.0,25.0,25.646487338244974,14.35040815711893,3610.0,False
34.0,1.0,24.847386422964156,17.4987767290228,1827.5,False
28.0,-16.0,24.712752413460038,16.532015777121916,1942.5,False
-10.0,-28.0,24.5245854380804,14.641404745249295,2115.0,False
-7.0,33.0,24.197323391605863,15.551803650894854,3955.0,False
-11.0,-20.0,23.239772287704785,16.212512087868767,2057.5,False
2.0,2.0,24.98524445585067,17.222384033059274,3495.0,False
-26.0,-11.0,25.512397123938204,15.118256810587033,1597.5,False
26.0,-3.0,25.128046156650328,17.117281310352265,1885.0,False
8.0,-34.0,24.525026595826525,14.715229155612331,3035.0,False
1.0,-28.0,23.96485211315962,14.079400641742529,4012.5,False
-3.0,-29.0,23.692946797463613,16.735632718974237,2517.5,False
7.0,14.0,22.102950058968087,15.479309575446123,2172.5,False
-27.0,-24.0,23.25667227084474,14.05884145803958,1597.5,False
4.0,-4.0,22.92669818242728,16.022717991595165,2862.5,False
33.0,-33.0,25.415690011433522,17.115025296076954,3265.0,False
0.0,17.0,22.763796980978512,15.052170585420107,3380.0,False
32.0,22.0,25.682247383344418,14.280253423696301,1597.5,False
18.0,6.0,22.764707532616075,17.363037456219125,1885.0,False
17.0,29.0,22.045484443608668,15.85999657765178,1655.0,False
-11.0,11.0,23.22412563127184,16.88420848821171,2230.0,False
23.0,30.0,24.234920629912448,14.163937106798404,1597.5,False
-6.0,-6.0,24.745255868146156,14.715623071873063,2345.0,False
-9.0,27.0,23.567927805868877,15.71477878328064,3035.0,False
33.0,33.0,23.320366863126036,15.021710978998005,1597.5,False
34.0,-3.0,24.7798113742373,16.071024348620075,1827.5,False
6.0,35.0,25.219077832397453,13.976009493324156,2230.0,False
23.0,6.0,22.774320969287487,13.547218334518385,1712.5,False
-6.0,-16.0,25.672248528044648,16.829162648225477,2575.0,False
-24.0,35.0,22.537951642841,14.448165768236922,1942.5,False
6.0,-7.0,23.310741489276452,13.860099017550109,2345.0,False
-1.0,-8.0,24.71689605512039,14.0091021016923,3552.5,False
-3.0,-23.0,23.533625029802728,14.633781695740186,2517.5,False
6.0,-9.0,23.05619757804574,16.464423353083163,2862.5,False
-34.0,-5.0,22.74673186780012,16.909994376991012,1655.0,False
34.0,14.0,22.417156696626602,15.475910590069672,1712.5,False
-3.0,-18.0,25.13346852168444,13.597973821564262,2690.0,False
-13.0,4.0,22.657369790706134,15.15516448228139,1942.5,False
-15.0,9.0,25.857732754557237,14.401312610781893,1770.0,False
5.0,-35.0,22.250987169564073,14.11831673143691,5220.0,False
-30.0,16.0,22.04196638256479,16.671287417382835,1885.0,False
-30.0,17.0,25.399088469126472,16.915617483616085,1827.5,False
-16.0,-18.0,25.137343397212128,17.31824190027541,1885.0,False
-34.0,-23.0,23.775263053018833,16.94270746383784,1655.0,False
-21.0,-32.0,22.954611727235115,17.07373216280827,1827.5,False
19.0,31.0,24.867176249168647,16.793437670690807,1655.0,False
-30.0,-30.0,24.110119068053162,15.288989143160418,1597.5,False
-21.0,23.0,22.49557291493297,15.00048049464669,1942.5,False
-24.0,-20.0,25.214183089241086,14.47313289588978,1655.0,False
11.0,-18.0,25.983447251745602,17.09410023467421,2402.5,False
14.0,-23.0,23.35579592953633,14.818424847813727,2172.5,False
-3.0,16.0,23.00303417723919,14.859273695083722,10107.5,False
-20.0,-18.0,25.062829509871772,15.093837518453608,1712.5,False
-3.0,-9.0,23.405023182516775,15.756477299995234,3035.0,False
-12.0,-6.0,23.818241705100682,13.886832769411702,1885.0,False
33.0,23.0,22.230018308908928,17.327693644020854,1712.5,False
-8.0,-17.0,22.424149764311373,17.14564922424601,2402.5,False
-11.0,-9.0,25.912676768754032,14.6937555396483,1942.5,False
7.0,-35.0,22.62087224756324,16.094528768241226,4645.0,False
-10.0,-11.0,24.17824646501207,16.855521557513008,2115.0,False
-22.0,-6.0,24.18179638209487,15.089082987547155,1655.0,False
22.0,-17.0,22.838781287154738,17.361151699473574,2172.5,False
-21.0,-19.0,24.23368327572105,15.06186104943698,1712.5,False
-22.0,-3.0,22.125737409980182,17.023472202694684,1770.0,False
-26.0,13.0,22.257372060707752,14.543442295972701,1770.0,False
-30.0,-8.0,22.578185481135094,15.866980474486786,1655.0,False
-16.0,-5.0,25.51968267730997,14.02244665696873,1712.5,False
18.0,31.0,24.508047495635235,16.478100627592255,1655.0,False
27.0,34.0,22.76177731170883,14.214708891519052,1597.5,False
-2.0,0.0,23.161054454415936,14.6703231659878,3610.0,False
-35.0,6.0,23.535708547709387,14.400244463034724,1655.0,False
-28.0,-22.0,23.88620336984382,15.880297188243023,1655.0,False
-13.0,33.0,24.620076177765966,14.719682050672834,2230.0,False
-24.0,23.0,25.795430577978987,16.366692873703357,1885.0,False
-23.0,-32.0,22.10510066111633,13.693490997434775,1655.0,False
4.0,-6.0,25.87134976430089,17.0939412174221,2977.5,False
31.0,-25.0,25.43168384589859,13.726521271154494,1770.0,False
16.0,28.0,22.95577908031205,14.387252690217395,1655.0,False
27.0,-22.0,24.225542651998573,13.529678774777814,1770.0,False
-14.0,-32.0,23.462532384710276,15.99638939170436,1942.5,False
16.0,20.0,24.64101402523454,13.949638004548063,1655.0,False
25.0,2.0,23.343482227411116,15.777519629914801,1827.5,False
27.0,-26.0,24.63892924595579,13.85920507239885,1827.5,False
17.0,-2.0,23.150583219460206,14.276216631508403,1827.5,False
14.0,13.0,25.946112129654804,15.003429096750436,1770.0,False
-1.0,-20.0,25.063380181287485,15.44705606733275,3035.0,False
-19.0,-9.0,24.285590862631622,14.863152085563566,1712.5,False
-15.0,33.0,23.81253020525443,14.87493114698399,2172.5,False
13.0,-25.0,22.50385812783209,13.52105156745413,2172.5,False
-5.0,33.0,24.33934279911258,16.74618925370494,5910.0,False
30.0,-21.0,23.47165148998962,13.902736296260867,1827.5,False
4.0,-1.0,22.847473185976543,15.627339036189742,2690.0,False
32.0,17.0,25.62486306224444,14.790422580159897,1655.0,False
-24.0,-23.0,25.841675372614176,14.939768954702489,1655.0,False
3.0,4.0,22.00843909447652,17.105072330218157,3035.0,False
21.0,-6.0,25.41459747127124,15.514845725240571,1827.5,False
-19.0,30.0,25.6119539680067,14.390550446765301,1885.0,False
8.0,13.0,22.245784201787412,15.018997648314656,2057.5,False
11.0,-27.0,22.461632932647383,13.893356395479838,2402.5,False
13.0,-28.0,23.968626016328653,16.244278727574866,2517.5,False
18.0,-26.0,24.739527755943538,14.760384048886163,2000.0,False
-25.0,24.0,25.862254147194843,16.111220778682405,1827.5,False
0.0,-35.0,22.549580801469233,17.12782196720648,2862.5,False
-11.0,-13.0,25.20522256051756,17.498894246189195,2057.5,False
1.0,-2.0,24.12121648071043,15.610311834071737,5335.0,False
-23.0,-18.0,25.973174619274452,17.409580469090507,1770.0,False
34.0,9.0,22.88279591762528,16.164445783185702,1770.0,False
-12.0,-14.0,22.28439291681287,16.280393807425494,2000.0,False
-0.0,-13.0,23.725042113981104,13.823803023973047,3840.0,False
31.0,-1.0,23.105859272630312,16.620569569912195,1827.5,False
-18.0,24.0,24.1987691174001,13.555831403038592,1827.5,False
4.0,-5.0,25.921816164244294,14.327974133182789,2632.5,False
21.0,31.0,22.37923423777617,16.20016286259647,1655.0,False
7.0,2.0,24.974312145371734,15.552927084896977,2172.5,False
-4.0,-7.0,24.9261188243875,15.619547822618415,2805.0,False
-18.0,16.0,23.07774275423574,15.177782434080754,1942.5,False
-10.0,-19.0,24.394992508288915,15.325513251405994,2057.5,False
-22.0,-25.0,23.069088118203894,17.448019985735215,1827.5,False
3.0,-7.0,23.224480784843273,14.542213043759041,3380.0,False
-30.0,17.0,24.544621296757818,15.893861788536897,1770.0,False
-3.0,-8.0,24.896727083921572,14.854590135523766,3092.5,False
33.0,33.0,25.767104374536277,15.078474694983957,1597.5,False
14.0,-25.0,22.754752054196295,16.478132308348037,2517.5,False
-25.0,17.0,25.487036741373934,14.968983101734898,1770.0,False
-28.0,24.0,25.893791595272873,16.755121963609547,1885.0,False
11.0,-22.0,22.131413746738488,15.871308022299226,2747.5,False
13.0,5.0,24.181424267390092,16.05554789602185,1885.0,False
20.0,-9.0,25.347473545618165,16.26251823256171,1942.5,False
12.0,27.0,22.880191449855378,16.091263307259595,1827.5,False
23.0,25.0,23.419183789995728,16.55487283223765,1712.5,False
13.0,-23.0,22.00440711548529,16.038013575463722,2575.0,False
-10.0,-11.0,24.34972912449541,13.978822511929087,2000.0,False
17.0,-12.0,22.90838175353107,15.368545836431018,2057.5,False
17.0,-31.0,22.641498165779016,16.738966243721165,2460.0,False
-18.0,-10.0,23.216375117059293,14.791649362500186,1770.0,False
27.0,-7.0,22.226983004355404,17.1528091448933,2000.0,False
-2.0,-33.0,23.334364170010552,15.213923138965747,2632.5,False
25.0,4.0,25.315500173511793,15.791179982249572,1770.0,False
10.0,3.0,24.33913596577738,13.71892418673921,1885.0,False
34.0,-16.0,24.898329246074304,15.92124229914904,1885.0,False
22.0,19.0,22.250563811242294,16.16632155635398,1712.5,False
1.0,24.0,22.27226095808228,16.92509077242186,2747.5,False
-6.0,-10.0,25.141753476954037,15.496305866245603,2402.5,False
17.0,-29.0,25.555415976573094,16.213273533920166,2172.5,False
20.0,-20.0,25.93368677323481,15.734486225990919,1942.5,False
13.0,18.0,25.587694169512375,16.389503533526383,1770.0,False
-32.0,15.0,25.00398868937781,13.979092450528434,1655.0,False
-34.0,28.0,23.214789793448876,15.915109854826207,1885.0,False
-9.0,-7.0,25.0054840452211,13.630737013818877,2000.0,False
-21.0,11.0,24.838960297852697,14.95411515325355,1770.0,False
0.0,35.0,23.177668656107127,14.241331791469852,3322.5,False
-17.0,8.0,23.97058573931578,14.467163656060125,1770.0,False
18.0,16.0,22.221235817894232,15.959222719782051,1770.0,False
9.0,17.0,24.60180036408545,14.950504254066978,1942.5,False
13.0,25.0,23.478429442386243,16.388568062597926,1770.0,False
32.0,-2.0,24.630805652251887,16.77811666852763,1827.5,False
24.0,-5.0,23.245402801282275,14.781129196927083,1827.5,False
-19.0,13.0,22.373963294905913,16.14992199209826,1942.5,False
14.0,5.0,22.19534331907149,15.946353472725434,1885.0,False
-23.0,6.0,24.220375386626834,15.808170276147866,1770.0,False
18.0,10.0,25.92992338108448,17.25532526005175,1827.5,False
-4.0,-32.0,22.449564821661294,15.693023366223425,2345.0,False
-10.0,1.0,22.57523815078346,14.56257397196196,2000.0,False
8.0,7.0,22.259942818871234,14.586321449501586,2000.0,False
-26.0,-2.0,22.766384163837827,14.531534616015861,1655.0,False
-19.0,29.0,24.244572044681213,14.978693759712042,1942.5,False
25.0,2.0,24.767284128668265,16.936797858499524,1827.5,False
-17.0,21.0,25.151232924725527,15.063583167889183,1942.5,False
17.0,-33.0,24.869842194203535,14.64905774055645,2057.5,False
14.0,-4.0,22.90764595423585,15.008295070845286,1942.5,False
9.0,-30.0,22.232187067886937,13.722151752679792,2747.5,False
5.0,-12.0,22.178123725763466,17.443258443703435,5565.0,False
-1.0,24.0,24.516109901808427,14.85017172804521,4185.0,False
-23.0,18.0,22.52756219343859,15.145790935655393,1885.0,False
26.0,-18.0,24.23035198846417,16.486050637897776,2000.0,False
-0.0,-17.0,24.382419883564687,15.585741331795447,3495.0,False
-20.0,-16.0,22.109724126317616,15.537726112846396,1770.0,False
2.0,-17.0,25.05010382431971,14.254950521752127,7922.5,False
21.0,10.0,25.089287899032474,14.715629949052346,1712.5,False
-33.0,16.0,24.785075654931678,13.701365440518375,1655.0,False
-18.0,-29.0,23.599952118315173,16.151832006853507,1827.5,False
-10.0,1.0,24.794251360994974,15.813543839805646,2057.5,False
-14.0,20.0,25.985891471681814,17.032367043728858,2172.5,False
-18.0,-20.0,25.97442614552459,16.654775519180543,1827.5,False
-31.0,-8.0,25.248807728152734,13.521531729605709,1540.0,False
22.0,-30.0,25.66251211192942,13.705175396454235,1827.5,False
5.0,33.0,23.25904904907742,13.575778460096522,2230.0,False
22.0,24.0,23.81798038710835,13.72194064856924,1597.5,False
11.0,23.0,24.073352917339427,13.699113546816244,1770.0,False
-33.0,30.0,22.675005588049576,15.451040067549435,3265.0,False
-24.0,29.0,23.538181784916056,15.07878220731105,1885.0,False
35.0,7.0,22.86451757138636,15.616765699275764,1770.0,False
-25.0,-6.0,25.60534523044097,15.224657916478758,1655.0,False
8.0,-29.0,23.10149893159988,15.815617196550544,3782.5,False
25.0,-21.0,22.97063473728307,14.849528911778645,1942.5,False
-32.0,-30.0,25.194194234651462,13.912621402473675,1540.0,False
22.0,-8.0,25.99385300198733,16.903521268321406,1885.0,False
17.0,-28.0,24.224533742403217,15.33464209267685,2115.0,False
2.0,-24.0,23.266228426421243,14.932002821760227,4817.5,False
11.0,28.0,23.04990678024584,14.392936648463852,1827.5,False
-31.0,-12.0,23.882610430053596,15.339702436852281,1597.5,False
-34.0,-5.0,24.376059036469524,16.575356477979817,1655.0,False
-24.0,8.0,24.30591022382624,17.02988672231454,1827.5,False
30.0,-25.0,24.220364161800074,17.229680917764494,2057.5,False
3.0,18.0,22.39218793577178,13.532085186810566,2632.5,False
-29.0,-28.0,25.306444281687853,15.722850608417659,1655.0,False
22.0,32.0,23.290468363008152,15.327851413616246,1655.0,False
10.0,-32.0,25.79092351993033,16.041047766474694,2690.0,False
3.0,2.0,24.955841112074985,16.692382868204838,2977.5,False
-31.0,4.0,23.152040718427365,14.15592691348256,1655.0,False
24.0,34.0,25.05720707243445,13.868526808215881,1597.5,False
9.0,-16.0,24.698412848302738,17.360642939109965,2747.5,False
-18.0,33.0,24.72273010744413,17.145585057769136,2230.0,False
19.0,14.0,25.87004255142765,14.538020058129872,1712.5,False
23.0,-18.0,22.632310812850367,15.047546887297452,1942.5,False
-32.0,28.0,24.09519295022799,14.823503450017814,1770.0,False
12.0,-30.0,23.94563006776586,15.083168874793712,2402.5,False
-21.0,-12.0,25.802463657750565,15.388664180171155,1712.5,False
-16.0,-22.0,23.08978621255831,15.812595049055192,1885.0,False
2.0,29.0,22.667620096041013,14.981443784970885,2575.0,False
25.0,-7.0,22.301789440233033,17.431246567927644,2000.0,False
-29.0,19.0,23.935818696106814,17.411760624330004,1942.5,False
7.0,9.0,25.19255551978274,15.494178894047353,2115.0,False
3.0,2.0,22.661568650736303,17.27401555702775,3035.0,False
-30.0,32.0,22.80050823617608,15.36389628661274,3322.5,False
-0.0,14.0,25.16501565188493,14.092184241547997,3782.5,False
5.0,-4.0,22.801203871116105,17.096948486888508,2747.5,False
-3.0,-6.0,22.481360367463434,16.74041309846271,3265.0,False
-30.0,31.0,23.017842072066447,14.231425190860033,3322.5,False
30.0,-27.0,25.03831145052954,13.936175603752304,1770.0,False
17.0,-31.0,25.824923339012457,14.728847841413627,2000.0,False
-9.0,-30.0,22.88197949064782,15.840793417162727,2230.0,False
-32.0,28.0,23.10197334478653,15.00970099203169,1827.5,False
-35.0,12.0,23.004656938816154,13.51577817488205,1655.0,False
-32.0,-33.0,22.145430090927203,17.310754680191188,1712.5,False
2.0,-18.0,25.567383371141037,16.28189022214369,5910.0,False
-18.0,-3.0,25.994233796652665,16.854416630220683,1770.0,False
-29.0,-22.0,24.228047881827784,14.2737806715949,1597.5,False
-19.0,-17.0,24.259802019547227,17.2198311551959,1827.5,False
11.0,32.0,23.97695360026919,15.966211955714545,1885.0,False
25.0,-23.0,24.93208383902434,13.623061604087987,1770.0,False
9.0,-9.0,23.882216482500063,14.06744063879364,2115.0,False
26.0,-34.0,24.770227755665314,13.796973809732915,3380.0,False
8.0,-21.0,24.52148305106198,14.58404033121095,2575.0,False
-13.0,34.0,24.87088244704991,14.405383032460843,2172.5,False
20.0,-30.0,22.996360111440694,16.503583187645802,2230.0,False
-33.0,31.0,24.654864739207568,16.808231881902753,3322.5,False
11.0,27.0,23.27161592976082,15.115978874283401,1885.0,False
-4.0,-6.0,25.742527562218253,15.793896203714386,2805.0,False
16.0,-18.0,23.6426316151477,15.077804600839617,2057.5,False
-13.0,16.0,25.97807253548101,15.269165805621402,2000.0,False
-29.0,-27.0,25.97837614367888,15.664746192525085,1597.5,False
-1.0,-13.0,24.06548481202846,15.396109464836304,3150.0,False
30.0,22.0,25.59121264139237,15.524215895331933,1655.0,False
-14.0,12.0,25.027363726289074,15.858888902296414,1942.5,False
30.0,4.0,25.593073618648006,15.197451833091506,1712.5,False
-20.0,13.0,22.423926118913833,16.250698164955704,1942.5,False
7.0,10.0,25.53961465890805,16.03783043620834,2172.5,False
-22.0,-14.0,24.60332177563081,15.075154176320282,1655.0,False
16.0,-27.0,22.68455616051717,13.847317361769809,2057.5,False
17.0,12.0,24.704582045390655,13.788876175175155,1712.5,False
25.0,-19.0,25.288138756111223,17.00937092259501,2000.0,False
19.0,3.0,23.052640150069728,13.624252637181563,1770.0,False
-29.0,29.0,22.789295944970025,14.455118415054347,2000.0,False
24.0,-11.0,24.231350181592155,16.434978922284905,1942.5,False
-26.0,17.0,24.410523544082178,17.116773192398398,1885.0,False
-20.0,6.0,23.576011270819293,13.709649833332561,1712.5,False
1.0,20.0,23.306421144026086,17.028981346606415,2805.0,False
-5.0,5.0,25.71672343535677,15.68297269046447,2575.0,False
8.0,-20.0,22.293842427502124,16.887895918741798,3897.5,False
-21.0,25.0,24.98135081874996,17.082412190670745,2057.5,False
19.0,-15.0,22.344117730573075,16.140401937674696,2115.0,False
-4.0,-17.0,23.714563093519374,15.228604795402815,2575.0,False
-20.0,-15.0,25.84252482887481,14.135522551881248,1655.0,False
-29.0,-27.0,25.415478248659465,13.863459836192114,1540.0,False
-31.0,32.0,23.757040754278542,14.221935949692643,3265.0,False
-6.0,8.0,24.26037199912332,14.74580704027786,2402.5,False
-28.0,-2.0,24.17316916430109,15.460880591927769,1655.0,False
8.0,-8.0,24.0876070784761,14.696462521944644,2230.0,False
5.0,-16.0,22.80278495346586,16.001378789373867,5565.0,False
20.0,23.0,22.896932718699748,14.41427355830523,1655.0,False
34.0,-2.0,23.636604393093343,16.525518874058502,1827.5,False
-22.0,-6.0,22.111812912647018,14.384655899059881,1655.0,False
-16.0,-14.0,22.34341102168722,15.750810657986513,1885.0,False
2.0,-6.0,22.120213671863795,15.06858357568556,6485.0,False
-8.0,-20.0,22.669353990127355,15.383451462089692,2345.0,False
10.0,19.0,23.857812445860727,17.444255341424235,2000.0,False
-5.0,-1.0,22.106620630697698,14.439275690780399,2517.5,False
23.0,21.0,23.080295750042275,14.521022723633237,1655.0,False
20.0,12.0,24.536780050238857,13.63569383211555,1655.0,False
27.0,3.0,23.03539257954678,15.306707794714816,1770.0,False
11.0,13.0,24.253665409782986,17.189040260454036,1885.0,False
-29.0,9.0,24.402183817994928,15.870210816196478,1712.5,False
-5.0,-27.0,22.041638909084305,16.96194770912042,2287.5,False
-28.0,11.0,22.011207152493693,14.528734653603935,1712.5,False
-30.0,13.0,22.95995982417076,15.694784652093116,1770.0,False
-9.0,-33.0,22.615879237278325,14.490564019086317,2172.5,False
5.0,28.0,24.2405350486418,14.03135390460097,2345.0,False
-5.0,-6.0,25.881290845047236,15.125295168360934,2517.5,False
3.0,29.0,23.65218272194818,16.518003425687144,2345.0,False
10.0,22.0,22.22607913628755,16.297326301913213,1942.5,False
24.0,33.0,24.95726233708301,14.333821120881076,1597.5,False
-5.0,-4.0,24.376667232621596,15.367963417081617,2517.5,False
6.0,23.0,22.840244466075113,15.214797557556519,2287.5,False
21.0,-22.0,23.10337408129399,15.969610242424457,2345.0,False
3.0,27.0,23.349403638504388,13.50142561659386,2460.0,False
2.0,30.0,25.523227870226933,16.268157188359854,2632.5,False
-17.0,5.0,23.108950471200256,15.279342625611378,1827.5,False
-18.0,17.0,25.27326149705075,14.824566073636923,1827.5,False
-6.0,-3.0,23.001054806025586,16.270159708705826,2460.0,False
-27.0,-27.0,23.003050053264666,14.431035008611964,1597.5,False
-9.0,3.0,25.073014340151172,17.488784139625313,2230.0,False
18.0,-15.0,25.03677580517073,13.803010263808181,1885.0,False
-30.0,-23.0,24.582309382753202,14.586277041670776,1597.5,False
1.0,15.0,24.54519308512579,14.138112955397624,3092.5,False
26.0,-26.0,23.103462111333556,15.04815496927682,2172.5,False
23.0,6.0,23.060482095617246,16.553970832195283,1827.5,False
4.0,26.0,22.078213300790953,13.75599494559558,2345.0,False
23.0,1.0,22.98912071107169,14.475806798317508,1770.0,False
13.0,16.0,22.134854911379776,14.56805783232733,1712.5,False
-24.0,-33.0,22.91021849221644,16.932084908072397,1770.0,False
15.0,-20.0,25.706914372757094,14.129061522891755,1942.5,False
-1.0,-20.0,25.646673031537652,14.781829107431395,3092.5,False
-27.0,28.0,24.48290564429597,16.25951010214845,1885.0,False
33.0,27.0,23.622766342427777,13.834812121138466,1597.5,False
12.0,-33.0,25.713781590119087,13.788790686045573,2115.0,False
27.0,15.0,22.42925628099032,14.579221838493398,1655.0,False
33.0,-17.0,23.483529090315418,14.245279039476468,1827.5,False
29.0,-27.0,24.732628456383072,14.069933448160349,1827.5,False
-1.0,-34.0,22.715718533878018,13.932565790025736,2862.5,False
12.0,32.0,22.083377528819177,16.393758726322954,1885.0,False
15.0,13.0,23.722562762766998,15.845778717619485,1770.0,False
16.0,10.0,25.4968375554986,14.788244570583986,1770.0,False
-24.0,14.0,22.718709730493792,14.230858824602324,1770.0,False
-24.0,-2.0,22.873415607700323,14.974726497021823,1655.0,False
1.0,-23.0,24.606401628335682,16.736279619893736,3725.0,False
20.0,0.0,25.204139108646643,14.075991617325887,1770.0,False
-9.0,0.0,23.29289591761543,15.501503988492146,2115.0,False
8.0,-19.0,25.91661358778221,17.05441145002741,2862.5,False
15.0,-29.0,22.36203690536289,14.352848542739164,2230.0,False
-2.0,-14.0,25.86294424698452,16.39934891048211,2862.5,False
-24.0,-7.0,25.156645192276414,14.13268079762154,1597.5,False
-11.0,-9.0,24.13759019950927,13.75797511106856,1942.5,False
20.0,15.0,24.90014278714974,14.287462174649725,1655.0,False
21.0,-12.0,22.762569053142673,14.137182302810714,1885.0,False
15.0,29.0,24.23535783990164,15.637445567470404,1655.0,False
1.0,6.0,25.77291507664331,17.30281355551404,3955.0,False
10.0,-18.0,25.567616636488143,16.9280932392835,2517.5,False
-5.0,-25.0,22.886104466163985,17.099781428057618,2287.5,False
2.0,-6.0,23.624509571891394,15.945678546186116,5967.5,False
-17.0,8.0,24.908925120640756,13.874101684021001,1712.5,False
24.0,15.0,25.053758634414628,16.92387813031607,1770.0,False
25.0,-26.0,22.566393598127966,14.154810713182558,2057.5,False
27.0,19.0,25.610763747933596,15.920104005076826,1712.5,False
-32.0,-12.0,25.228325135498732,15.030287106757122,1597.5,False
0.0,14.0,25.943865223204167,17.15636574509557,3552.5,False
13.0,1.0,24.625711117070985,17.049380944511704,2000.0,False
17.0,6.0,24.76644139419801,16.681839989586148,1827.5,False
8.0,4.0,25.066314566410927,13.570627553076797,1942.5,False
-5.0,-20.0,24.078540719001143,17.18589535030146,2460.0,False
28.0,31.0,25.130628265965438,16.310962466624215,1655.0,False
-19.0,-5.0,25.15895102810903,16.32747001689082,1770.0,False
-14.0,19.0,22.135643398068254,13.709390490599516,2000.0,False
-33.0,-32.0,23.922212285224003,15.444037288954721,1597.5,False
7.0,-29.0,24.551531238298633,13.588382217909956,2805.0,False
-11.0,-20.0,24.26399493698816,14.320759069547822,1942.5,False
6.0,-26.0,25.47884641107486,14.966482091780943,3495.0,False
-25.0,-24.0,22.557966937261526,14.180551852322402,1655.0,False
17.0,20.0,23.426411394061113,13.511130237806157,1655.0,False
-21.0,-22.0,23.16968324634438,14.115847723738973,1655.0,False
-3.0,-19.0,24.63575553315186,14.396297332700566,2632.5,False
5.0,-30.0,22.30326262605647,15.378932372439763,6025.0,False
-21.0,31.0,25.357679004451644,17.19291961102436,2057.5,False
22.0,26.0,24.383686518775775,14.373735035223621,1655.0,False
27.0,1.0,25.368962596804256,14.001055538431787,1712.5,False
3.0,-16.0,22.490105608744297,14.923985206563525,10050.0,False
-32.0,13.0,24.320913022024637,16.823668466043145,1827.5,False
-34.0,-28.0,24.749965014045465,16.47048683327066,1655.0,False
-32.0,12.0,24.576020601183345,14.323567696239763,1655.0,False
-27.0,32.0,24.1406174302503,16.492913786149863,3552.5,False
7.0,30.0,22.590143978466045,13.906704728459985,2172.5,False
-5.0,-28.0,24.7011141805559,14.644928951369458,2345.0,False
-33.0,-34.0,24.298674123298966,16.823168757388196,1655.0,False
-12.0,-12.0,23.010616134585504,15.544267572264516,2000.0,False
-9.0,0.0,24.467071276721036,14.276819084522076,2057.5,False
-32.0,-19.0,25.407623390587997,14.704062865305138,1540.0,False
31.0,9.0,22.967225867514234,14.603330170471082,1712.5,False
32.0,5.0,25.70257159185191,16.46181283023767,1770.0,False
7.0,-4.0,22.30650157300049,16.97082135509133,2460.0,False
-16.0,10.0,23.50840584762232,13.544972025038227,1770.0,False
-30.0,11.0,22.741593415941587,15.761663266573407,1770.0,False
15.0,-14.0,24.217176645802756,15.16584500327766,2057.5,False
-8.0,-23.0,23.382011481965673,14.691568599255815,2287.5,False
-11.0,-19.0,25.036875591838836,14.191319054485463,1942.5,False
-10.0,8.0,23.16483265910512,14.645322243628218,2057.5,False
19.0,22.0,24.139592583532636,14.477565167234179,1655.0,False
-31.0,-20.0,23.66983950851428,15.88068888450725,1655.0,False
17.0,-26.0,25.747832357752387,14.325005243490825,1942.5,False
-20.0,-11.0,24.963527307956948,14.370334896781973,1655.0,False
-31.0,14.0,22.773055455918595,15.219858779430243,1770.0,False
-10.0,-8.0,25.959814397609723,16.41998137491441,2057.5,False
27.0,-31.0,22.184164689488476,14.429027588338535,3437.5,False
30.0,3.0,22.4513994804197,14.18744183633913,1712.5,False
-27.0,11.0,25.906652819856376,14.931705452996859,1712.5,False
5.0,20.0,23.240355699870392,17.174571722245908,2517.5,False
-9.0,3.0,25.68224737065436,16.40626060190104,2115.0,False
-8.0,-6.0,24.226201194179104,14.348850589853843,2115.0,False
-21.0,-26.0,22.954393310807927,15.70627757052379,1770.0,False
-30.0,-7.0,23.452707027964706,13.92677739739217,1540.0,False
-20.0,22.0,23.248064095322377,14.278663071568864,1885.0,False
-8.0,5.0,25.649453018888973,13.568617114014891,2057.5,False
9.0,-26.0,25.713694540304534,17.379386973512226,3092.5,False
-22.0,20.0,22.867053460545556,14.406149420234991,1827.5,False
-15.0,32.0,24.771192356197908,16.04704442369129,2230.0,False
5.0,21.0,25.939145160098523,15.100476108090774,2402.5,False
-6.0,21.0,25.544972333187715,15.944799359318484,3495.0,False
-26.0,-34.0,23.270020266778715,13.714493732810297,1597.5,False
7.0,-23.0,23.757204231799832,14.326494785254258,2977.5,False
30.0,-2.0,24.075983218189585,16.105480768678035,1827.5,False
23.0,33.0,23.427100692523705,14.882543936336345,1597.5,False
4.0,-3.0,23.309044264929195,16.73941319376135,2862.5,False
5.0,30.0,23.03175122751737,14.143337797818488,2287.5,False
10.0,-22.0,22.726634726381292,14.878381385809599,2575.0,False
29.0,12.0,24.430713924140736,16.91707700069016,1770.0,False
10.0,12.0,25.74563121387025,14.95136728062376,1827.5,False
-17.0,-15.0,23.04090681483743,14.659726403837576,1770.0,False
-10.0,-2.0,23.89188323235406,15.05797161093162,2000.0,False
-21.0,-15.0,25.436416695847736,16.35233628654466,1770.0,False
-3.0,-9.0,23.165396171509,16.457736604603745,3035.0,False
-17.0,-11.0,22.38662231197377,14.179440675471596,1770.0,False
4.0,-5.0,25.44993732574298,17.34125037360294,2977.5,False
3.0,-11.0,24.02138495352706,14.599337299552166,4587.5,False
0.0,14.0,25.72730481394936,14.031247138778587,3897.5,False
-0.0,-1.0,23.0887980496609,14.929243808036482,8785.0,False
20.0,-10.0,24.997153533736856,15.992704632756848,1942.5,False
14.0,30.0,22.21718268881586,14.17483879964896,1655.0,False
28.0,-32.0,24.68459991176605,16.183890832155107,3495.0,False
28.0,-3.0,25.87093104561038,16.912503308218984,1827.5,False
-18.0,-18.0,23.051837939188882,14.780938433636393,1770.0,False
-18.0,-28.0,24.672832472193402,16.111860784143833,1827.5,False
-9.0,18.0,23.227143270379198,16.8937242310912,2862.5,False
-13.0,10.0,25.898097209292008,13.817033585828735,1827.5,False
13.0,-6.0,23.108540997083345,14.71471248776891,2000.0,False
31.0,24.0,25.464375638747406,15.080490032721688,1655.0,False
31.0,22.0,23.661165041861736,14.648203244326849,1655.0,False
-20.0,-5.0,22.624223555715314,14.800707938495904,1712.5,False
-12.0,23.0,22.38222231001084,14.866578003385008,2345.0,False
1.0,13.0,22.989459809531994,13.86972789205192,3150.0,False
34.0,-9.0,24.245806519718077,16.24069856608982,1885.0,False
-5.0,17.0,23.764161703495052,16.100648925772067,4932.5,False
19.0,-27.0,24.966941293687384,14.514080782277734,1942.5,False
-12.0,-33.0,22.05442552087886,16.15145077639629,2172.5,False
15.0,-27.0,22.485506445317082,16.737150892880393,2575.0,False
13.0,17.0,25.748269021922216,15.853953999589294,1770.0,False
1.0,-26.0,25.661926425023463,15.018298866627422,4127.5,False
-29.0,-26.0,24.4198799598282,14.544271492954538,1597.5,False
33.0,7.0,22.01193992613239,14.213826345289709,1712.5,False
1.0,26.0,22.32434148621913,16.145240235805616,2747.5,False
-35.0,14.0,25.45601226866593,17.338490832219907,1827.5,False
34.0,-6.0,25.86776904702705,17.08016611883494,1827.5,False
-5.0,16.0,24.40278421402443,16.409204498484307,4300.0,False
8.0,32.0,22.17765377693999,14.682026114818148,2115.0,False
5.0,13.0,23.14098828324387,15.442903687991965,2460.0,False
-4.0,2.0,24.33926297960583,16.977571672015316,2920.0,False
22.0,-29.0,25.12510241476666,14.779129587943942,1942.5,False
-22.0,-17.0,22.935324418224734,14.016641116182608,1655.0,False
8.0,7.0,24.860898254535748,17.279944204615756,2057.5,False
-1.0,23.0,24.516480906796183,16.998920004861965,3782.5,False
-35.0,26.0,25.519679981901024,15.954446480220934,1770.0,False
13.0,32.0,22.016369070072162,14.858664457142032,1770.0,False
-26.0,-33.0,24.40704535898246,13.580140311894585,1597.5,False
-21.0,-17.0,23.13286079148916,17.43855403329562,1827.5,False
28.0,31.0,24.43662957873928,17.486315845044068,1655.0,False
-13.0,-20.0,22.485705072098778,15.999874018157758,2000.0,False
-6.0,29.0,22.47137086941336,13.692730974761673,4185.0,False
7.0,-21.0,25.597794110556435,13.99769189938227,2575.0,False
-1.0,-27.0,22.91159981646348,17.030400481727856,2747.5,False
-11.0,-22.0,23.931592364510223,16.73351386286582,2115.0,False
29.0,-13.0,23.766117385521287,16.18436835585079,1885.0,False
-31.0,-32.0,23.379417379382783,16.655538582132618,1655.0,False
6.0,-5.0,25.391255250905207,14.410603389718867,2287.5,False
-27.0,3.0,24.306946700130403,16.488111093372897,1712.5,False
25.0,-13.0,25.75915316938599,14.93820211134739,1827.5,False
12.0,3.0,24.72272460538746,16.505052388777315,1942.5,False
27.0,15.0,23.590151077681483,16.938723028303777,1770.0,False
-3.0,-10.0,22.171180008147044,15.975334977804131,2920.0,False
18.0,-33.0,24.14798220839274,16.308051051146066,2230.0,False
2.0,-14.0,25.80104889341734,14.017902896864403,11200.0,True
27.0,29.0,25.819829166790527,17.498971490990712,1655.0,False
-35.0,7.0,24.994870947711117,17.132619512353266,1770.0,False
-7.0,25.0,22.028772645301405,16.733420432101795,5795.0,False
25.0,-27.0,23.537752193976274,16.49449011730553,2172.5,False
-12.0,-4.0,25.443898522645803,14.756405975462874,1885.0,False
-28.0,-12.0,23.019569238524735,13.789971573921083,1540.0,False
3.0,0.0,25.424170317991102,14.77836825712243,2862.5,False
-17.0,-5.0,23.61786079442538,14.471255265466082,1770.0,False
-15.0,-27.0,23.084711133572966,14.333105419374728,1827.5,False
18.0,-28.0,24.32471707181218,14.25834914862057,2000.0,False
-26.0,-22.0,25.68858672162906,16.04993336467025,1655.0,False
32.0,-30.0,22.871468809365535,15.146749002790788,3322.5,False
-22.0,-5.0,25.815097016889084,16.206371656542167,1712.5,False
22.0,-1.0,22.665328217279196,15.206333763274438,1827.5,False
-27.0,-10.0,25.398420318357527,13.505096960961213,1540.0,False
-6.0,-21.0,25.531234692035753,14.304127805346022,2460.0,False
3.0,-5.0,22.64590119203679,17.315859011877905,3840.0,False
2.0,-9.0,24.066853565544402,16.69693654210967,11200.0,True
16.0,21.0,22.761892239589827,16.432832792948226,1712.5,False
-26.0,15.0,24.954792213977086,15.376724662605442,1770.0,False
12.0,-31.0,24.040275386487732,14.243580378077711,2287.5,False
-24.0,8.0,22.910650361866786,13.546618667863973,1655.0,False
-4.0,-9.0,22.054678015750394,14.280851275202442,2805.0,False
-15.0,28.0,22.915025953945374,17.29630164378947,2575.0,False
10.0,6.0,24.152719778699957,16.463755174159285,1942.5,False
15.0,11.0,25.026992663158325,16.125725673063556,1770.0,False
