delta1_deg,delta2_deg,V1_kn,V2_kn,min_safe_distance_m,censored
23.0,21.0,24.963091018516756,14.888501894743081,1655.0,False
15.0,21.0,25.983225862688336,15.18406548417925,1712.5,False
25.0,11.0,22.163909235031035,17.43879753180654,1827.5,False
21.0,5.0,22.979677738645734,13.836776361053811,1712.5,False
8.0,13.0,24.39096299353426,13.94660450833034,2000.0,False
31.0,10.0,23.660777813301056,15.241481365256298,1712.5,False
22.0,15.0,24.55022482618657,14.176974618738992,1655.0,False
23.0,31.0,24.345617332555143,16.239320642565197,1655.0,False
9.0,10.0,25.151957871598036,14.94271012926281,1885.0,False
16.0,13.0,22.283611680562984,16.88482985824514,1827.5,False
14.0,21.0,23.762464279713793,16.494442197132617,1712.5,False
28.0,17.0,25.4402151587592,15.383227178394593,1655.0,False
19.0,6.0,23.451047621387847,16.879917566241353,1827.5,False
24.0,10.0,24.01515522108098,13.903275379926225,1655.0,False
16.0,28.0,22.086314505174535,15.824396018380913,1655.0,False
11.0,8.0,22.896695580337195,15.920531867239252,1885.0,False
18.0,19.0,23.854620486329388,14.48408445531919,1655.0,False
7.0,23.0,23.595872505057375,13.698485305961114,2115.0,False
24.0,12.0,24.858619507640572,15.640795849853788,1712.5,False
19.0,21.0,24.447519926366176,15.554708198239403,1712.5,False
22.0,10.0,25.521130088657994,16.11444703740197,1770.0,False
14.0,13.0,25.419082806789604,14.351714963708138,1712.5,False
31.0,13.0,22.964879363065236,14.218573447025607,1655.0,False
26.0,33.0,22.070554916135485,17.41166355742274,1655.0,False
23.0,11.0,25.41788307881505,13.9547539811383,1655.0,False
11.0,9.0,23.31648345642013,17.49763434408525,1885.0,False
16.0,28.0,23.3884388369624,16.37990709660968,1655.0,False
6.0,10.0,22.633579192793896,16.017288953241057,2287.5,False
10.0,26.0,24.77202906458893,14.85913398194391,1885.0,False
20.0,20.0,23.12043567344318,16.97121241154075,1712.5,False
22.0,18.0,22.706972404248976,17.140246449160834,1770.0,False
30.0,22.0,24.01356296424631,16.38753599997521,1712.5,False
13.0,21.0,25.00166362368577,16.339554316710682,1770.0,False
14.0,8.0,23.078394390099874,15.47261853136581,1827.5,False
16.0,34.0,24.8881560039554,13.811339461442243,1597.5,False
10.0,29.0,23.847900438684285,17.49611617617839,2000.0,False
9.0,27.0,23.615090892956406,13.562221524912037,1942.5,False
16.0,19.0,23.438083472544676,15.481589597542692,1712.5,False
11.0,17.0,22.58232386127784,14.968537250751439,1827.5,False
20.0,17.0,23.33053506739691,16.60452943476089,1712.5,False
15.0,4.0,25.517006122509926,16.44312145523445,1885.0,False
24.0,17.0,22.408667697888234,16.012198829881555,1712.5,False
21.0,19.0,25.83320006040721,13.798954170489491,1655.0,False
13.0,20.0,22.429986109951273,14.447397790963908,1712.5,False
24.0,14.0,23.448126569197417,13.876633719325616,1655.0,False
23.0,16.0,24.425224695202175,17.41590544686381,1770.0,False
15.0,19.0,25.351365614432595,14.01113158315457,1655.0,False
13.0,15.0,22.574331272296014,17.368770897269695,1827.5,False
20.0,30.0,22.56440889623373,13.950848689772315,1597.5,False
9.0,21.0,24.513512498646904,16.94892137649244,2057.5,False
11.0,2.0,23.17098652961911,15.798520699111238,1942.5,False
3.0,4.0,24.57800838807196,16.826902634412267,2977.5,False
23.0,20.0,25.282332811718124,16.036135832929393,1712.5,False
20.0,15.0,22.30748204395018,16.575348668420435,1770.0,False
21.0,25.0,25.37797649231113,16.423246401856975,1712.5,False
23.0,10.0,22.150341425417764,14.540747907556899,1712.5,False
16.0,4.0,25.595304741155253,17.240193170014837,1885.0,False
18.0,15.0,25.902472566400128,16.07458441689863,1712.5,False
9.0,22.0,24.66982080984313,14.308336474301207,1942.5,False
8.0,31.0,25.937021219776696,14.724168121149356,2057.5,False
20.0,26.0,25.287967368514416,15.632204028742063,1655.0,False
16.0,16.0,22.17746200053525,17.02730693797662,1770.0,False
18.0,24.0,22.015243776809868,16.687012479984176,1712.5,False
22.0,7.0,22.083193957689062,14.708192026840003,1770.0,False
19.0,18.0,23.807627839677522,16.253945249096322,1712.5,False
18.0,28.0,24.493530444470657,13.506627320302297,1597.5,False
18.0,15.0,23.925887290802116,14.830564189963795,1712.5,False
13.0,30.0,24.708521303258248,16.858380896667292,1827.5,False
5.0,11.0,23.798410536451513,14.10480479162326,2345.0,False
15.0,8.0,22.170255212441553,14.913581055286247,1827.5,False
11.0,17.0,22.90466681940408,13.504173268283438,1770.0,False
15.0,27.0,25.97049694641884,13.592530904825189,1655.0,False
25.0,13.0,23.38345535079466,14.084075964010662,1655.0,False
12.0,23.0,23.299062950978918,13.90745222119422,1770.0,False
6.0,10.0,22.611168196076697,15.458917374927978,2287.5,False
13.0,22.0,25.94857488847584,17.100017464363525,1770.0,False
13.0,18.0,22.921837286370394,13.838566825611357,1712.5,False
20.0,10.0,24.587306269015414,16.979347478065367,1827.5,False
18.0,21.0,22.168189832608782,16.172631353293987,1712.5,False
23.0,21.0,22.26588932025342,14.175579501713429,1655.0,False
20.0,17.0,24.867006789280076,14.658945976814008,1655.0,False
15.0,11.0,24.5406726513869,14.27673393022355,1712.5,False
24.0,9.0,24.720649582482622,16.657193827022375,1770.0,False
10.0,30.0,22.92388162858509,16.40040142508725,2000.0,False
4.0,20.0,25.939555930088964,14.717637385310669,2632.5,False
8.0,24.0,24.233500648632983,13.717337318378227,2000.0,False
21.0,21.0,25.878192689074755,14.174963039889871,1655.0,False
16.0,24.0,22.656682211901522,16.019505445304738,1712.5,False
10.0,10.0,23.62039803936512,13.861491225647214,1827.5,False
17.0,17.0,23.342742075953847,15.645862003369643,1712.5,False
10.0,20.0,25.02029970682345,15.95171604870217,1942.5,False
21.0,8.0,24.990285744420365,16.25101443387152,1770.0,False
16.0,9.0,23.946175173278814,14.00142298006233,1712.5,False
14.0,19.0,22.064592016869344,15.338823523439139,1712.5,False
13.0,26.0,22.700822836719777,15.353586487691896,1770.0,False
19.0,20.0,22.201062668438656,16.841130387872173,1712.5,False
14.0,5.0,25.388058276996716,15.374868038809366,1827.5,False
7.0,31.0,23.159086269191068,15.12718304163985,2230.0,False
8.0,9.0,22.47169054760269,13.993841796202416,2000.0,False
30.0,12.0,23.416689461126364,16.277857404483214,1712.5,False
27.0,31.0,22.30915726466545,15.979157925386342,1655.0,False
21.0,23.0,25.915428539595986,16.367799401523378,1712.5,False
12.0,28.0,23.260031605391195,16.125133019868727,1827.5,False
30.0,24.0,25.732266795559212,17.001135310867443,1712.5,False
23.0,20.0,24.7309147634421,17.00938442509211,1712.5,False
21.0,13.0,24.264427949695975,14.730733030751463,1712.5,False
16.0,13.0,23.90198798848983,14.229648236347805,1712.5,False
12.0,29.0,24.74952042721355,17.205910005190226,1885.0,False
8.0,25.0,24.745101334184675,16.35215962233175,2115.0,False
27.0,14.0,22.042084243043057,17.383909600859294,1770.0,False
16.0,14.0,25.631134982113355,15.487822814402971,1770.0,False
11.0,13.0,23.47185368175061,17.34897342637164,1885.0,False
13.0,13.0,23.413092486171983,13.990875175613535,1712.5,False
18.0,25.0,23.626362175531977,15.86145824805267,1655.0,False
10.0,3.0,24.741131221235737,15.486941221864914,1942.5,False
25.0,15.0,23.504070944198748,13.51057968594133,1655.0,False
22.0,29.0,23.495324247708812,14.271594858715794,1597.5,False
21.0,17.0,22.253859518513774,14.113888604893338,1655.0,False
15.0,16.0,23.666566657707712,13.743237153846216,1712.5,False
19.0,13.0,22.597913908175016,17.29259630231217,1827.5,False
18.0,7.0,25.422357016239122,17.361468739084632,1827.5,False
20.0,11.0,23.338044332789146,17.066999986426875,1827.5,False
7.0,8.0,25.84346959224668,17.45552348589567,2172.5,False
15.0,9.0,24.73811201026793,16.822656869470705,1827.5,False
5.0,10.0,25.024606139309295,17.228724280406777,2460.0,False
16.0,13.0,25.791004725610982,14.29052451813429,1712.5,False
14.0,3.0,22.95573906326666,14.527535437362722,1827.5,False
9.0,29.0,24.26916387876907,16.948264396788545,2057.5,False
8.0,9.0,22.162903217978247,15.417854915850429,2057.5,False
18.0,15.0,22.403034751822776,16.367889709133777,1770.0,False
10.0,26.0,23.466347679875152,15.747636367859695,1942.5,False
28.0,8.0,24.730007402499762,14.722554960409532,1712.5,False
18.0,16.0,25.32677440962214,14.639339391168228,1712.5,False
14.0,25.0,23.02561680989389,16.492718406376394,1770.0,False
18.0,18.0,24.996308854550428,15.62838045211716,1712.5,False
4.0,11.0,22.8971646297922,14.937542722491195,2632.5,False
30.0,22.0,22.024222424465325,15.968158794095865,1712.5,False
16.0,20.0,22.21765209982294,15.17975033836157,1712.5,False
23.0,14.0,24.342234491222886,15.40029937298968,1712.5,False
7.0,6.0,23.988590184377255,16.2116388053923,2172.5,False
16.0,3.0,23.08170091171773,15.331860807882599,1827.5,False
16.0,24.0,22.026191434411306,17.299762451430997,1712.5,False
28.0,13.0,24.272041397013606,15.440770533248758,1712.5,False
18.0,9.0,25.270426547318607,17.34729128208978,1827.5,False
16.0,17.0,22.274179511693514,16.890752618709787,1770.0,False
12.0,28.0,24.94589782957523,17.063709447269346,1885.0,False
14.0,3.0,24.53817040785627,16.553101319081605,1885.0,False
17.0,6.0,23.91741908880454,15.91810256385622,1827.5,False
15.0,15.0,22.193365419904207,15.630670643497867,1770.0,False
4.0,20.0,25.694285665569183,15.706620483739691,2632.5,False
24.0,16.0,23.90976395570697,14.30581896510572,1655.0,False
27.0,27.0,23.598427843524817,14.357579491558583,1597.5,False
9.0,6.0,25.44590160835094,13.636647312979,1885.0,False
18.0,14.0,25.38231291593495,16.48224120991434,1770.0,False
8.0,14.0,24.909043812000096,13.999454023853323,2000.0,False
20.0,14.0,25.317439931600035,15.828596525307576,1712.5,False
13.0,16.0,22.497313923931763,14.051692393826213,1712.5,False
20.0,23.0,25.043662220321366,13.766186925814337,1655.0,False
21.0,13.0,23.31213633193651,15.634377474190906,1712.5,False
22.0,22.0,25.46997917387311,16.992383571156807,1712.5,False
8.0,9.0,23.480925863947437,14.924057740413623,2000.0,False
27.0,18.0,22.2172158084803,17.17691003525062,1770.0,False
11.0,14.0,23.657520947081462,13.541228552682192,1770.0,False
5.0,17.0,25.027108140305444,15.36295603349227,2402.5,False
18.0,8.0,24.00372824391759,14.087057764341022,1712.5,False
14.0,29.0,25.054535647235873,14.763121954672693,1712.5,False
24.0,27.0,22.14109496346443,13.59492691279892,1597.5,False
24.0,24.0,22.708656814404115,13.64138994880799,1597.5,False
13.0,26.0,24.254431724171177,16.3512547480438,1770.0,False
29.0,9.0,23.541255015390526,16.118160310127447,1770.0,False
13.0,17.0,24.720702974680798,14.333341805244672,1712.5,False
17.0,13.0,25.850216932481686,17.104595909832067,1770.0,False
12.0,26.0,24.639447842802056,16.251907744127948,1827.5,False
28.0,10.0,23.6694515795304,14.844692400926881,1712.5,False
10.0,11.0,24.16945607377336,15.13061271484846,1885.0,False
6.0,20.0,25.651305926784683,14.670223187726076,2230.0,False
15.0,8.0,24.69195698664885,16.822392846815596,1827.5,False
33.0,22.0,25.21271799101811,15.475839737191727,1655.0,False
26.0,12.0,23.206073636406135,14.041230352221014,1655.0,False
22.0,20.0,24.97728462735309,14.306854982471156,1655.0,False
26.0,26.0,22.557725477359448,14.686316293550757,1655.0,False
26.0,19.0,24.99910246562087,15.11261269851072,1655.0,False
17.0,11.0,25.526234371209696,15.87055960703681,1770.0,False
13.0,6.0,25.600929868213687,17.356659920628143,1885.0,False
23.0,6.0,22.46636024421059,14.547714575089618,1770.0,False
20.0,8.0,25.319528210294937,14.813614262830308,1712.5,False
14.0,18.0,22.439746091072145,13.595808001985292,1655.0,False
8.0,14.0,23.913587813131052,14.990207820194719,2000.0,False
22.0,12.0,24.73008611874466,16.20030986493877,1770.0,False
12.0,11.0,23.936996446046997,17.352244845001998,1827.5,False
28.0,29.0,23.35963840884059,16.46075811541377,1655.0,False
12.0,9.0,24.735284629983422,13.971986050651124,1770.0,False
9.0,13.0,24.643515100427575,17.06015440907053,2000.0,False
24.0,16.0,24.33157062066227,16.854716515522252,1712.5,False
10.0,1.0,24.11371465910693,14.256089775828967,1942.5,False
10.0,28.0,24.82295959648935,17.237371505938864,2000.0,False
18.0,8.0,23.612148226804607,16.356396177900958,1827.5,False
26.0,20.0,22.275072990969353,16.631269356331728,1712.5,False
11.0,19.0,24.149818040764895,15.336558656670444,1827.5,False
13.0,24.0,24.893822208975347,14.302734764386676,1712.5,False
23.0,20.0,23.19663963046427,16.696420858155072,1712.5,False
31.0,22.0,22.56300455254373,15.409770979098582,1655.0,False
17.0,15.0,25.647364776648477,17.369721384346814,1770.0,False
9.0,16.0,25.454998658984785,14.11333807631344,1885.0,False
4.0,21.0,24.473736877165276,14.921614055704788,2575.0,False
11.0,18.0,25.146428614816305,16.442188195205294,1885.0,False
9.0,17.0,25.875221259097685,15.789126466021141,2000.0,False
20.0,11.0,24.277035922907363,15.233100294964652,1712.5,False
9.0,12.0,22.97672673840136,16.30644214869291,2000.0,False
17.0,14.0,24.555247962130487,16.433404247550047,1770.0,False
21.0,3.0,25.658374704401815,15.809196052640033,1770.0,False
18.0,15.0,24.76059280559392,14.776413593676075,1712.5,False
11.0,2.0,22.104961564597613,15.975037815848282,2000.0,False
23.0,18.0,25.668530415450064,15.680970002087168,1712.5,False
21.0,21.0,25.01470102101587,16.690624004806004,1712.5,False
22.0,18.0,23.607324053589593,16.113831381176578,1712.5,False
9.0,21.0,25.949967557396263,15.487086989928462,2000.0,False
9.0,1.0,24.886717331342187,13.574818820885053,1942.5,False
28.0,6.0,25.301764327342767,14.167761275473591,1655.0,False
15.0,21.0,25.77266623699935,14.846377169010902,1712.5,False
13.0,23.0,22.158313858884263,15.90551450240013,1770.0,False
16.0,21.0,25.097679376146715,16.66943500778671,1712.5,False
20.0,20.0,23.545385741431208,17.339816471708637,1712.5,False
30.0,21.0,25.4763000515951,15.899221576616105,1655.0,False
13.0,22.0,25.51558342373293,16.415375981525248,1770.0,False
28.0,21.0,25.31447388201077,15.985764819853346,1655.0,False
4.0,22.0,25.116802342611173,15.221110890880396,2517.5,False
18.0,7.0,25.17713133849973,15.938706746711539,1770.0,False
19.0,6.0,23.18621000288643,15.102691897499465,1770.0,False
8.0,14.0,23.62611282450556,15.314557551320627,2057.5,False
9.0,17.0,22.460219562812245,17.144015553029682,2057.5,False
15.0,22.0,25.322366087446458,15.755438648112985,1712.5,False
30.0,14.0,24.584025903298635,13.901643775650456,1655.0,False
18.0,12.0,24.450866860466473,15.595062698107142,1770.0,False
28.0,23.0,22.984312156426192,17.313040859593407,1712.5,False
23.0,12.0,24.460144336206362,13.900171473036789,1655.0,False
16.0,24.0,23.818206900724615,17.384749232487202,1712.5,False
23.0,10.0,25.98107522666247,17.450561401592566,1770.0,False
4.0,14.0,25.452273090949753,15.742852665056557,2632.5,False
8.0,15.0,24.10393152762623,14.82975491784488,2000.0,False
24.0,13.0,25.2338222691947,13.534538695351571,1655.0,False
23.0,2.0,22.658020003433354,13.562020037948518,1712.5,False
12.0,12.0,22.405601996506405,15.0523816058451,1770.0,False
17.0,14.0,24.522603198701457,16.632287175741613,1770.0,False
19.0,13.0,24.907143311755572,17.269494090128244,1770.0,False
26.0,23.0,22.21222575727787,14.119113220482479,1655.0,False
19.0,6.0,22.803853404791283,15.451010421543106,1827.5,False
15.0,15.0,24.149071907689894,15.506902538732842,1770.0,False
14.0,5.0,22.2512663983553,15.021213501582794,1827.5,False
15.0,28.0,23.6962113451348,15.65982426513391,1655.0,False
20.0,23.0,23.928319117833205,17.200088927231594,1712.5,False
26.0,32.0,25.68723892855337,15.254116602069272,1597.5,False
16.0,27.0,23.262705985583523,14.051118912365494,1655.0,False
12.0,13.0,22.674673893740138,16.161798269826694,1827.5,False
12.0,21.0,22.0300330348759,13.625498098133606,1712.5,False
22.0,13.0,22.486432424174595,17.26046105796662,1770.0,False
24.0,26.0,25.00346399528463,17.259550624361296,1712.5,False
8.0,15.0,23.779687529864585,13.868570414331723,2000.0,False
7.0,14.0,22.79490017094626,15.703547383361526,2172.5,False
18.0,27.0,25.73211077728827,16.68956147365019,1712.5,False
9.0,24.0,25.150153273754896,15.358313918984075,2000.0,False
24.0,30.0,22.45745876539939,15.415086538203692,1655.0,False
13.0,7.0,23.0758294195734,17.380800014022523,1885.0,False
9.0,12.0,25.397765930105184,14.4220323719191,1885.0,False
28.0,13.0,24.76972667118968,15.605240755590467,1712.5,False
10.0,15.0,25.782180857049486,13.959872645870199,1827.5,False
13.0,16.0,22.30499775227856,14.70976060111536,1712.5,False
10.0,13.0,25.10164489167492,16.90361770995696,1942.5,False
8.0,23.0,22.305645663374257,16.36579462991016,2115.0,False
4.0,11.0,23.34664774276873,15.94801514758267,2632.5,False
6.0,21.0,25.002675072701305,13.955554259792242,2230.0,False
10.0,25.0,24.844039897010514,16.902794198148072,2000.0,False
6.0,19.0,22.008471292560973,14.6924371888705,2287.5,False
18.0,14.0,22.80777173140242,15.639931375803272,1770.0,False
20.0,10.0,25.114294706214245,14.433898793720562,1712.5,False
15.0,9.0,22.504590050458887,15.582946274276901,1827.5,False
13.0,22.0,23.305515623838403,15.748558139356266,1770.0,False
17.0,16.0,22.73555802758529,14.86187376702522,1712.5,False
26.0,6.0,22.445818141642583,15.523686587838363,1770.0,False
25.0,32.0,25.346502981292048,15.124209503392013,1597.5,False
6.0,20.0,22.24536697940734,16.28998164074501,2345.0,False
10.0,25.0,24.144199793291698,15.675565332645851,1942.5,False
12.0,15.0,24.770682046836964,17.01230440123691,1827.5,False
12.0,29.0,22.230360874617553,13.698567830081576,1770.0,False
18.0,11.0,24.533707082592457,13.606554634668072,1712.5,False
15.0,10.0,23.336262060964533,14.254197410782208,1770.0,False
6.0,26.0,25.33418089509638,13.974306303710726,2230.0,False
14.0,26.0,25.190638488871624,15.603583091185154,1712.5,False
17.0,17.0,25.175620148866585,14.300536206343939,1712.5,False
8.0,9.0,23.594653936648236,13.564194498641669,1942.5,False
24.0,13.0,25.29019275900165,14.630488221712364,1655.0,False
6.0,22.0,24.5199280160441,15.536812150962547,2287.5,False
28.0,25.0,23.514734261206097,16.35702059221049,1655.0,False
8.0,14.0,22.322679821821673,15.253579227539715,2057.5,False
25.0,6.0,22.26727565071495,17.35085731350765,1827.5,False
27.0,20.0,23.00560653775353,14.297810649081494,1655.0,False
31.0,22.0,23.19833857801867,15.55624793736958,1655.0,False
23.0,15.0,25.710113165788577,14.512734917020131,1655.0,False
23.0,18.0,25.99975221547604,16.72667163473801,1712.5,False
19.0,32.0,22.57469538980072,14.251033844288505,1597.5,False
23.0,12.0,25.77107295985088,17.34640435010457,1770.0,False
9.0,18.0,24.826160046741002,16.366425982489087,2000.0,False
17.0,19.0,23.9944326734661,15.72746032457422,1712.5,False
17.0,17.0,25.818746557395617,15.629392282670837,1712.5,False
25.0,26.0,24.8547727292852,14.949880943592282,1655.0,False
16.0,19.0,24.374618088476304,13.584104240664018,1655.0,False
15.0,17.0,22.838107056079004,17.160495063679885,1770.0,False
19.0,9.0,22.97777580748316,16.679749344702167,1827.5,False
12.0,21.0,25.646006944264983,14.039432329593655,1712.5,False
9.0,9.0,22.860155124778345,13.988318424771023,1885.0,False
16.0,5.0,22.129224057178632,14.732402687394462,1827.5,False
15.0,16.0,23.064908391538182,16.552557616396456,1770.0,False
12.0,18.0,23.922222878448927,15.512660120747098,1770.0,False
14.0,34.0,23.527859042928633,16.11683953345358,1770.0,False
14.0,21.0,25.743211994440223,13.524777119987995,1655.0,False
13.0,25.0,23.674296177762006,17.194818192705306,1827.5,False
14.0,14.0,25.55621075065926,14.162743251817778,1712.5,False
20.0,17.0,24.37865173595708,14.775605101314047,1712.5,False
13.0,31.0,24.09649868964741,17.28860226077061,1827.5,False
29.0,15.0,22.64078253061757,16.431574140960823,1712.5,False
27.0,24.0,23.08412765512089,15.544266821825913,1655.0,False
16.0,17.0,25.46866710727611,16.95166405721362,1770.0,False
14.0,11.0,25.119828845931096,13.745049226863081,1712.5,False
17.0,18.0,23.789693457796325,13.805171331775465,1655.0,False
25.0,11.0,25.63608861707316,14.120643675336158,1655.0,False
20.0,2.0,25.276714812347414,14.558284132679022,1770.0,False
23.0,12.0,22.44833733251602,16.336118671800524,1770.0,False
17.0,11.0,24.42372197520921,15.629670516464387,1770.0,False
19.0,14.0,25.195372826963236,15.20417833325936,1712.5,False
13.0,26.0,25.233376511736697,16.63035396373602,1770.0,False
22.0,15.0,22.365364711640506,14.768642393446983,1712.5,False
11.0,25.0,22.898444678121447,13.84182983558522,1827.5,False
21.0,18.0,23.652157267235673,15.087065533268529,1712.5,False
25.0,3.0,23.006524377764773,16.565645094224426,1827.5,False
9.0,10.0,22.43575258679198,15.396342860686199,1942.5,False
19.0,28.0,24.515201718643848,17.40859172998814,1712.5,False
8.0,19.0,24.02989380615092,16.924509214334506,2115.0,False
21.0,28.0,22.619959017194216,16.663815433796984,1655.0,False
7.0,13.0,24.34552798510831,16.59272239895338,2172.5,False
28.0,21.0,22.248059813625858,15.824496278013257,1712.5,False
9.0,23.0,23.532164237093244,17.104598808442113,2057.5,False
30.0,31.0,25.17007185416155,15.859488450200892,1655.0,False
23.0,4.0,25.56019854626081,14.990146027143158,1712.5,False
18.0,29.0,22.98093853119823,14.283605493570873,1655.0,False
23.0,15.0,25.438035195956854,16.752379652006525,1712.5,False
23.0,25.0,25.567031120510382,14.984549199572033,1655.0,False
29.0,17.0,24.427529218415756,16.663612937559922,1712.5,False
12.0,18.0,25.92871159049912,17.432011280829144,1827.5,False
18.0,14.0,22.98470328957123,15.094826394032305,1712.5,False
8.0,24.0,22.275896928409175,14.8629650843205,2057.5,False
19.0,12.0,25.373772607534228,14.180371143220679,1712.5,False
10.0,16.0,23.963722636798217,15.401406404551146,1885.0,False
18.0,18.0,23.385815516407288,16.11607384846507,1712.5,False
18.0,22.0,22.220931325963605,14.751146948523266,1655.0,False
16.0,16.0,22.258497915284195,15.442662435877455,1712.5,False
17.0,20.0,22.36286580272757,15.64829119400618,1712.5,False
22.0,16.0,22.734570082222614,14.60094936573028,1712.5,False
23.0,20.0,25.881603696894224,13.594045762562239,1597.5,False
16.0,20.0,23.1256165682486,14.362495670136969,1655.0,False
18.0,21.0,25.268189201809058,16.71259854524955,1712.5,False
28.0,24.0,22.07765512159777,14.612249372527891,1655.0,False
9.0,17.0,23.287260244392805,13.555287730932903,1885.0,False
8.0,11.0,25.624769731944177,15.1997946267408,2000.0,False
7.0,20.0,22.74016313152595,16.229884965154575,2230.0,False
20.0,7.0,23.136094081653905,16.509637758554454,1827.5,False
15.0,11.0,25.306059526852195,15.155593360074507,1770.0,False
23.0,23.0,22.485566745808292,15.787433565946909,1655.0,False
20.0,15.0,22.212732763089537,16.482033006111628,1770.0,False
14.0,17.0,25.863907019948975,17.056966009402593,1770.0,False
27.0,32.0,23.619167034748703,16.05959694357034,1655.0,False
22.0,12.0,24.631485079112462,16.26345107126788,1770.0,False
12.0,4.0,22.508463645605406,13.89470051131517,1827.5,False
14.0,8.0,22.880709591467454,15.181801150737723,1827.5,False
13.0,12.0,23.839923032639696,17.05583539942367,1827.5,False
10.0,21.0,24.700612869715112,14.142880223779645,1885.0,False
9.0,23.0,23.172991644506364,14.739837684538838,1942.5,False
28.0,18.0,25.538535004160167,16.21185425763654,1712.5,False
15.0,12.0,25.124576014493016,17.108295855929818,1827.5,False
15.0,17.0,24.206231563434155,13.73616146655224,1712.5,False
21.0,4.0,23.83684473375859,16.981967905661925,1827.5,False
18.0,20.0,24.478170170970035,14.381290855531525,1655.0,False
28.0,19.0,24.926652665788183,16.943423243600513,1712.5,False
23.0,4.0,22.53980118116288,17.05694225982653,1885.0,False
16.0,24.0,25.410565450243542,16.601929701362266,1712.5,False
14.0,22.0,23.95761113463098,17.195266198408834,1770.0,False
32.0,13.0,25.741375959238205,17.344632355702977,1770.0,False
21.0,19.0,25.82216958445646,17.200744410992016,1712.5,False
29.0,19.0,22.122867284072342,15.552516281164063,1712.5,False
9.0,9.0,23.537923903075587,15.354707052629966,1942.5,False
25.0,11.0,24.104893652985062,13.920825039922114,1655.0,False
19.0,20.0,24.158381952509483,14.3643638758512,1655.0,False
9.0,28.0,25.289573467388035,16.109461543184967,2000.0,False
18.0,18.0,22.564415949715073,14.009367290584215,1655.0,False
20.0,18.0,24.489930758779693,17.269522118127718,1770.0,False
3.0,19.0,25.77038795138105,14.40818398138088,2747.5,False
16.0,15.0,25.986764775217146,13.851723958817098,1655.0,False
24.0,6.0,22.040342163918975,14.440981246175827,1712.5,False
13.0,15.0,25.89026913159377,13.695646358068307,1712.5,False
16.0,27.0,22.488840111121185,14.164358500801617,1655.0,False
16.0,23.0,24.14780215087745,15.850736254293341,1712.5,False
13.0,28.0,22.98547923713376,14.656653754376695,1712.5,False
28.0,10.0,24.425564149576132,16.704641701952585,1770.0,False
23.0,17.0,22.148106366801592,15.118934940502964,1712.5,False
8.0,18.0,22.953330722691177,16.35585844083284,2115.0,False
34.0,11.0,23.20230253279589,16.333175550914962,1770.0,False
26.0,11.0,25.662428728318737,14.043112964033934,1655.0,False
13.0,23.0,24.334518187393847,13.726325535459644,1655.0,False
24.0,20.0,24.832838889438893,16.867975959917366,1712.5,False
8.0,20.0,24.704060733268282,16.303404009178,2115.0,False
34.0,12.0,23.56915334639673,14.19992363678369,1655.0,False
20.0,17.0,22.05608427424834,16.219967587127474,1712.5,False
20.0,4.0,22.428083053064803,14.817871918706985,1770.0,False
8.0,9.0,23.8352339376148,13.727016334345238,1942.5,False
27.0,17.0,25.7651791154716,14.415050910389795,1655.0,False
5.0,13.0,22.995031229734163,16.523219410229412,2460.0,False
12.0,30.0,24.793274878473817,15.062908993157244,1770.0,False
9.0,16.0,25.306383372405428,15.679448078149786,1942.5,False
23.0,7.0,25.62714113673104,14.04616871708053,1712.5,False
11.0,4.0,23.173945648030802,13.870641814144896,1827.5,False
27.0,21.0,25.725132698243016,14.457008955365769,1655.0,False
20.0,10.0,24.431929042152717,15.39015059513686,1770.0,False
5.0,10.0,24.033627136471097,16.887964686774925,2460.0,False
3.0,15.0,25.11357052744354,16.553566465517164,2805.0,False
6.0,12.0,22.95485045344586,14.140257645294165,2230.0,False
19.0,19.0,25.250320926163855,13.785886431806343,1655.0,False
23.0,16.0,24.599850777766946,14.402030981742943,1655.0,False
12.0,8.0,25.1974645153814,16.909313938818844,1885.0,False
25.0,23.0,25.422888780197837,15.563389973888683,1655.0,False
6.0,15.0,24.469389772095127,16.72761032523685,2345.0,False
23.0,19.0,22.146940432033876,14.978328803744766,1655.0,False
28.0,2.0,23.19099064052666,15.861772378498562,1770.0,False
23.0,19.0,25.512078979846343,15.878931371647456,1712.5,False
21.0,13.0,24.50782604384279,16.00691238045822,1770.0,False
25.0,16.0,25.560225450482307,15.380605098545345,1712.5,False
5.0,13.0,23.53811400819715,14.456958404970699,2402.5,False
11.0,33.0,24.018909823229297,15.213939396375899,1885.0,False
9.0,11.0,25.450369768683657,17.399033825778318,2000.0,False
17.0,27.0,25.04812543103345,14.588449005441953,1655.0,False
22.0,28.0,23.510004525149075,16.399313331406656,1655.0,False
19.0,15.0,22.09052114416582,17.27891661335201,1770.0,False
25.0,13.0,25.521358252630822,15.765022695251144,1712.5,False
10.0,14.0,25.145427385931278,15.457343938003145,1885.0,False
22.0,32.0,23.796643322865858,13.983351179049064,1597.5,False
11.0,19.0,24.184961948560744,16.51306875819274,1885.0,False
12.0,17.0,22.81724806853622,17.145964056212307,1827.5,False
21.0,5.0,23.648404359343473,17.422739261530236,1885.0,False
31.0,25.0,22.652781708045815,14.306630004351014,1597.5,False
19.0,7.0,22.842278294363343,17.180221652058485,1885.0,False
6.0,6.0,25.38547797329371,14.981071817501313,2230.0,False
19.0,12.0,23.449889511112676,15.976610053345759,1770.0,False
5.0,16.0,25.258893291705444,14.394602544893335,2402.5,False
26.0,27.0,23.895599456191114,14.493559085032128,1597.5,False
21.0,23.0,22.28311110362309,15.97583263303992,1712.5,False
10.0,11.0,23.446108754424806,15.439331521432646,1885.0,False
8.0,14.0,22.63309381844406,17.35759332675595,2115.0,False
10.0,23.0,24.77430565850537,14.557855683220113,1885.0,False
31.0,17.0,25.645576187269878,17.012146647224483,1712.5,False
16.0,10.0,25.052302256453377,15.341898684766097,1770.0,False
23.0,15.0,25.113750434584183,14.03821626252148,1655.0,False
19.0,19.0,25.447466186775067,14.456506862976946,1655.0,False
18.0,31.0,25.10665860312766,16.522798470438605,1655.0,False
9.0,20.0,24.274293009626767,16.806534995057476,2057.5,False
29.0,4.0,24.85710515784001,13.658253357472024,1655.0,False
13.0,21.0,23.66381901558397,15.14011854624117,1712.5,False
18.0,12.0,22.283151903595176,15.476690601856912,1770.0,False
21.0,25.0,24.82231918137915,15.96013342262912,1655.0,False
20.0,15.0,24.88664385636057,16.102468566000454,1712.5,False
29.0,11.0,22.894890361716023,16.822234943446368,1770.0,False
9.0,16.0,25.815766255301224,14.593558255335441,1942.5,False
17.0,12.0,22.210045730557972,13.947712529057547,1712.5,False
15.0,12.0,24.943836193111533,14.245947094563263,1712.5,False
16.0,18.0,25.8739135545093,17.247384924663738,1770.0,False
9.0,22.0,23.236599110799922,15.686728513913017,2000.0,False
9.0,24.0,25.64986167243352,14.376379569596217,1942.5,False
13.0,15.0,25.305745012921875,16.643459090394636,1770.0,False
13.0,7.0,24.97643786108494,15.848029602050321,1827.5,False
15.0,16.0,25.815166271231448,14.969311195932281,1712.5,False
19.0,15.0,24.616228299233608,13.573210120781852,1655.0,False
19.0,11.0,23.979522609462933,16.631145841507514,1770.0,False
15.0,27.0,24.702724087208264,16.369766263453577,1712.5,False
15.0,31.0,23.64729517030975,14.54842660670744,1655.0,False
11.0,6.0,23.29954869365154,14.5624798964133,1827.5,False
18.0,23.0,22.32898250012611,14.585952118023052,1655.0,False
13.0,19.0,23.512034313641582,16.181679119017023,1770.0,False
5.0,12.0,25.212780233942745,14.676709135653201,2402.5,False
15.0,19.0,25.78174315302619,14.741451020127922,1712.5,False
16.0,9.0,25.90060687029217,15.006475975563996,1770.0,False
11.0,7.0,22.82610348384006,17.420805305090703,1942.5,False
18.0,33.0,24.285727047903816,15.340393627765502,1655.0,False
18.0,19.0,24.30299263347004,15.009501421286629,1712.5,False
21.0,12.0,22.704190178221346,15.380091910577589,1770.0,False
20.0,16.0,24.326512811077755,16.376814019387385,1712.5,False
20.0,29.0,23.45105136127115,17.034762941198093,1655.0,False
13.0,15.0,25.769625743864616,17.463207264993557,1770.0,False
23.0,27.0,23.020808800902866,15.444256914680457,1655.0,False
17.0,26.0,25.339844782033396,15.3405721359069,1655.0,False
15.0,14.0,25.587422513250885,14.821246334373424,1712.5,False
19.0,21.0,24.943489022131462,16.616370458512456,1712.5,False
14.0,20.0,22.858709111557857,16.122344671993105,1712.5,False
17.0,23.0,23.041476273465875,14.95345805429119,1655.0,False
22.0,14.0,25.884471461878967,15.574166726385206,1712.5,False
26.0,6.0,22.303316264484575,14.323283093140656,1712.5,False
28.0,10.0,22.468343628816505,16.27597459452391,1770.0,False
17.0,19.0,25.914278937512094,14.508494188454108,1655.0,False
17.0,23.0,25.10757909676288,14.898184276090237,1655.0,False
23.0,22.0,24.985535404240842,13.772474322766914,1597.5,False
13.0,18.0,22.6408310445828,14.379481751799526,1712.5,False
24.0,7.0,23.955755326105677,14.27953020329953,1712.5,False
16.0,4.0,25.363050409938246,16.441226734031574,1885.0,False
8.0,23.0,23.31548280483689,16.277871153759257,2115.0,False
7.0,17.0,22.771060529657642,15.652575235419679,2172.5,False
25.0,23.0,22.043781271072532,15.048226045879046,1655.0,False
6.0,10.0,24.490169939443042,17.057652478350327,2287.5,False
13.0,15.0,23.17524124112718,17.036333390892594,1770.0,False
14.0,28.0,25.454689707514163,15.911340692795934,1712.5,False
10.0,10.0,23.13407234703816,16.1317921800938,1885.0,False
13.0,6.0,22.606303248738012,16.68580282276104,1885.0,False
22.0,20.0,25.841790048017273,16.39109983448495,1712.5,False
4.0,18.0,25.859108049018037,14.399605928750322,2575.0,False
24.0,29.0,24.74009531341096,15.51344280678463,1655.0,False
25.0,27.0,25.713542810385086,14.107543614806897,1597.5,False
14.0,22.0,22.647334324995132,16.73752341396199,1770.0,False
10.0,4.0,23.841363439881178,16.114307455396375,1942.5,False
19.0,16.0,22.816635563857112,17.416364869909,1770.0,False
9.0,27.0,23.915133032780115,14.046038745745848,1942.5,False
14.0,15.0,25.164711994987222,15.540590738693616,1770.0,False
30.0,30.0,25.379711388000253,16.396041353045504,1655.0,False
33.0,20.0,22.0166575770708,16.969369330143405,1712.5,False
23.0,8.0,23.55801358679945,16.913590924955184,1827.5,False
13.0,17.0,25.976274748449903,14.307997841711547,1712.5,False
20.0,21.0,24.35725984726014,17.429283754639474,1712.5,False
21.0,7.0,23.184783718791806,17.425371150567997,1827.5,False
15.0,14.0,23.55597704016705,17.376234591326295,1827.5,False
19.0,21.0,23.29025498653517,15.954451238782394,1712.5,False
3.0,10.0,23.790393720121738,16.827741033895354,2920.0,False
11.0,14.0,23.777946534366542,13.804134430803218,1770.0,False
17.0,20.0,24.027453220789855,14.521841666832456,1655.0,False
10.0,23.0,23.858024028769293,13.867983601867564,1827.5,False
10.0,17.0,24.064454739825937,15.522242868169212,1885.0,False
24.0,30.0,22.11195580130073,17.35892063804463,1655.0,False
32.0,28.0,22.217707585908972,16.09668300092882,1655.0,False
18.0,16.0,23.484575892831913,15.345008468091732,1712.5,False
25.0,10.0,25.539766256967873,16.67134294373081,1770.0,False
32.0,23.0,25.163329213606335,15.701344814130103,1655.0,False
9.0,12.0,22.440614567646257,15.330590667801582,1942.5,False
16.0,25.0,23.979323834973393,16.01731272407345,1712.5,False
15.0,18.0,24.418349083912624,15.547202747462805,1712.5,False
7.0,15.0,23.924756971340358,16.06618084957187,2172.5,False
22.0,18.0,24.790266547916243,16.710548083017965,1712.5,False
15.0,17.0,25.989052632358085,15.349674046182452,1712.5,False
16.0,28.0,22.385896519748684,15.16008499483986,1655.0,False
9.0,11.0,24.062136125828008,15.734662149045342,1942.5,False
10.0,28.0,24.049485851850214,17.119014536443437,2000.0,False
27.0,5.0,24.24951519092273,15.19192913503564,1712.5,False
6.0,22.0,22.66786982393183,16.890998879950743,2345.0,False
12.0,28.0,24.553431163956876,15.968651482325786,1827.5,False
13.0,15.0,22.177363690355104,13.549588586370216,1712.5,False
16.0,7.0,24.964493947727288,15.404810286189727,1770.0,False
18.0,23.0,24.65263810256045,14.342141711822194,1655.0,False
16.0,25.0,23.321694673650654,14.101465440302174,1655.0,False
7.0,14.0,25.955957444400198,14.43775154528796,2115.0,False
12.0,17.0,25.315113530684712,16.349677388611358,1827.5,False
25.0,24.0,24.158142540176094,16.0095308995974,1655.0,False
19.0,11.0,25.962041639742427,15.647412513328206,1770.0,False
20.0,19.0,25.32036257491312,15.48107416167979,1712.5,False
20.0,15.0,22.55190912054646,15.056712023307618,1712.5,False
22.0,10.0,24.36424241675771,17.046271581523868,1770.0,False
6.0,24.0,24.3234305467318,17.229816952265185,2345.0,False
14.0,13.0,24.611780686878,16.557751190151322,1770.0,False
17.0,28.0,25.763026366309713,14.65289818599397,1655.0,False
14.0,18.0,23.96812765322337,17.15545632972696,1770.0,False
25.0,17.0,22.309525854735263,16.776541507149435,1712.5,False
16.0,15.0,23.917325442101397,13.996105770976863,1712.5,False
22.0,15.0,25.151177547660573,14.866710203088553,1712.5,False
25.0,24.0,23.434435099174202,14.810423745316381,1655.0,False
17.0,20.0,22.108419623683766,16.42018712468091,1712.5,False
27.0,23.0,23.21297288762657,15.595594242359855,1655.0,False
18.0,15.0,24.728599778811848,14.567538337389667,1712.5,False
25.0,12.0,22.344037712343525,14.423178467686991,1712.5,False
14.0,7.0,23.503859234756995,15.330020172401799,1827.5,False
17.0,23.0,22.53252334000334,16.163828119045125,1712.5,False
17.0,15.0,23.903714366924756,15.53490373643086,1712.5,False
8.0,17.0,22.56605396708835,14.544134037277345,2057.5,False
15.0,16.0,22.43614790003884,15.979940283865501,1770.0,False
28.0,15.0,24.79119516771401,17.49564923086481,1770.0,False
19.0,20.0,22.632006354548043,14.206675005020044,1655.0,False
10.0,19.0,22.61918317833531,15.61359830273737,1942.5,False
14.0,31.0,24.370076701864445,15.002624519886046,1712.5,False
11.0,9.0,22.174375246263395,14.3736635299813,1827.5,False
4.0,18.0,22.13197051520077,17.00196891656705,2575.0,False
28.0,6.0,23.725785075788426,17.331082010001484,1827.5,False
16.0,24.0,23.460381932898237,14.900783130178073,1655.0,False
13.0,19.0,24.178477608661982,14.889162325187584,1712.5,False
18.0,15.0,25.973938469160995,13.86704834062462,1655.0,False
3.0,23.0,23.738825984103165,15.971012863287847,2517.5,False
13.0,16.0,24.304233509828766,13.606181427603858,1712.5,False
21.0,11.0,25.676974504716107,15.484841674533293,1712.5,False
19.0,16.0,23.932716412085533,14.111258130717848,1655.0,False
31.0,7.0,25.12448210228855,16.189273138611686,1770.0,False
19.0,27.0,24.194610143770927,17.21564037652023,1712.5,False
16.0,21.0,24.548828991294616,13.85513075369197,1655.0,False
22.0,22.0,25.730009761108683,16.61096192323857,1712.5,False
27.0,26.0,22.002815073270753,16.822272411099526,1712.5,False
21.0,23.0,25.6037595570079,14.204825228756263,1655.0,False
30.0,15.0,23.990768078628154,17.190569206528167,1770.0,False
23.0,9.0,24.427057476966215,15.98367135755533,1770.0,False
25.0,14.0,23.800231887850046,15.639747766011638,1712.5,False
8.0,28.0,23.043674517409293,16.185650019129547,2115.0,False
22.0,29.0,22.264028760467692,14.652436538806338,1655.0,False
15.0,22.0,25.780502837933078,13.60164346692488,1655.0,False
18.0,11.0,24.495504825098944,15.268204894568342,1770.0,False
20.0,11.0,25.49388294984724,16.473385614820074,1770.0,False
30.0,26.0,23.16323313221952,17.17460157048925,1712.5,False
32.0,9.0,23.11199579679515,15.220415269192147,1712.5,False
13.0,18.0,23.34313777882916,14.554590766406978,1712.5,False
22.0,14.0,22.92415291575763,14.025182011119728,1655.0,False
22.0,13.0,23.991882853538527,17.241977339094177,1770.0,False
14.0,20.0,25.744966188644806,14.42378030351448,1712.5,False
9.0,30.0,25.504250686519928,17.14428492941205,2057.5,False
5.0,23.0,23.98040181584796,14.235024814246623,2402.5,False
23.0,16.0,23.3950498633041,13.572530956660197,1655.0,False
16.0,15.0,24.446751211054234,14.396881301699317,1712.5,False
32.0,27.0,24.449032533916167,15.471158147521193,1655.0,False
16.0,18.0,24.73505635601606,14.894819980239031,1712.5,False
31.0,16.0,24.14240010332582,17.130882946337486,1712.5,False
15.0,20.0,22.107021040826808,15.680338146912646,1712.5,False
23.0,12.0,22.304186069389175,13.971077944080001,1712.5,False
7.0,7.0,25.895099941619353,16.00132794650295,2115.0,False
18.0,25.0,24.98494118053275,15.055787405238153,1655.0,False
23.0,19.0,25.79298759440889,16.2157653816098,1712.5,False
28.0,10.0,23.358102404073215,16.64470678626064,1770.0,False
24.0,13.0,24.139797673253177,17.44220577986651,1770.0,False
5.0,32.0,23.287807676346596,15.806584235122282,2230.0,False
14.0,19.0,25.63574018712915,14.967002681473772,1712.5,False
6.0,19.0,23.150933532664375,15.234401405907871,2287.5,False
8.0,7.0,24.775245215485945,15.110486975864736,2000.0,False
20.0,30.0,22.70022229956453,15.302149328233073,1655.0,False
21.0,26.0,22.42100580430669,13.620234674379901,1597.5,False
23.0,17.0,22.622538257225365,14.489312954887383,1655.0,False
25.0,13.0,24.117821066464614,17.45104321787134,1770.0,False
22.0,21.0,25.378164162036786,17.212058108508014,1712.5,False
23.0,24.0,25.997118900691625,13.693155869682247,1597.5,False
6.0,23.0,24.490732175311123,17.41832351067036,2402.5,False
12.0,31.0,24.134414127388666,16.667816650545227,1885.0,False
19.0,19.0,25.14753036186069,13.510988504550244,1655.0,False
25.0,13.0,22.254976810218235,17.153854220855408,1770.0,False
2.0,17.0,25.23758894138376,17.341476925255368,2805.0,False
17.0,24.0,25.033518163967308,16.015032072271428,1712.5,False
20.0,12.0,24.118166104419817,16.653316007110895,1770.0,False
5.0,11.0,22.091947902985602,14.830126621625848,2402.5,False
15.0,21.0,22.808787922098656,15.78928504619566,1712.5,False
27.0,16.0,23.478850397617247,16.42619979655247,1712.5,False
20.0,24.0,25.764888903715782,15.745043570930562,1655.0,False
12.0,9.0,24.55395529676019,14.718420294502476,1770.0,False
25.0,14.0,24.040370452995308,16.09680108521823,1712.5,False
14.0,12.0,23.95370568162326,16.853675702351993,1827.5,False
25.0,21.0,25.1199029264766,16.844032859410515,1712.5,False
13.0,22.0,23.294520955858435,14.028683867721309,1712.5,False
18.0,16.0,22.378099215140573,15.281683184727346,1712.5,False
15.0,16.0,24.708173231159083,13.65495689207241,1655.0,False
12.0,9.0,23.316064031615642,16.03106657774758,1827.5,False
26.0,21.0,23.302371347927025,14.468648859365164,1655.0,False
10.0,33.0,23.818860944376517,17.221419352164727,2000.0,False
7.0,23.0,22.970936086941393,15.973023770977639,2230.0,False
14.0,11.0,25.686810119228507,15.102470458969497,1770.0,False
21.0,19.0,25.38788168868999,16.425852757106746,1712.5,False
24.0,13.0,25.964353323892247,14.32956678060068,1655.0,False
34.0,5.0,25.85819518372265,13.865727223434396,1655.0,False
13.0,10.0,23.257821380854203,13.849526123098096,1770.0,False
15.0,8.0,23.52239183472314,15.831220639391413,1827.5,False
9.0,11.0,24.793031961200292,17.05547418269662,2000.0,False
18.0,23.0,22.063383610212927,14.391032419127612,1655.0,False
34.0,13.0,25.975555541555142,16.540193543044552,1712.5,False
21.0,22.0,22.043372328264468,13.650494102734722,1655.0,False
18.0,29.0,24.125943700409245,14.913360292790628,1655.0,False
15.0,18.0,24.674801248521483,16.11486603823228,1712.5,False
27.0,16.0,25.656585231820547,16.80500225031477,1712.5,False
17.0,22.0,24.57654528311244,17.272767121715425,1712.5,False
9.0,8.0,24.387875198813603,16.0302814598364,1942.5,False
14.0,15.0,23.20143719660123,15.350696930248795,1770.0,False
7.0,17.0,24.363685579848145,13.742545568071748,2115.0,False
11.0,24.0,24.998806051969098,14.602590587364869,1827.5,False
4.0,24.0,24.0623667158207,17.192447223287537,2460.0,False
16.0,25.0,25.1185411931485,15.831586172320847,1655.0,False
19.0,21.0,22.27845218749674,14.870709153267326,1655.0,False
14.0,17.0,23.341509803998377,14.495267493353246,1712.5,False
15.0,24.0,25.83925573625616,13.954628110750624,1655.0,False
30.0,26.0,23.293777652262513,16.506419914050237,1655.0,False
22.0,16.0,24.487421207262344,15.149504546153235,1712.5,False
17.0,32.0,24.079539030667267,17.246197461502437,1655.0,False
13.0,26.0,25.74649605329086,15.31756684478262,1712.5,False
27.0,17.0,22.651087505624208,16.773506254385822,1712.5,False
12.0,7.0,23.197552398039036,14.020950492975242,1827.5,False
13.0,11.0,25.449509221723446,14.103630509106857,1770.0,False
27.0,23.0,24.664810179092793,14.592847658968513,1655.0,False
17.0,8.0,24.1721974426762,14.26493863772776,1770.0,False
22.0,16.0,23.579601567964755,17.406962349027523,1770.0,False
18.0,19.0,23.64526173208204,16.732567002624506,1712.5,False
20.0,26.0,25.739690731058005,14.893648973575662,1655.0,False
13.0,25.0,24.684302418135246,15.57929262868835,1770.0,False
12.0,22.0,25.716393545660548,15.632992467072912,1770.0,False
13.0,15.0,25.888744435151974,15.928836219986792,1770.0,False
10.0,9.0,24.18803202441278,13.91446699133153,1827.5,False
26.0,20.0,24.43955578092525,14.895920660072285,1655.0,False
13.0,10.0,24.625459716284265,13.843719197853485,1770.0,False
18.0,18.0,25.356676011519408,17.176260874681102,1770.0,False
23.0,31.0,24.636286850425204,15.113815494440372,1597.5,False
23.0,18.0,22.45858968872972,16.408068176979086,1712.5,False
15.0,19.0,25.769720438216666,17.18330563801692,1770.0,False
16.0,20.0,24.643737433814536,14.737749304301651,1712.5,False
33.0,24.0,25.479669087158168,13.851396781642713,1597.5,False
20.0,15.0,23.698950983127872,14.844864979625232,1712.5,False
24.0,17.0,23.89886543156247,16.183950169210362,1712.5,False
27.0,10.0,24.755425410890133,15.499189866010571,1712.5,False
23.0,19.0,25.105615945328193,13.799814271329655,1655.0,False
10.0,13.0,22.313834839928198,13.780784947023463,1827.5,False
18.0,17.0,23.629371334104178,16.298246420631994,1712.5,False
8.0,22.0,25.079425521175356,16.44618135609603,2115.0,False
20.0,4.0,25.968943720585244,13.938031123775357,1712.5,False
29.0,18.0,22.046569804785012,16.678871569332582,1712.5,False
17.0,10.0,23.05923290976694,14.882236482862977,1770.0,False
15.0,13.0,23.859394327615227,13.772836552549535,1712.5,False
5.0,5.0,22.891766807073118,14.835444156488256,2345.0,False
30.0,10.0,22.10768879423061,16.421900435185737,1770.0,False
8.0,32.0,24.158172096421367,16.12311295632895,2115.0,False
5.0,34.0,24.59759443615866,15.425883509593817,2230.0,False
12.0,21.0,23.664248243992454,14.618610719903575,1770.0,False
7.0,19.0,23.479512318753358,15.171724730709723,2172.5,False
16.0,23.0,25.94244224071794,15.026442722091513,1655.0,False
17.0,27.0,23.910114092880676,15.060090896613273,1655.0,False
13.0,17.0,25.192277812966754,15.458771801655704,1712.5,False
6.0,5.0,23.148696688783208,15.321135350725323,2230.0,False
8.0,21.0,25.320753012287327,13.909875622876609,2000.0,False
15.0,32.0,25.294798756799587,14.660678264724629,1655.0,False
6.0,12.0,23.070808485772094,14.016437183540194,2230.0,False
21.0,16.0,24.623419808566823,15.90838485834735,1712.5,False
11.0,14.0,24.728059906749404,15.191260068399629,1827.5,False
13.0,15.0,23.77046211577487,16.187702831747586,1770.0,False
15.0,21.0,25.095120251509755,13.850412807353413,1655.0,False
15.0,14.0,23.227541044787955,14.879636291104692,1712.5,False
2.0,29.0,23.937087356470464,14.221406948000967,2575.0,False
8.0,23.0,25.96060682331916,13.868350858051832,2000.0,False
25.0,5.0,22.714702686611997,16.593787116421783,1827.5,False
2.0,24.0,22.591130888068996,14.023746485322267,2517.5,False
17.0,23.0,22.56879474958759,14.199659672293029,1655.0,False
16.0,17.0,25.99243708733829,14.967110794846764,1712.5,False
14.0,17.0,22.639653106374382,14.671051160433622,1712.5,False
15.0,24.0,22.760956947327763,17.17927475351137,1712.5,False
23.0,15.0,24.77914634162969,17.454585739804337,1770.0,False
25.0,10.0,25.037986499219564,15.189602805517419,1712.5,False
12.0,13.0,24.108245221864653,14.304539336318523,1770.0,False
13.0,12.0,25.930676476670474,15.49244674517132,1770.0,False
12.0,20.0,22.155635521284974,15.482674414943443,1827.5,False
16.0,10.0,24.48328347619513,15.364154557793812,1770.0,False
20.0,19.0,24.425877277606467,13.58134491541282,1655.0,False
11.0,16.0,23.284979149145634,14.013507817870131,1770.0,False
14.0,25.0,25.597761880311392,14.064034354881487,1655.0,False
28.0,16.0,24.211526824420346,14.907044406282017,1655.0,False
6.0,28.0,22.98536107263286,15.823151475591223,2287.5,False
16.0,27.0,22.35343406480297,17.01137410908814,1712.5,False
21.0,10.0,22.428475574152703,14.393424750428174,1712.5,False
9.0,20.0,25.589316985080078,16.58480023124083,2000.0,False
6.0,11.0,23.001235049353664,14.404831437449172,2230.0,False
9.0,24.0,25.62802120644697,13.63046680518759,1942.5,False
28.0,19.0,22.48047163519597,16.099433327636632,1712.5,False
3.0,13.0,25.935741028039818,14.358531723111698,2862.5,False
10.0,12.0,25.333396283449236,17.178620033362336,1942.5,False
5.0,15.0,22.464914966388058,17.233677655196317,2517.5,False
8.0,23.0,22.344226011265363,13.920127152048938,2000.0,False
19.0,23.0,25.213748729686067,14.278874720502511,1655.0,False
12.0,5.0,22.312265021158716,14.341654435285387,1827.5,False
18.0,13.0,23.048723942699038,17.145754024681874,1827.5,False
18.0,15.0,25.20499923706708,13.812095222103832,1655.0,False
25.0,18.0,25.630320049393298,16.50467214955918,1712.5,False
3.0,9.0,25.070608233034747,14.65081850795424,2862.5,False
25.0,14.0,25.55957128301148,15.8297382456164,1712.5,False
19.0,26.0,24.239553252149708,14.209128231616681,1655.0,False
10.0,16.0,25.118444648198032,16.726118630629333,1942.5,False
23.0,22.0,23.376745313957695,16.183087763625892,1712.5,False
25.0,16.0,25.14085627598406,13.58458695153599,1655.0,False
12.0,16.0,24.71896362969795,14.448530217075456,1770.0,False
28.0,19.0,24.29932025463624,15.365401052001891,1655.0,False
16.0,12.0,25.969205282729,15.624701806998523,1770.0,False
19.0,12.0,23.879118099499365,16.80908591867303,1770.0,False
32.0,32.0,24.476988950282205,15.047858292302498,1597.5,False
14.0,26.0,24.03962274745539,17.207377625227334,1770.0,False
24.0,22.0,23.04204535830383,14.27554160519869,1655.0,False
13.0,9.0,23.321461923866902,16.930851931150755,1885.0,False
23.0,5.0,25.915143071823763,17.117198120102056,1827.5,False
19.0,10.0,23.568441832058827,16.00674786747753,1770.0,False
11.0,28.0,24.71762506974698,17.370095234050325,1942.5,False
15.0,24.0,24.268389054674856,15.142349185131303,1655.0,False
13.0,17.0,25.559221087238054,16.29713265373376,1770.0,False
7.0,30.0,25.03076031225202,13.540390718353926,2115.0,False
5.0,9.0,22.32260562399943,14.598721817044382,2402.5,False
14.0,18.0,23.421767485754977,15.765476025315815,1712.5,False
4.0,10.0,24.847654171031234,17.003735044151668,2690.0,False
10.0,13.0,22.645427232046803,17.31170269016477,1942.5,False
21.0,29.0,24.01375672623908,15.817733489835442,1655.0,False
21.0,26.0,23.27107619331547,16.923482133033044,1712.5,False
22.0,8.0,22.259016919174012,16.696929636318067,1827.5,False
13.0,12.0,25.988584351354497,16.59469595638025,1827.5,False
26.0,18.0,25.717458398036584,13.945834777206434,1655.0,False
18.0,6.0,24.990104617233303,15.41455597935883,1770.0,False
9.0,18.0,22.804103341013384,15.445037892004038,2000.0,False
9.0,18.0,25.95410477435788,16.64983293455079,2000.0,False
21.0,13.0,24.523169131864087,15.844430049555529,1712.5,False
10.0,13.0,25.864301751469178,16.779410799884904,1942.5,False
17.0,11.0,22.170315629167476,17.32580231848291,1827.5,False
33.0,28.0,22.693882869340683,15.718655415855633,1655.0,False
2.0,15.0,24.70898754084632,16.666844135179236,2920.0,False
4.0,18.0,25.628718844582693,15.742239945686544,2632.5,False
33.0,13.0,22.70312885117124,16.00281072201447,1712.5,False
18.0,21.0,23.2683929585005,15.404025308842485,1712.5,False
9.0,8.0,24.35270932603436,17.33838145507468,2000.0,False
27.0,7.0,25.998644080624924,16.770309233011808,1770.0,False
26.0,22.0,25.19866034713232,16.507765528100464,1712.5,False
17.0,21.0,25.694251115931564,14.818333300917304,1655.0,False
19.0,12.0,24.70005013839097,15.441659963022367,1770.0,False
12.0,14.0,25.509485082666608,16.951635898906073,1827.5,False
6.0,30.0,24.028180129268225,17.24553294842383,2287.5,False
18.0,8.0,22.49663453976877,17.490200041819385,1885.0,False
13.0,10.0,24.838229676925984,16.437716959861664,1827.5,False
20.0,15.0,24.405899689599583,16.423354209475697,1770.0,False
24.0,13.0,23.941400256459435,13.87550140235159,1655.0,False
4.0,20.0,23.099963662071094,16.50616333093669,2517.5,False
18.0,20.0,25.13681204876943,14.886965258202554,1655.0,False
11.0,17.0,25.28164032566595,16.958494143195548,1885.0,False
26.0,19.0,23.456742509740394,13.545003116395739,1597.5,False
12.0,15.0,25.711066238378237,17.237542567636112,1827.5,False
19.0,22.0,23.47896677747444,15.435523361763371,1712.5,False
18.0,5.0,22.43024997925113,14.01182302061486,1770.0,False
15.0,13.0,22.666113470042315,15.90399433545519,1770.0,False
20.0,20.0,23.978061881635668,16.268143415111524,1712.5,False
21.0,14.0,22.319451973404547,16.61919326697426,1770.0,False
18.0,7.0,24.87365017605336,16.30739009104363,1827.5,False
22.0,14.0,25.18038342119137,15.713501176544916,1712.5,False
32.0,21.0,24.197873330781245,13.827776101067464,1597.5,False
15.0,9.0,25.573393811920837,16.95159350173708,1827.5,False
17.0,21.0,25.81714586698501,17.433617977427584,1712.5,False
3.0,23.0,23.79032435084263,16.61202794427296,2517.5,False
23.0,19.0,22.356508672892407,13.638968701679092,1655.0,False
17.0,12.0,22.925056438568294,16.522791501697736,1770.0,False
15.0,23.0,24.630464174853962,14.578564147544366,1655.0,False
8.0,11.0,23.62313753219921,17.348400739305163,2115.0,False
26.0,27.0,24.740037576598578,13.754030240057233,1597.5,False
15.0,21.0,24.666940744611157,13.869033571318854,1655.0,False
20.0,6.0,24.421472546446854,14.225481349497379,1712.5,False
9.0,23.0,22.631330267595935,16.51263244380465,2057.5,False
30.0,17.0,23.143661184228492,16.105619848832525,1712.5,False
10.0,16.0,23.511446506183248,16.408946821993514,1942.5,False
11.0,15.0,25.297671959726358,14.915536976568415,1827.5,False
25.0,19.0,24.728891347053864,17.01830302737982,1712.5,False
27.0,21.0,24.579737064010995,15.285024304864026,1655.0,False
11.0,27.0,24.68854937884389,14.036457768203505,1827.5,False
16.0,12.0,24.012808325805587,16.56989614933371,1770.0,False
22.0,19.0,22.158526861872254,15.61815350885955,1712.5,False
26.0,20.0,22.80448274999585,15.873644041988697,1712.5,False
14.0,20.0,22.561208623201605,15.040483249031738,1712.5,False
17.0,16.0,22.255986657574844,16.342878160478172,1770.0,False
22.0,15.0,23.277906591933196,13.642271816875706,1655.0,False
21.0,22.0,25.150920766785394,15.464703062937192,1655.0,False
23.0,13.0,22.46052721457522,15.208634307874632,1712.5,False
18.0,11.0,22.445690068327686,16.48591212658434,1827.5,False
8.0,17.0,22.49705607676607,14.56347683795397,2057.5,False
27.0,12.0,23.079286765025763,14.434845727544086,1655.0,False
25.0,5.0,22.808828552190494,14.77932908236537,1770.0,False
23.0,6.0,22.055844465894374,15.422174362438614,1770.0,False
8.0,21.0,23.10600925433742,14.33950959577497,2057.5,False
11.0,31.0,25.985177858624468,16.23682805423378,1885.0,False
22.0,16.0,23.345945771423715,14.826445041322883,1712.5,False
4.0,9.0,22.84503612789529,15.186108826199419,2632.5,False
31.0,24.0,23.982855717968686,15.730373708345683,1655.0,False
14.0,12.0,22.91747385699791,15.007501337264827,1770.0,False
21.0,33.0,24.23858080528285,16.304908275459173,1655.0,False
26.0,18.0,23.60262338560332,16.124780792469036,1712.5,False
15.0,12.0,25.587365273117797,16.52733954197261,1770.0,False
13.0,16.0,25.711677048853,15.592018311129891,1770.0,False
19.0,14.0,24.852245032106588,14.96968741820309,1712.5,False
18.0,23.0,22.862776990960946,14.304510844211375,1655.0,False
15.0,8.0,23.895594191493792,15.247544450263725,1827.5,False
19.0,25.0,23.22169266816299,16.992058713411918,1712.5,False
28.0,22.0,25.193109876439493,13.984104395249755,1597.5,False
16.0,25.0,22.116696436614813,14.361607024251636,1655.0,False
11.0,27.0,24.649966777379316,16.160983234619295,1885.0,False
14.0,11.0,23.29290730457651,15.799806786007853,1827.5,False
15.0,17.0,23.924018329793526,17.164742104646205,1770.0,False
9.0,25.0,23.291979885156262,13.616133085821613,1942.5,False
10.0,14.0,23.459160109033455,17.014065145589047,1942.5,False
20.0,6.0,24.69745055517139,16.40195967691118,1827.5,False
14.0,13.0,24.381977333719,16.602066748516165,1770.0,False
29.0,12.0,22.976356982779347,15.014668317054062,1712.5,False
12.0,26.0,22.17455051259051,14.729300894062211,1770.0,False
8.0,16.0,25.42408723941228,13.557511335937635,1942.5,False
22.0,20.0,23.96922672649412,16.64962065792222,1712.5,False
26.0,30.0,24.474920896996732,14.146212861545813,1597.5,False
13.0,13.0,23.953997089855832,14.404516699757789,1770.0,False
11.0,22.0,24.47576082773224,14.606245789787222,1827.5,False
10.0,4.0,24.507889887194292,16.97869729607651,2000.0,False
17.0,8.0,22.060162147017618,14.651601588620489,1770.0,False
16.0,10.0,24.133036466398433,15.202732933523631,1770.0,False
12.0,13.0,24.008431875616267,16.489378093009396,1827.5,False
6.0,15.0,22.383270065156225,17.069084003093348,2345.0,False
16.0,16.0,24.983527443985224,16.664730108228582,1770.0,False
30.0,12.0,22.9434374781751,15.641655467424735,1712.5,False
20.0,7.0,22.21810139101594,13.508716793309201,1712.5,False
16.0,20.0,25.212635896333637,14.1313691187354,1655.0,False
8.0,4.0,25.4605270052491,14.514411076830173,2000.0,False
12.0,24.0,22.962779025260105,15.155062215982177,1770.0,False
13.0,28.0,24.750182067801433,14.948758458499768,1712.5,False
22.0,21.0,22.019802696249986,15.557625372836188,1712.5,False
26.0,18.0,24.88459983352922,15.148110110539815,1655.0,False
27.0,20.0,23.859281773762575,16.40426681690386,1712.5,False
32.0,20.0,25.1699324258732,13.70892283443726,1597.5,False
32.0,28.0,23.572135890663706,17.47891270349164,1712.5,False
29.0,30.0,23.404302910083125,16.872235410149116,1655.0,False
7.0,15.0,25.363139500549885,14.83986666895393,2115.0,False
9.0,19.0,22.154586791660662,15.087208433087675,2000.0,False
13.0,23.0,22.74865994750567,17.354826837414222,1827.5,False
18.0,2.0,23.648515475550344,17.243217172884133,1942.5,False
8.0,17.0,24.38535264556576,15.072694262165909,2057.5,False
25.0,20.0,22.02045005246816,13.738463315094378,1655.0,False
19.0,21.0,24.3005907786695,17.451865467070643,1712.5,False
17.0,14.0,23.5139701585352,16.11501352118529,1770.0,False
10.0,13.0,24.520008174799855,16.2720072417295,1885.0,False
12.0,10.0,25.627895358356916,14.598381844326603,1770.0,False
10.0,18.0,23.7634880465064,16.774817878975217,1942.5,False
25.0,28.0,24.218314573198285,15.729927505431295,1655.0,False
18.0,27.0,23.85115967397143,15.380969335288139,1655.0,False
22.0,14.0,22.474088012846426,16.464807963758698,1770.0,False
13.0,12.0,25.17245195098848,14.987597903487826,1770.0,False
14.0,23.0,25.540782882295165,15.217619271474533,1712.5,False
15.0,21.0,25.245866325133917,16.109307312029692,1712.5,False
22.0,17.0,25.7903862974083,16.058345680509852,1712.5,False
23.0,15.0,23.87211407118754,17.38474386805591,1770.0,False
11.0,9.0,24.609287022010957,15.75140523707141,1827.5,False
29.0,23.0,22.67336641995243,14.783941797145523,1655.0,False
9.0,19.0,25.907232484721042,14.649755509878943,1942.5,False
27.0,14.0,24.322216199495877,15.636076025614749,1712.5,False
8.0,28.0,23.04665243240352,13.978235767213011,2057.5,False
12.0,20.0,25.22149711347553,15.852395632968197,1770.0,False
25.0,28.0,24.34596446883426,15.06101976312963,1655.0,False
10.0,16.0,25.798699927875298,14.907988314069158,1885.0,False
15.0,16.0,25.07990951619458,14.269909416043111,1712.5,False
16.0,28.0,25.50905929284479,15.481653449740264,1655.0,False
12.0,30.0,24.18660003550134,13.65053176488472,1770.0,False
21.0,30.0,24.069233701381787,15.928735703399678,1655.0,False
25.0,24.0,25.029305884842685,14.642196337109251,1655.0,False
26.0,16.0,22.42005590198142,17.120280106489485,1770.0,False
14.0,11.0,22.21612636593425,15.605447579260796,1827.5,False
17.0,15.0,25.93480898428543,16.622348948071608,1770.0,False
12.0,29.0,25.665182114827104,16.90475545004253,1827.5,False
12.0,14.0,25.822643764979627,17.01593272728416,1827.5,False
10.0,22.0,22.249456253985585,16.982523959763753,2000.0,False
29.0,28.0,23.077205647640195,14.401874945526737,1597.5,False
26.0,31.0,25.60616951677607,14.713262202713764,1597.5,False
23.0,29.0,22.35791830750453,16.33175244759575,1655.0,False
17.0,18.0,23.80573804843359,15.650473549955457,1712.5,False
16.0,16.0,23.3651654124471,15.937329151303,1770.0,False
17.0,32.0,25.51940191400241,16.210917259954844,1655.0,False
17.0,11.0,24.07230452934859,13.957010459906048,1712.5,False
15.0,10.0,23.161496728827615,14.173225756991098,1770.0,False
9.0,30.0,24.097204703152034,16.051344900198707,2057.5,False
9.0,20.0,22.449784822448674,16.001485279455462,2000.0,False
29.0,17.0,24.924810930225856,16.769726452913464,1712.5,False
16.0,9.0,24.47335021783964,16.27512735701837,1827.5,False
29.0,17.0,24.40283512424374,14.330706549654158,1655.0,False
10.0,29.0,23.751377412033637,13.78028946808497,1885.0,False
18.0,19.0,23.176976612375963,15.064099090326081,1712.5,False
11.0,15.0,22.261522610938087,14.985089391469785,1827.5,False
12.0,18.0,25.788130016512216,16.569664138768683,1827.5,False
5.0,26.0,23.666215686235606,16.1859334304913,2345.0,False
9.0,27.0,23.983686815795544,16.98880983239998,2057.5,False
27.0,15.0,23.503067019172406,15.517047117707264,1712.5,False
13.0,19.0,25.95150940269471,14.654796316038576,1712.5,False
19.0,13.0,25.184688042474797,15.517001498197722,1712.5,False
16.0,16.0,22.383040899125476,14.362008050229633,1712.5,False
15.0,11.0,24.43270025882905,13.742122430133476,1712.5,False
17.0,17.0,23.93853829460975,15.498732204904465,1712.5,False
10.0,18.0,25.173408140878564,15.154420456275338,1885.0,False
32.0,14.0,25.989264048627412,13.628916213262702,1597.5,False
24.0,12.0,24.97722696240965,16.38509498814266,1770.0,False
22.0,9.0,25.459715283219975,16.077404496183476,1770.0,False
16.0,9.0,24.01054200942326,13.795208681322507,1712.5,False
10.0,21.0,23.494391961443853,16.34009430624397,1942.5,False
28.0,11.0,24.573118726021455,13.831289181422246,1655.0,False
14.0,8.0,24.99767365494439,15.5706265322009,1827.5,False
6.0,34.0,22.910135732816123,15.988987438468602,2172.5,False
14.0,12.0,24.01354991943913,15.495942198187873,1770.0,False
23.0,27.0,22.45516394716346,16.489623448515594,1655.0,False
19.0,19.0,22.86541125311694,15.042266487760756,1712.5,False
22.0,21.0,25.527435560572922,14.351822283085022,1655.0,False
23.0,18.0,22.578927930522905,15.445631928127163,1712.5,False
11.0,10.0,25.245393007208847,14.868947740935308,1827.5,False
28.0,25.0,23.49038297301216,14.105105400017521,1597.5,False
15.0,24.0,24.654085502175196,15.384333792619163,1655.0,False
19.0,14.0,25.64130548656962,14.305721609934109,1712.5,False
2.0,22.0,25.123594720331035,15.38118480543849,2690.0,False
33.0,17.0,25.303764479193827,15.870112087965325,1712.5,False
13.0,27.0,23.044596280413373,16.62879043573196,1827.5,False
6.0,23.0,23.446698414508198,16.912663937887892,2345.0,False
16.0,5.0,24.931168082158635,16.17265323176973,1827.5,False
9.0,26.0,25.108938346485143,17.07416877998213,2057.5,False
10.0,30.0,25.160209070403514,15.731156760655956,1942.5,False
19.0,22.0,24.960431925617154,16.34172902567308,1712.5,False
15.0,9.0,22.92649044497018,16.58145042473038,1827.5,False
28.0,24.0,23.15634656062371,16.7993837647562,1712.5,False
13.0,20.0,25.768164030256223,16.507405799783168,1770.0,False
21.0,14.0,24.21544152698131,17.109656503720128,1770.0,False
16.0,26.0,25.017801605109494,15.391419290403608,1655.0,False
20.0,18.0,24.396782718237688,17.313928439337616,1770.0,False
19.0,25.0,25.69800746098727,15.101146380920452,1655.0,False
16.0,20.0,25.47512727238527,13.780761792889889,1655.0,False
29.0,13.0,23.045499165422495,14.228461955511682,1655.0,False
14.0,31.0,25.538837887823554,15.733063563013127,1712.5,False
10.0,18.0,23.200157435121252,13.558351630963674,1827.5,False
20.0,17.0,23.763921805722646,14.12957659045328,1655.0,False
25.0,15.0,25.40493431247561,14.996309395836755,1655.0,False
5.0,9.0,23.296076301356027,15.997188454019305,2460.0,False
16.0,20.0,23.16308767275,14.162200483639472,1655.0,False
26.0,15.0,24.67462739758368,15.799456779806926,1712.5,False
22.0,28.0,25.998705449655905,16.152582537594096,1655.0,False
33.0,30.0,22.524227924365793,16.554637726296605,1655.0,False
17.0,22.0,24.80424258607881,16.141915029287546,1712.5,False
20.0,12.0,24.107821551620873,14.50033108135278,1712.5,False
13.0,21.0,23.642469961234813,17.489440820915924,1827.5,False
29.0,4.0,24.999434998831266,17.052994712577362,1827.5,False
14.0,24.0,24.219345317638435,14.994075847810283,1712.5,False
22.0,16.0,25.191244592165585,13.616758647632302,1655.0,False
15.0,28.0,24.975415778996332,15.614832899163217,1655.0,False
18.0,14.0,25.94047593573851,16.960758723671788,1770.0,False
21.0,12.0,25.243463394120184,16.787773061774896,1770.0,False
17.0,33.0,22.267199189714386,17.090228154916126,1655.0,False
27.0,17.0,25.1183171821765,17.37806502823436,1712.5,False
15.0,25.0,24.598812880831805,16.352112564260388,1712.5,False
20.0,27.0,22.35916140090778,14.149590167917808,1655.0,False
14.0,17.0,24.421956914072375,13.645652549374137,1655.0,False
15.0,16.0,25.003214402270157,14.105629128524544,1712.5,False
15.0,18.0,22.788778052977555,14.304399501501756,1712.5,False
9.0,25.0,23.739646591894306,13.745561197218736,1942.5,False
8.0,30.0,24.169945152975632,15.313806899501339,2115.0,False
20.0,14.0,23.65261087438336,16.635510853063643,1770.0,False
20.0,22.0,25.504019211805097,13.517007181616307,1655.0,False
20.0,13.0,22.67561282169425,16.714505269397876,1770.0,False
4.0,19.0,25.08622221022742,17.201229352123484,2632.5,False
13.0,23.0,25.112364770152265,14.107943828063492,1712.5,False
11.0,26.0,23.79211984357064,13.585384634377245,1770.0,False
23.0,16.0,24.15791196760392,15.417459774938505,1712.5,False
25.0,14.0,22.61424979725181,16.97412084230825,1770.0,False
12.0,12.0,22.780630288482616,16.447325686438433,1827.5,False
20.0,9.0,24.126659248408473,13.638796367564057,1712.5,False
9.0,14.0,22.898723131733966,16.193057658554867,2000.0,False
12.0,26.0,25.22586153851436,16.770979697813065,1827.5,False
9.0,15.0,24.4648723335281,14.584198594295371,1942.5,False
13.0,13.0,22.22631471361761,16.113653409107968,1770.0,False
20.0,22.0,23.431506673353233,15.47579583828304,1655.0,False
27.0,11.0,25.433703725472977,14.322516266190387,1655.0,False
11.0,12.0,23.109776192134483,17.106037597479073,1885.0,False
17.0,28.0,24.878871554996692,14.392033459314039,1655.0,False
21.0,7.0,22.375200551984147,16.861901697969998,1827.5,False
29.0,15.0,25.7221346157975,16.306620783433573,1712.5,False
19.0,18.0,23.797382725335176,14.383636045731393,1655.0,False
12.0,11.0,23.966262542366998,16.34529293921609,1827.5,False
19.0,13.0,24.279320524916677,13.604019673356891,1655.0,False
13.0,11.0,23.4537293584005,14.44508631798029,1770.0,False
31.0,14.0,24.901141204807047,14.641620029368235,1655.0,False
15.0,27.0,22.058334262825245,17.056759745131888,1712.5,False
20.0,15.0,22.64881707057951,17.161549958121924,1770.0,False
4.0,15.0,22.75528367044051,14.583968259413599,2575.0,False
15.0,15.0,24.541360735731185,15.398634275466758,1712.5,False
26.0,30.0,25.56240325830185,17.42649378949933,1655.0,False
19.0,8.0,22.254558965925334,16.163910118146763,1827.5,False
16.0,26.0,25.409834399889807,13.778849584976513,1655.0,False
28.0,13.0,25.27805438301012,15.065728005436437,1712.5,False
25.0,30.0,22.30650264864792,15.185753078224398,1655.0,False
13.0,13.0,22.572913695115677,14.725586659511153,1770.0,False
17.0,7.0,23.400181296921943,15.579652815323918,1827.5,False
16.0,17.0,22.45867845742038,16.444082882626393,1770.0,False
19.0,11.0,25.033144540401935,16.266002701924585,1770.0,False
14.0,22.0,24.01627725505795,14.906192677586727,1655.0,False
12.0,20.0,23.64305843314608,16.446558935403367,1827.5,False
27.0,20.0,24.899790501039167,15.636295842496601,1655.0,False
28.0,11.0,23.171581492257065,16.57805286605259,1770.0,False
25.0,21.0,25.486125660458644,13.955556050606333,1655.0,False
31.0,13.0,24.615866954723234,15.119040040513529,1655.0,False
22.0,34.0,23.3860212481809,15.078598958975926,1597.5,False
22.0,21.0,24.15949076128612,14.907211254191266,1655.0,False
22.0,18.0,23.037793904377565,16.292135509237777,1712.5,False
16.0,25.0,25.939922963046673,15.728514075630809,1655.0,False
16.0,18.0,23.742417306569514,15.043568210421844,1712.5,False
12.0,18.0,25.587096610741504,15.64520923604338,1770.0,False
19.0,12.0,25.912081829098693,16.317571692901176,1770.0,False
13.0,20.0,24.1431698398956,16.200509789226853,1770.0,False
12.0,14.0,24.919982280388062,16.542696478347082,1827.5,False
18.0,6.0,24.288987147764832,16.90590035306903,1827.5,False
15.0,24.0,22.366270531122886,16.457567478997415,1712.5,False
11.0,6.0,25.809672210469415,14.220556540607186,1827.5,False
24.0,20.0,23.82654580406106,16.886315521378812,1712.5,False
25.0,10.0,25.57625249424612,14.828092920346139,1712.5,False
10.0,15.0,24.622421383754247,16.163902114011293,1885.0,False
3.0,25.0,22.420763564136475,17.463878953416277,2402.5,False
14.0,8.0,23.668211883865254,14.678568236324153,1770.0,False
23.0,20.0,22.783392618783278,14.580843729027563,1655.0,False
25.0,19.0,22.679439457950238,14.228653807357587,1655.0,False
9.0,26.0,24.860354974733575,17.43631181821473,2057.5,False
23.0,10.0,22.120079949285845,15.207742201768832,1770.0,False
8.0,23.0,25.864562275575917,16.6354618428724,2115.0,False
15.0,16.0,23.799693503784336,13.696958015252532,1712.5,False
34.0,15.0,23.95903072423493,14.221696004705601,1655.0,False
11.0,14.0,23.19771558388462,13.752737724686046,1770.0,False
10.0,15.0,22.342464291249712,16.762540113379718,1942.5,False
15.0,17.0,24.35297071344602,13.926213987329048,1712.5,False
19.0,8.0,23.379017994021712,17.192646323908928,1827.5,False
28.0,15.0,24.49629046417767,16.155029854688838,1712.5,False
31.0,20.0,24.223079231229416,17.138151645455967,1712.5,False
7.0,17.0,22.867643387237578,15.135434594280898,2172.5,False
9.0,10.0,23.846615689630514,15.602631385464058,1942.5,False
23.0,14.0,23.23225203755834,13.610289129359487,1655.0,False
12.0,16.0,22.958896324904657,15.36362364209396,1770.0,False
26.0,20.0,25.07881743718761,15.862867752057518,1655.0,False
20.0,27.0,22.047626367996834,13.90236032140002,1597.5,False
8.0,18.0,23.0755314345005,17.424941083007383,2115.0,False
24.0,20.0,24.12434273468795,13.517564057384487,1597.5,False
10.0,7.0,23.904583953721833,14.569802443394739,1885.0,False
15.0,29.0,25.760661307678248,15.962486323535268,1655.0,False
18.0,13.0,25.374629925028977,15.490553211867871,1712.5,False
17.0,14.0,25.00641050875303,14.456794739410276,1712.5,False
20.0,11.0,24.05631253308144,17.44701470637667,1827.5,False
20.0,7.0,23.71562692953653,14.2555096140212,1712.5,False
33.0,23.0,22.146278274315183,15.773407588460875,1655.0,False
34.0,12.0,25.286672998555275,13.963536312172387,1655.0,False
17.0,13.0,23.722851616648448,13.724558992653057,1712.5,False
8.0,10.0,23.283869566890623,15.451487047182024,2057.5,False
21.0,31.0,24.426537519777128,16.71880026340463,1655.0,False
31.0,23.0,25.01655127559897,15.625260114175994,1655.0,False
13.0,28.0,24.092205282130944,14.674521742099266,1712.5,False
16.0,25.0,22.598332701901565,13.566918772273656,1655.0,False
15.0,27.0,25.68658588281618,17.26212839217742,1712.5,False
6.0,16.0,22.451397959705517,14.347538374261514,2230.0,False
20.0,10.0,25.878286525986976,15.798287422198998,1770.0,False
14.0,13.0,23.769908407722657,13.562105031668565,1712.5,False
23.0,13.0,25.7864927769051,13.888818257858334,1655.0,False
24.0,21.0,25.658599038951703,14.180678058365418,1655.0,False
24.0,4.0,23.625069061961053,13.949255466497249,1712.5,False
15.0,9.0,25.200101162101603,15.623014684734038,1770.0,False
13.0,20.0,22.359090127307063,15.088213659923218,1712.5,False
22.0,9.0,22.3309370770872,16.70514006766088,1827.5,False
23.0,6.0,23.423826414885426,13.964816690627142,1712.5,False
16.0,8.0,24.439140400572676,15.22427204693648,1770.0,False
26.0,20.0,22.03728427927794,15.213003709096554,1655.0,False
9.0,9.0,24.060700500039005,14.423247199902404,1885.0,False
26.0,9.0,25.90258761499416,13.883845938556421,1655.0,False
8.0,11.0,25.433781714400784,13.542651252672501,1942.5,False
10.0,22.0,22.929882479008995,13.57531154482444,1827.5,False
17.0,11.0,24.1122750477203,15.094500129859975,1770.0,False
7.0,5.0,22.685635076466713,13.717109153029751,2057.5,False
6.0,27.0,23.053040589451996,15.078230234172207,2287.5,False
1.0,26.0,25.692003353909097,15.249638146784825,2977.5,False
15.0,10.0,25.991112539044057,15.281543814073427,1770.0,False
23.0,12.0,22.970243952471385,14.26662188538667,1712.5,False
5.0,10.0,22.848271492031472,15.494861169009237,2402.5,False
20.0,21.0,23.535437297366297,15.069269129674883,1655.0,False
24.0,12.0,23.78342568940818,17.458107919857788,1770.0,False
10.0,28.0,22.35699467052355,13.68147607207848,1885.0,False
9.0,24.0,22.590834655749575,13.715514030643394,1942.5,False
25.0,18.0,23.699309069694444,16.798119533690816,1712.5,False
24.0,3.0,22.941682272265933,14.564076027335402,1770.0,False
17.0,26.0,25.37973907791359,14.23514589827421,1655.0,False
24.0,21.0,25.00618624857125,16.997941045807835,1712.5,False
8.0,23.0,24.14535372352291,15.630916393529384,2057.5,False
15.0,7.0,23.730517276273606,15.963158652330346,1827.5,False
22.0,21.0,25.323951212855967,13.531842725048609,1597.5,False
12.0,23.0,22.663981374295826,14.543004017271855,1770.0,False
22.0,30.0,25.54955143546973,14.53681191938326,1597.5,False
17.0,18.0,22.19630953347426,16.54356878987071,1770.0,False
22.0,17.0,25.693577847155318,15.042209005905086,1712.5,False
16.0,15.0,22.555240209457953,15.809741126897322,1770.0,False
14.0,21.0,25.248396176148674,17.227614334067347,1770.0,False
11.0,28.0,22.07218031357712,17.438708595805085,1942.5,False
11.0,19.0,25.260312681633692,14.009317368694758,1770.0,False
22.0,11.0,24.33628309255954,15.723468424900279,1712.5,False
9.0,4.0,22.076137003701984,16.296567773277356,2000.0,False
7.0,19.0,25.096839038096988,16.62821114876544,2230.0,False
10.0,25.0,22.40622920418994,17.180432775842753,2000.0,False
10.0,7.0,24.15962170361159,16.413348882797244,1942.5,False
24.0,15.0,23.328015761748638,16.25974078968031,1712.5,False
15.0,29.0,25.036673045191954,13.716390691749211,1597.5,False
32.0,17.0,25.4128862866906,15.679276636056406,1655.0,False
9.0,11.0,23.857106804011554,15.895061707040822,1942.5,False
20.0,14.0,25.031760854227834,16.28599038679273,1770.0,False
16.0,15.0,25.6664997297482,15.833453182025213,1770.0,False
15.0,8.0,24.756802149897258,15.137800403626533,1770.0,False
26.0,20.0,23.287961944376608,15.449829877349623,1655.0,False
31.0,18.0,23.853248318222803,17.369278358195903,1712.5,False
26.0,20.0,22.919990960535866,14.816415373126699,1655.0,False
11.0,19.0,23.833633358436835,16.637827863333147,1885.0,False
11.0,4.0,22.98356191622999,15.929760472782643,1942.5,False
20.0,10.0,25.228998899429836,15.275323746518513,1712.5,False
13.0,10.0,24.439669709055234,15.157274037466443,1770.0,False
22.0,8.0,24.532983942877866,15.64890650903984,1770.0,False
18.0,22.0,22.441053153883388,16.699170005355352,1712.5,False
18.0,9.0,22.00584123019461,13.98860061712494,1712.5,False
24.0,20.0,25.156746539590213,17.142629520264986,1712.5,False
21.0,10.0,24.169225662913103,16.596587397279485,1770.0,False
5.0,9.0,25.72621349936594,14.89611306845612,2345.0,False
6.0,10.0,24.148956955958433,13.540726317128112,2172.5,False
19.0,17.0,22.858714097258552,13.920902900297449,1655.0,False
16.0,19.0,24.793906341025348,14.077581370943138,1655.0,False
12.0,24.0,24.803931921251024,13.914320110713074,1712.5,False
15.0,9.0,22.2621304166422,13.911115917970424,1770.0,False
22.0,19.0,24.77460358928419,17.340580715449786,1770.0,False
24.0,23.0,22.85011289009768,16.13384006986573,1712.5,False
18.0,13.0,23.018082463143436,16.782554906705514,1770.0,False
15.0,7.0,22.125658785023123,15.75125504912154,1827.5,False
12.0,10.0,24.509488891091465,15.977938793962856,1827.5,False
17.0,8.0,24.92691757386203,17.023993280815503,1827.5,False
13.0,26.0,22.921966652602013,14.547876789127558,1712.5,False
18.0,14.0,25.170155728612304,16.278098567162687,1770.0,False
20.0,17.0,25.048125144562633,17.09723591604636,1770.0,False
7.0,22.0,23.639064832677803,17.245169055409395,2230.0,False
2.0,14.0,22.272900648822457,15.276192957838166,2862.5,False
11.0,20.0,23.12074130989071,16.926848828000026,1885.0,False
27.0,7.0,22.661716595716392,15.515438250524387,1770.0,False
19.0,16.0,25.835272948508727,14.5315439162429,1712.5,False
10.0,8.0,25.27097705671845,14.503836285020263,1885.0,False
26.0,12.0,22.31350588569684,15.307066059220134,1712.5,False
16.0,13.0,24.053840116971024,14.531554097882246,1712.5,False
16.0,21.0,23.06754531830292,13.619914573137448,1655.0,False
28.0,20.0,22.128471906028835,13.922187971433884,1655.0,False
6.0,22.0,23.28920508355668,16.896880542606436,2345.0,False
11.0,6.0,22.510341175255974,17.03003500253105,1942.5,False
18.0,33.0,22.89092808391986,16.992175420180324,1655.0,False
11.0,6.0,23.306161847714076,15.71484936915317,1885.0,False
20.0,24.0,23.635561800591347,17.240869425617706,1712.5,False
11.0,22.0,23.873769812773247,15.496370447526072,1827.5,False
8.0,18.0,24.080789085465558,15.35017886925083,2057.5,False
11.0,15.0,23.48000305777325,15.397528625909555,1827.5,False
15.0,22.0,23.99339836383691,14.516447732979419,1655.0,False
10.0,22.0,23.67143383767448,15.954013475744386,1942.5,False
9.0,9.0,25.857755910387816,15.295804541117871,1942.5,False
25.0,23.0,22.27056348238214,17.398630667479082,1712.5,False
13.0,7.0,24.343805361794196,14.187925584815307,1770.0,False
14.0,17.0,22.774588685522318,13.806817034083613,1712.5,False
6.0,19.0,23.50175141301845,14.90455927770902,2287.5,False
14.0,24.0,24.185863239547658,14.362199650816782,1655.0,False
12.0,16.0,25.039237789690752,17.46761833941825,1827.5,False
19.0,12.0,25.910924447154706,15.734313038647453,1712.5,False
11.0,16.0,23.974486652616147,14.938870520901778,1827.5,False
26.0,12.0,23.02791646388411,16.070964548318585,1770.0,False
28.0,17.0,25.166300872534705,15.312446016841276,1655.0,False
8.0,16.0,22.886289799389495,14.335300556874818,2000.0,False
8.0,23.0,24.031362688871074,15.07807722917832,2057.5,False
8.0,12.0,25.38684519059825,14.64541743002286,2000.0,False
19.0,11.0,23.615194035843075,16.050370311269596,1770.0,False
9.0,16.0,24.2279110665339,16.766274407158416,2000.0,False
25.0,6.0,22.478200076294982,14.550308392402977,1712.5,False
22.0,11.0,22.22387109389171,15.985306688752747,1770.0,False
24.0,14.0,25.945129882932882,16.333919448165457,1712.5,False
17.0,16.0,22.715582768431773,14.980043264983362,1712.5,False
33.0,12.0,23.342196147820992,15.450142589705631,1712.5,False
6.0,18.0,24.018739548696736,14.935266696372238,2287.5,False
15.0,26.0,23.497886432789635,14.99161987318295,1655.0,False
13.0,17.0,22.389356240096674,15.28486616768631,1712.5,False
29.0,13.0,22.78765649559321,14.68169170288049,1655.0,False
18.0,6.0,23.973790671613237,15.453319865869073,1827.5,False
24.0,9.0,23.755206303248357,16.50898088908681,1770.0,False
10.0,18.0,25.192775375102315,15.077190918736768,1885.0,False
31.0,20.0,23.24715182901318,17.28175120570004,1712.5,False
17.0,6.0,25.761260480907204,14.3719821146836,1770.0,False
16.0,10.0,23.13124142860069,15.298018995063526,1770.0,False
31.0,13.0,23.325194631085218,15.906740040000367,1712.5,False
14.0,13.0,25.797253316998667,15.673057685863682,1770.0,False
15.0,30.0,25.361933510645873,17.287762679259828,1712.5,False
18.0,11.0,23.267871863533205,14.797312144464561,1770.0,False
9.0,6.0,23.581138764404674,15.010528893360146,1942.5,False
13.0,14.0,25.369041101276263,15.882726278132203,1770.0,False
11.0,9.0,22.344357736855365,15.88546757462166,1885.0,False
8.0,9.0,23.178705244228404,16.649763889921957,2057.5,False
25.0,15.0,24.12622439145016,16.678062985970456,1770.0,False
18.0,13.0,25.3156167075692,13.543483833769297,1655.0,False
14.0,8.0,24.25846669607949,16.556797526932623,1827.5,False
15.0,19.0,23.959115388989527,16.371474696436092,1712.5,False
15.0,17.0,25.84847027461266,15.843080720162153,1712.5,False
19.0,7.0,22.465641576603698,14.767947004784155,1770.0,False
28.0,25.0,25.12026370272789,17.128224266560377,1712.5,False
28.0,13.0,22.50813943010131,16.452878505195052,1770.0,False
15.0,30.0,24.93130975881573,14.529149613970011,1655.0,False
14.0,28.0,24.172358474250885,14.72088079975542,1712.5,False
16.0,15.0,23.058584843082308,16.341822837717757,1770.0,False
18.0,11.0,24.173348348967025,17.170617275051068,1827.5,False
16.0,24.0,25.517664348211834,15.46216471342795,1655.0,False
20.0,14.0,23.888734688227103,17.016798761374694,1770.0,False
18.0,10.0,22.02631426345116,15.028457959899766,1770.0,False
13.0,18.0,22.226422432265004,15.080654990626487,1712.5,False
14.0,16.0,24.530547909785167,16.24376480701999,1770.0,False
14.0,25.0,24.71172624768301,13.702150739310813,1655.0,False
8.0,21.0,23.6070995510509,14.055687323254176,2000.0,False
10.0,26.0,22.97112154855873,16.41370004143912,1942.5,False
21.0,22.0,24.863866352942694,14.468341968201312,1655.0,False
15.0,19.0,23.216644698159797,14.200316234784475,1712.5,False
11.0,17.0,22.296046343350547,13.856210897553508,1770.0,False
18.0,32.0,23.63844215801501,14.39941788855167,1597.5,False
22.0,30.0,24.156554380634205,14.501883635375886,1597.5,False
12.0,25.0,25.862515189330452,14.864645225169376,1770.0,False
24.0,23.0,24.368886851334697,17.253318214000352,1712.5,False
28.0,18.0,22.833280584519603,16.07847402690569,1712.5,False
18.0,12.0,25.328774339957555,16.273254393220768,1770.0,False
20.0,26.0,23.16592796722016,14.030993557480379,1655.0,False
6.0,3.0,25.8371127342991,14.270666754368035,2172.5,False
29.0,11.0,23.30124906669759,17.094684401948417,1770.0,False
15.0,15.0,25.638071821830543,16.037236507638575,1770.0,False
28.0,18.0,25.515815872703662,16.73860398130111,1712.5,False
18.0,18.0,25.455970990198825,14.929850530545018,1712.5,False
2.0,10.0,22.15754112143699,15.808827492719123,3150.0,False
5.0,8.0,25.39947987379116,15.508830447456393,2402.5,False
20.0,11.0,24.88520047580687,14.32164804065274,1712.5,False
18.0,14.0,23.337193105598065,16.799078044192953,1770.0,False
5.0,4.0,23.96039370622291,14.835024960066193,2345.0,False
22.0,21.0,24.559660160708834,15.367549820303738,1655.0,False
25.0,12.0,25.774147913023427,14.031972388093115,1655.0,False
16.0,14.0,25.120337950946947,16.053426782774498,1770.0,False
16.0,14.0,23.714002969180697,16.66454177463877,1770.0,False
3.0,17.0,24.581682825738305,15.14155322945912,2747.5,False
23.0,25.0,22.74348350177522,17.412528040227205,1712.5,False
14.0,9.0,23.695769582931597,14.530335833330383,1770.0,False
26.0,14.0,25.165205333209933,16.992322303066747,1770.0,False
14.0,21.0,24.426358857983168,16.384861987511698,1712.5,False
18.0,6.0,25.132996590684762,17.20904650559443,1827.5,False
12.0,24.0,24.039266941888894,16.462592853775696,1827.5,False
10.0,30.0,23.52057373717932,15.479409110896587,1942.5,False
23.0,19.0,24.970161512351787,15.153881854124403,1655.0,False
16.0,30.0,22.375019433919842,16.81759794704657,1712.5,False
17.0,15.0,25.914427336918713,16.86145389092058,1770.0,False
30.0,15.0,25.793495096016137,15.855615671149403,1712.5,False
30.0,8.0,25.52147442481146,16.308497306339916,1770.0,False
25.0,5.0,25.537112395398584,15.35143014456093,1712.5,False
10.0,12.0,24.044224482005703,14.37348522672678,1827.5,False
18.0,16.0,23.991782881815485,13.699921915704996,1655.0,False
26.0,17.0,25.280328685933014,16.11482152907041,1712.5,False
14.0,11.0,23.13302604880322,16.176852130590124,1827.5,False
8.0,19.0,25.39965511762394,16.161054246835334,2057.5,False
24.0,10.0,22.803520847615136,15.749629862067222,1770.0,False
16.0,13.0,25.516429084311724,14.869603445551233,1712.5,False
18.0,11.0,24.164340879142607,14.468146562965043,1712.5,False
32.0,21.0,25.372844110633615,13.76281929966157,1597.5,False
19.0,17.0,23.972571134275967,14.092034931360512,1655.0,False
15.0,22.0,24.43372874424604,16.01319273725983,1712.5,False
14.0,6.0,25.707144520696303,16.5722853821592,1885.0,False
15.0,15.0,23.672849009232397,17.130491350544744,1770.0,False
9.0,30.0,22.881145552162586,13.835667045757685,1942.5,False
23.0,6.0,22.363921353853556,16.75610495221185,1827.5,False
24.0,15.0,24.359916254624864,15.889679114557257,1712.5,False
13.0,5.0,24.444340481360047,14.70526554630214,1827.5,False
13.0,9.0,24.482820437364648,16.403170980494217,1827.5,False
26.0,16.0,22.14866448303242,17.457416132335734,1770.0,False
4.0,10.0,22.109661947621593,15.017670565473498,2632.5,False
17.0,17.0,25.581668080211706,16.00975163974265,1712.5,False
16.0,28.0,24.78200793290146,14.54333039770114,1655.0,False
20.0,11.0,22.453268831946552,14.320112318425199,1712.5,False
10.0,8.0,22.29854717496505,14.096525107643066,1827.5,False
20.0,24.0,22.647428056365726,13.628614434346678,1597.5,False
14.0,16.0,25.227675920243627,16.39524184729448,1770.0,False
19.0,26.0,24.892344110974438,14.083835855630475,1655.0,False
5.0,13.0,24.55461275596575,16.205091737448516,2460.0,False
16.0,19.0,24.563163148427765,16.97843549940922,1770.0,False
17.0,28.0,25.435495466326973,16.8863985140039,1712.5,False
11.0,10.0,23.333834953452513,14.695860126453166,1827.5,False
9.0,23.0,23.288920083121535,13.99762478524539,1942.5,False
10.0,19.0,23.70170731868778,15.272257932893421,1885.0,False
14.0,24.0,25.958704048371253,14.225156833972658,1655.0,False
8.0,10.0,24.21959577041001,14.994031589535943,2000.0,False
29.0,15.0,24.187604540187518,15.775285475871986,1712.5,False
15.0,9.0,25.238375145603754,16.077387843791197,1827.5,False
24.0,30.0,22.712257997654376,14.373295034755076,1597.5,False
31.0,6.0,23.621604032734094,14.40918444188776,1712.5,False
7.0,7.0,24.565449624768952,16.963869725018817,2172.5,False
20.0,27.0,25.952067073681373,17.279551016779823,1712.5,False
26.0,13.0,22.617878386792317,16.069784313606025,1770.0,False
19.0,18.0,23.80810712090705,15.727292808790018,1712.5,False
15.0,13.0,25.62232720841956,16.132293019614686,1770.0,False
15.0,20.0,24.90212427358179,14.014481895907197,1655.0,False
5.0,11.0,24.45512094877965,17.088156165430334,2460.0,False
17.0,16.0,23.028433452065396,14.334382676678318,1712.5,False
33.0,17.0,22.748842936768373,16.17872243843771,1712.5,False
30.0,14.0,23.496849174126538,14.387882663769163,1655.0,False
5.0,12.0,23.020431625434632,16.32316613332501,2460.0,False
21.0,9.0,25.23390359543872,16.513735257501242,1770.0,False
13.0,21.0,24.88281371117277,16.46418387699319,1770.0,False
27.0,10.0,25.34079248353735,15.214794098133865,1712.5,False
6.0,13.0,22.684329242818,15.928130085946599,2287.5,False
28.0,14.0,23.23987743347885,15.891954564589312,1712.5,False
24.0,16.0,25.074205851898725,16.381251415267965,1712.5,False
8.0,21.0,22.65419366624453,15.496003461634132,2057.5,False
6.0,15.0,22.58242022848887,15.529174842222528,2287.5,False
24.0,26.0,23.532235522151122,16.23763386033051,1655.0,False
10.0,20.0,22.745747551804673,14.18060363263168,1885.0,False
17.0,25.0,22.315610632156815,16.109919323626983,1655.0,False
27.0,21.0,23.25109809821997,14.09292386766797,1655.0,False
18.0,9.0,25.502398060159322,16.399340064520747,1770.0,False
15.0,31.0,22.226131714558445,15.055652460141626,1655.0,False
16.0,23.0,24.26442048289263,16.858330857107017,1712.5,False
6.0,18.0,24.25201553565696,13.853647506574317,2230.0,False
30.0,10.0,24.12336224316817,15.342093833977184,1712.5,False
13.0,10.0,24.02203489206017,14.168869768695002,1770.0,False
10.0,19.0,22.068945879039717,16.97545277929549,2000.0,False
13.0,15.0,22.18980475738544,14.000992042218213,1712.5,False
30.0,20.0,24.044828050622627,15.44078111963885,1655.0,False
8.0,14.0,25.87323709085224,13.921004914943982,2000.0,False
26.0,17.0,23.631903122022997,16.690849815574676,1712.5,False
21.0,10.0,23.889307049973752,14.628158303100253,1712.5,False
24.0,10.0,25.92825246134642,15.876236786844395,1712.5,False
31.0,7.0,25.116453621742906,14.180574790597815,1655.0,False
25.0,24.0,25.080439388470626,14.906423521666937,1655.0,False
29.0,18.0,24.018941788159086,13.954788691353913,1655.0,False
9.0,29.0,25.591650612793362,15.70332421178589,2000.0,False
23.0,22.0,24.324705221572263,13.513812428302113,1597.5,False
17.0,22.0,24.62678930361742,17.472285965298177,1712.5,False
17.0,17.0,25.15022208116882,15.16511545089655,1712.5,False
27.0,24.0,23.62633952042026,16.01778878829677,1655.0,False
31.0,29.0,25.813081138172734,14.647124018097951,1597.5,False
21.0,21.0,25.952028931396317,14.512992647412805,1655.0,False
16.0,8.0,24.348551328221347,16.88453974052584,1827.5,False
16.0,20.0,22.888221549032888,16.53273155122117,1712.5,False
15.0,9.0,25.099608069301755,16.07316811102891,1827.5,False
14.0,7.0,23.28855441391979,16.50921963170417,1885.0,False
15.0,21.0,24.30841400635548,14.201252611912555,1655.0,False
8.0,24.0,22.346814081833273,17.236368988743695,2172.5,False
7.0,10.0,25.229562820120602,15.318981960514463,2115.0,False
23.0,7.0,25.83634783548271,16.974846671321547,1770.0,False
16.0,26.0,22.376886098534587,16.444227685070725,1655.0,False
28.0,9.0,24.926396241787454,14.643685019088192,1712.5,False
19.0,5.0,25.443355454258985,15.77726759658868,1770.0,False
5.0,21.0,22.438024877662013,17.366583193089696,2460.0,False
10.0,25.0,22.987185878253957,13.64835255254984,1885.0,False
11.0,17.0,23.567484992220212,15.205926919915667,1827.5,False
31.0,17.0,25.347041326827146,15.982158387659789,1712.5,False
11.0,14.0,23.97372506201219,14.859584241760798,1827.5,False
17.0,12.0,22.547853210166547,14.771664390575193,1770.0,False
28.0,22.0,23.025484236148355,16.494766523097724,1712.5,False
31.0,25.0,23.86951136348027,17.16530757806505,1712.5,False
12.0,13.0,22.15705698462088,15.65051332839275,1770.0,False
6.0,12.0,24.52398827587688,17.292838946729923,2345.0,False
10.0,12.0,22.101287585658902,13.905114790022328,1827.5,False
6.0,6.0,25.123485377090752,14.40988148509604,2172.5,False
11.0,13.0,24.935403750021905,13.850847778561874,1770.0,False
18.0,4.0,25.461759967890593,15.242137140098798,1770.0,False
27.0,23.0,22.63085096201263,16.006858877265692,1655.0,False
17.0,12.0,24.410340843829907,14.30188768221577,1712.5,False
19.0,20.0,25.12411033434703,15.294154727645413,1712.5,False
11.0,17.0,24.062995122361492,16.237578380067827,1885.0,False
23.0,24.0,22.52321730805134,16.057949100986857,1655.0,False
19.0,30.0,22.39570246670851,16.017127793053877,1655.0,False
25.0,14.0,24.423589631765022,15.924129062277341,1712.5,False
29.0,7.0,23.990430433095646,17.446441284735748,1827.5,False
14.0,22.0,25.7182405469286,16.35568601127228,1712.5,False
8.0,4.0,25.335363084093082,17.13069200174047,2115.0,False
11.0,11.0,24.894996766615257,17.306920852456212,1885.0,False
15.0,6.0,25.929587042189368,16.93871529529634,1885.0,False
29.0,27.0,24.7784427340928,13.88067236512165,1597.5,False
14.0,3.0,22.369450934796426,15.61697807807218,1885.0,False
23.0,16.0,22.31025191002957,15.026049925510371,1712.5,False
17.0,15.0,25.263476773639752,13.888273830388703,1712.5,False
10.0,20.0,23.442814334412283,15.756835849382423,1942.5,False
13.0,13.0,25.69713514624938,14.35129811167346,1712.5,False
20.0,26.0,22.4729897402059,15.826948864027708,1655.0,False
20.0,22.0,22.795148047740966,16.76955555641827,1712.5,False
15.0,15.0,25.09266999724008,15.07535226551634,1712.5,False
11.0,14.0,25.389897766912156,17.299314289211246,1885.0,False
21.0,24.0,25.468785377143327,16.565874101682375,1712.5,False
10.0,22.0,22.396557061005886,16.717128342233895,2000.0,False
28.0,15.0,23.527209209953877,13.949165554201404,1655.0,False
10.0,14.0,24.58554541241273,17.267492333617245,1942.5,False
8.0,5.0,25.675182466726252,13.638116659380248,1942.5,False
17.0,7.0,22.956060124167063,16.875580815550002,1885.0,False
17.0,6.0,24.401371533921534,13.618602651679215,1712.5,False
17.0,4.0,22.574077181794028,14.149829739178434,1770.0,False
15.0,10.0,24.989114845688466,14.761380377566052,1770.0,False
33.0,25.0,22.51009782667822,16.45104227002048,1655.0,False
16.0,23.0,25.999929953768955,17.09768166409126,1712.5,False
16.0,25.0,22.36906759874976,16.16599505363995,1712.5,False
15.0,19.0,24.741348624152202,16.411074204161924,1712.5,False
7.0,19.0,25.108155336659532,14.65909130292836,2115.0,False
18.0,9.0,23.03195913382657,17.401506035296926,1827.5,False
11.0,21.0,23.019314677264962,15.130936871985284,1827.5,False
19.0,13.0,24.384588206400082,17.151655214496092,1770.0,False
6.0,17.0,24.521898339519897,16.617017099312985,2345.0,False
31.0,29.0,24.88210390466319,14.969066221164512,1597.5,False
16.0,26.0,24.321175950727703,14.87254103490644,1655.0,False
27.0,12.0,22.69786709588173,16.21792401966538,1770.0,False
16.0,22.0,25.696573898617096,17.261885200148264,1712.5,False
6.0,8.0,22.666446302853785,16.189377850560955,2287.5,False
24.0,5.0,24.260954073487532,16.929708111053376,1827.5,False
20.0,5.0,25.680011378645126,17.36513126551407,1827.5,False
23.0,10.0,25.6518783658053,14.82001051575114,1712.5,False
15.0,21.0,22.671625899242596,15.653966100174568,1712.5,False
19.0,14.0,22.954410782923826,15.936432550660555,1770.0,False
25.0,4.0,24.40740230823807,14.368706622700135,1712.5,False
19.0,32.0,23.348657332312587,16.690195068621733,1655.0,False
14.0,17.0,24.92353295791313,14.547032417782576,1712.5,False
20.0,15.0,24.08961728373627,16.327498571836717,1770.0,False
20.0,17.0,23.064360223776756,15.595296826589397,1712.5,False
30.0,17.0,23.64415167044937,16.84668420266928,1712.5,False
14.0,16.0,24.764444284312955,15.546220246358914,1712.5,False
15.0,19.0,25.14056543676294,15.84666920975957,1712.5,False
24.0,26.0,23.47824396057827,14.224289335714808,1597.5,False
17.0,13.0,22.419941533458264,16.732747042999403,1770.0,False
22.0,16.0,23.41310802894379,15.108497466010583,1712.5,False
16.0,2.0,24.521882878354013,15.818977914583728,1885.0,False
11.0,25.0,25.03932864338561,16.884235064522066,1885.0,False
22.0,13.0,25.518636954543936,15.417556604420376,1712.5,False
9.0,12.0,25.847767529034158,14.597858577141652,1885.0,False
11.0,34.0,24.117456697977055,14.561629699909588,1827.5,False
19.0,18.0,25.520829772603513,15.765304027940768,1712.5,False
22.0,9.0,23.04831207050253,14.664816222490087,1712.5,False
27.0,12.0,24.23860685770146,14.854199697727026,1712.5,False
12.0,14.0,24.1575397034579,14.43922064900989,1770.0,False
8.0,32.0,25.074776564709992,15.285147341610706,2115.0,False
30.0,15.0,25.092491398009006,15.364328765556033,1655.0,False
10.0,11.0,23.141371833291835,15.603682046867572,1885.0,False
11.0,18.0,25.5434457362791,15.871418400404202,1827.5,False
13.0,15.0,25.565971933327468,15.851619986831452,1770.0,False
17.0,6.0,25.792966103025034,14.96900756286973,1770.0,False
26.0,25.0,23.83057730995668,17.10271623417256,1712.5,False
22.0,4.0,25.949657296586388,15.546626104020088,1770.0,False
21.0,27.0,25.13964532305719,16.82846451943108,1712.5,False
10.0,23.0,24.612749528853914,15.729514763090577,1942.5,False
14.0,7.0,23.729031881216724,14.982452787643451,1827.5,False
16.0,21.0,25.369724883233,16.454592141769538,1712.5,False
9.0,23.0,25.05655021989946,14.207840329874095,1942.5,False
12.0,19.0,24.34223306096194,17.378721280544287,1827.5,False
13.0,18.0,25.988583548026956,15.789210243165979,1712.5,False
9.0,6.0,22.997845462376254,13.916662676974859,1885.0,False
18.0,6.0,24.567016365146454,15.185433059621756,1770.0,False
21.0,21.0,23.284508662206697,16.35015299879122,1712.5,False
7.0,8.0,23.8313729613661,13.772438869946033,2057.5,False
16.0,12.0,23.35578597657544,14.545521848198355,1712.5,False
23.0,17.0,23.33822082101431,17.197496664047932,1770.0,False
22.0,10.0,23.5073044338943,14.924811924516682,1712.5,False
24.0,23.0,22.22671830588,14.136650513490178,1655.0,False
16.0,24.0,22.159444333391825,13.893530783413926,1655.0,False
24.0,25.0,24.899689048697223,15.976250616299312,1655.0,False
12.0,6.0,23.243634211854232,15.73253252404608,1885.0,False
14.0,15.0,22.084858443293893,16.09096651912023,1770.0,False
10.0,25.0,22.32592462630695,17.332147033468555,2000.0,False
16.0,14.0,22.783396964944156,13.740473054579468,1712.5,False
15.0,21.0,22.192849025000214,14.290684072724673,1655.0,False
12.0,18.0,25.784588817598976,14.435297296545356,1712.5,False
22.0,14.0,24.273443520637294,15.208355477712997,1712.5,False
13.0,12.0,23.57609747912774,13.984105359645705,1712.5,False
12.0,20.0,24.130848935410754,15.13947968923666,1770.0,False
9.0,9.0,22.451280403436463,16.764778514889805,2000.0,False
15.0,25.0,24.807382320043533,14.154631309669124,1655.0,False
13.0,18.0,25.87836197693047,17.16632186550701,1770.0,False
14.0,8.0,22.522628542316603,17.14501366025747,1885.0,False
12.0,21.0,22.61040049036315,15.551948922383668,1827.5,False
22.0,15.0,24.514653539341747,16.940630232278302,1770.0,False
28.0,11.0,22.607719709411285,16.34600325956247,1770.0,False
17.0,30.0,22.504211152999062,14.92695381977579,1655.0,False
19.0,21.0,24.681935270280558,15.747005993559824,1712.5,False
25.0,18.0,24.4746298695382,13.96646622209578,1655.0,False
34.0,25.0,22.870948043226583,15.48304949079526,1655.0,False
19.0,17.0,25.292715795307704,16.819916212879875,1770.0,False
26.0,16.0,22.421003381282382,15.840959990770086,1712.5,False
27.0,10.0,23.330299597010153,15.02812245466752,1712.5,False
23.0,10.0,24.955470575214513,16.15423856374618,1770.0,False
16.0,15.0,24.455604840849652,17.40742177488565,1770.0,False
7.0,16.0,24.400283812614127,13.769926117152503,2057.5,False
4.0,22.0,24.74509651578857,14.821457289658852,2517.5,False
16.0,16.0,24.585850899354995,14.123757045770942,1712.5,False
16.0,18.0,25.497082959161137,17.32779006989082,1770.0,False
15.0,24.0,24.27506939027998,15.683607470559377,1712.5,False
18.0,33.0,23.605137929446304,14.018676536322783,1597.5,False
18.0,13.0,25.064357308783393,15.948680233938921,1770.0,False
24.0,27.0,23.036958777979628,15.501680759889577,1655.0,False
8.0,24.0,25.0383681430074,13.737281877156498,2000.0,False
11.0,7.0,23.11993591574615,16.95805865554157,1885.0,False
23.0,14.0,23.92152303380399,16.336785049515623,1770.0,False
25.0,11.0,24.956773272962444,13.520955181313049,1655.0,False
33.0,20.0,24.510636991286162,17.338689007747632,1712.5,False
26.0,18.0,22.34275618118399,14.137072545167369,1655.0,False
26.0,16.0,23.786238707543927,13.501048028324242,1655.0,False
13.0,22.0,25.247422239872964,15.209086218392436,1712.5,False
15.0,14.0,25.98705988948487,14.06312986155749,1712.5,False
12.0,14.0,23.867191926935735,15.780591715942483,1770.0,False
19.0,25.0,22.34370289022042,14.745718460772546,1655.0,False
29.0,31.0,23.46474284157975,14.240712346217045,1597.5,False
14.0,23.0,23.95969199058418,17.44137989384749,1770.0,False
18.0,11.0,22.29371411318947,14.830916064679547,1770.0,False
13.0,8.0,25.45703593302758,15.158933058898542,1827.5,False
10.0,11.0,24.155164419628502,14.676960555092187,1827.5,False
11.0,15.0,23.66446238976547,16.8479479244986,1885.0,False
6.0,12.0,23.588738018443987,14.287136310940811,2230.0,False
29.0,27.0,22.11323414737816,14.010630111804224,1597.5,False
15.0,20.0,24.075502485601184,17.025831037160224,1712.5,False
24.0,15.0,23.902304326604686,14.233439065900434,1655.0,False
20.0,12.0,23.38354102816327,16.93175203366217,1770.0,False
11.0,14.0,24.63470916762335,15.812711044625342,1827.5,False
10.0,16.0,23.644128980672196,16.793486829031334,1942.5,False
24.0,21.0,24.28705601535486,13.780632280295423,1655.0,False
12.0,8.0,25.54016969916148,17.35448363802965,1885.0,False
27.0,25.0,23.455546803672256,14.699050832592746,1655.0,False
9.0,9.0,23.591695358754194,13.734507787984645,1885.0,False
20.0,12.0,25.463615885067377,16.559543173585745,1770.0,False
24.0,33.0,23.432375720951395,14.213814959238317,1597.5,False
12.0,11.0,23.757451596274738,14.904447498963004,1770.0,False
12.0,8.0,25.203248889433045,15.87862504439116,1827.5,False
30.0,19.0,24.36746760956572,13.774465570639922,1597.5,False
12.0,15.0,25.735543395081056,14.307734219464972,1770.0,False
15.0,8.0,23.882651760688915,15.45628893208892,1827.5,False
15.0,2.0,23.916105633520633,15.187611881515767,1885.0,False
12.0,7.0,22.171713482865915,15.730293556422899,1885.0,False
23.0,17.0,22.789212654647265,16.414531420987093,1712.5,False
23.0,11.0,24.159997264207163,14.911969089932297,1712.5,False
14.0,23.0,22.74844254788461,15.117622777775782,1712.5,False
24.0,25.0,23.814333582729194,14.58952544699213,1655.0,False
11.0,9.0,23.13326872051026,14.858788021702448,1827.5,False
2.0,14.0,22.08325332284229,13.704116692046936,2920.0,False
18.0,9.0,23.900437710155664,15.820496530557559,1770.0,False
33.0,13.0,24.58507992901514,14.191114901624132,1655.0,False
5.0,12.0,23.352934785853865,16.365146951141735,2460.0,False
11.0,23.0,25.106107846116853,13.668773864951874,1770.0,False
17.0,14.0,22.584215723178396,13.739503756199563,1712.5,False
24.0,16.0,22.365166941688408,14.638757730210836,1712.5,False
8.0,20.0,25.739365976184253,15.25361698038593,2057.5,False
15.0,24.0,25.686626190828047,16.274433408483258,1712.5,False
22.0,13.0,23.626176994020955,16.26873362157063,1770.0,False
14.0,11.0,23.67972755219161,17.393516338417125,1827.5,False
10.0,31.0,25.404142319189326,14.906577946475561,1885.0,False
11.0,13.0,24.12208447218384,13.73740386687537,1770.0,False
15.0,20.0,22.468455153068792,16.945057564294586,1712.5,False
16.0,20.0,22.459493770872005,16.422550672022112,1712.5,False
25.0,17.0,22.524522953238783,13.772487705996618,1655.0,False
19.0,11.0,25.123060817342225,13.833353755673564,1712.5,False
20.0,9.0,24.407585062373773,15.406543898517981,1770.0,False
32.0,16.0,23.199064764436287,14.866579801840812,1655.0,False
15.0,17.0,22.648293681612998,15.885488187664148,1770.0,False
15.0,23.0,22.493854082535996,14.376643657735947,1655.0,False
28.0,21.0,24.965550035137248,17.337356498459037,1712.5,False
12.0,27.0,25.543450278436424,15.548540199100152,1770.0,False
21.0,31.0,24.124313546684878,16.502875339640752,1655.0,False
22.0,21.0,25.090840388740396,14.003137905110504,1655.0,False
8.0,7.0,23.13251361996657,15.96770016653023,2057.5,False
16.0,15.0,24.34265517381634,16.960719161798163,1770.0,False
11.0,19.0,23.75215539138057,13.591962529376271,1770.0,False
10.0,18.0,22.35077676872117,15.659944781444706,1942.5,False
16.0,10.0,23.94946709789903,14.487046495478294,1770.0,False
13.0,18.0,25.38714699599583,15.413555190579332,1712.5,False
23.0,14.0,22.20713007130398,16.763980518206708,1770.0,False
27.0,14.0,23.90842390788462,16.26028279709545,1712.5,False
23.0,24.0,25.49305230424414,16.517996519199595,1712.5,False
12.0,15.0,25.160287717906574,14.346731407830585,1770.0,False
12.0,17.0,23.973799918666597,16.830079716699377,1827.5,False
12.0,18.0,22.68537855705475,15.955968464465258,1827.5,False
9.0,18.0,25.394104785165997,13.77720846944267,1885.0,False
29.0,11.0,22.612538329418488,16.95083739553767,1770.0,False
15.0,18.0,23.10728285278841,13.72302096177766,1655.0,False
11.0,14.0,22.497100765808938,13.61508247520714,1770.0,False
25.0,20.0,23.836036457711604,16.834988710180696,1712.5,False
15.0,9.0,24.516791711890605,13.552094826237576,1712.5,False
5.0,33.0,25.308473243942966,13.853736377224541,2287.5,False
10.0,23.0,23.845350433527425,13.5678120067824,1827.5,False
19.0,15.0,25.88288108634076,17.02111497008329,1770.0,False
23.0,13.0,24.383427949820874,13.678781953885334,1655.0,False
11.0,15.0,24.417640141100303,14.990719257936423,1827.5,False
28.0,21.0,22.70115211850534,14.36796947974755,1655.0,False
25.0,20.0,22.760464138080387,14.866644051351813,1655.0,False
25.0,21.0,24.306504628334,14.662370457863897,1655.0,False
11.0,26.0,24.88351761502173,17.051486903163088,1942.5,False
6.0,16.0,22.81882675059119,16.57482222261349,2345.0,False
26.0,20.0,23.936070710770373,17.040067503582293,1712.5,False
13.0,16.0,23.424800245232657,16.380170462039345,1770.0,False
19.0,19.0,23.755055024327163,14.82139236084309,1712.5,False
22.0,16.0,22.888523752061413,14.24338047822521,1655.0,False
9.0,23.0,22.56289145612939,15.619117921575944,2000.0,False
23.0,3.0,23.282004116215482,14.926673416668397,1770.0,False
29.0,11.0,25.475666667356617,16.07365199151622,1712.5,False
21.0,13.0,25.220903038035065,13.655730368442754,1655.0,False
16.0,29.0,22.40661653485085,16.351928115369198,1655.0,False
26.0,17.0,22.351234049121445,14.698236707991189,1655.0,False
17.0,14.0,23.971804915276177,15.348962018808045,1712.5,False
22.0,15.0,23.10952880855791,17.414455823069165,1770.0,False
24.0,16.0,25.29370318004504,14.36230177844205,1655.0,False
22.0,26.0,23.944724718317605,13.970622330919582,1597.5,False
13.0,30.0,25.41083096180746,14.33925544334293,1712.5,False
8.0,25.0,22.432795274569507,14.906014102613156,2057.5,False
12.0,25.0,25.880308306913783,15.644941157885288,1770.0,False
17.0,11.0,25.068405368309783,17.42090494284062,1827.5,False
17.0,12.0,24.927506252264145,16.979533531620426,1770.0,False
18.0,18.0,25.76086464492678,16.359825781706252,1712.5,False
15.0,20.0,23.881210960900695,16.38211817947556,1712.5,False
23.0,11.0,22.595555656247406,14.635133585704247,1712.5,False
27.0,22.0,23.987602983364305,17.211876562297125,1712.5,False
12.0,11.0,25.260895357642234,15.658208643270862,1770.0,False
22.0,12.0,25.438171835862537,14.150082474857435,1655.0,False
20.0,13.0,23.95418282251133,17.30121006414458,1770.0,False
17.0,25.0,24.929208880697175,15.526103661922157,1655.0,False
10.0,22.0,22.98781080095675,14.122048585241426,1885.0,False
23.0,17.0,22.922188167639508,16.440928665177193,1712.5,False
30.0,24.0,24.345038209532273,14.435160426037294,1597.5,False
21.0,24.0,23.687004675030398,14.250667756441484,1655.0,False
28.0,15.0,22.644209637688387,14.570365903438145,1655.0,False
32.0,23.0,25.045449971313516,15.813105792487935,1655.0,False
14.0,11.0,24.12858979090385,14.670357838410386,1770.0,False
19.0,17.0,24.081569229666233,13.663253895040317,1655.0,False
16.0,9.0,22.757238078718718,15.04998821835239,1770.0,False
32.0,15.0,22.964562545063707,14.437550409586823,1655.0,False
8.0,17.0,24.77083153753067,15.545789367818793,2057.5,False
15.0,7.0,25.407612330005392,15.338246414699533,1770.0,False
26.0,16.0,22.708848587257254,13.812332299651995,1655.0,False
13.0,20.0,25.24938288477673,14.481256189626409,1712.5,False
23.0,19.0,25.152380667571,14.6259371136335,1655.0,False
14.0,6.0,25.25964727430131,15.43894652875094,1827.5,False
31.0,8.0,24.326975255567323,16.78887533095278,1770.0,False
26.0,14.0,23.407368074763006,14.374410794388433,1655.0,False
13.0,25.0,25.084083686476173,14.13274668727422,1712.5,False
22.0,26.0,23.919781686288147,13.504086310070456,1597.5,False
14.0,13.0,22.88745632562101,15.92601275669252,1770.0,False
19.0,21.0,23.609547040628804,14.802559424023336,1655.0,False
20.0,18.0,23.830867365121396,16.180621410057938,1712.5,False
24.0,32.0,24.021380611166798,16.260569577698345,1655.0,False
4.0,8.0,25.590254301635138,13.678814097465962,2517.5,False
11.0,17.0,23.644660050305074,15.173646788620333,1827.5,False
21.0,18.0,23.13924326816408,17.37193078944299,1770.0,False
18.0,13.0,25.849391830765207,14.60057518832304,1712.5,False
16.0,6.0,22.96779276372436,15.618201738921814,1827.5,False
6.0,6.0,22.04446516296837,15.65125428254845,2287.5,False
14.0,16.0,25.399284072484903,14.542205029557682,1712.5,False
25.0,21.0,25.81778308307263,16.617025475642734,1712.5,False
5.0,21.0,24.728527789891675,13.514731453795447,2345.0,False
15.0,10.0,23.630598616768484,14.407162027343388,1770.0,False
29.0,25.0,24.175018740777215,15.87010909438716,1655.0,False
6.0,14.0,25.328006284386625,17.16917466681691,2345.0,False
22.0,30.0,25.541361319786382,13.53812461249576,1597.5,False
12.0,8.0,22.41010354684368,15.903471446774452,1885.0,False
25.0,24.0,25.471986868964017,13.51346685209878,1597.5,False
22.0,27.0,24.469399264865267,15.991269834770344,1655.0,False
26.0,24.0,22.12911420854399,15.14638164359135,1655.0,False
11.0,24.0,22.433942810281586,15.237817194116682,1885.0,False
17.0,14.0,22.182136854854754,17.370038496024403,1827.5,False
23.0,21.0,25.79423429034177,16.228985374618762,1712.5,False
12.0,18.0,23.70607161066674,14.285658530730263,1712.5,False
11.0,15.0,24.862462523431404,17.489348859336243,1885.0,False
5.0,33.0,22.006869365391644,14.52671092746142,2172.5,False
30.0,13.0,25.172687866302162,16.24362729063953,1712.5,False
21.0,15.0,23.928141549253265,16.221179981784566,1712.5,False
19.0,27.0,25.694410679050716,16.898900069552994,1712.5,False
22.0,13.0,24.08358996502076,15.095467500960282,1712.5,False
17.0,10.0,25.155200596896197,16.283858052501483,1770.0,False
16.0,13.0,24.517866765441266,16.00376429551866,1770.0,False
16.0,22.0,24.082153890558473,15.245679804140519,1712.5,False
19.0,25.0,25.792976755474008,17.163829689618332,1712.5,False
11.0,8.0,23.982396888501498,14.507718373416978,1827.5,False
26.0,19.0,25.569553459896706,14.397094305330974,1655.0,False
24.0,18.0,22.144310520539477,16.021553020820257,1712.5,False
14.0,20.0,24.629675380996474,14.261066553113482,1655.0,False
18.0,20.0,25.646646316936582,16.819979227226227,1712.5,False
9.0,30.0,25.597101317945096,14.85870102447356,2000.0,False
31.0,14.0,23.940214522021403,15.18439790072675,1712.5,False
27.0,13.0,23.88838866387872,16.22926343036709,1712.5,False
28.0,18.0,25.24205373849296,17.04040677200269,1712.5,False
14.0,15.0,23.340063540424815,16.259869923294787,1770.0,False
10.0,16.0,25.748645700626177,13.876820899886443,1827.5,False
11.0,7.0,23.00273648221704,14.852243950050077,1827.5,False
8.0,9.0,22.29759130925248,16.500251662934083,2057.5,False
9.0,28.0,25.087695810451425,17.13100256944229,2057.5,False
7.0,7.0,23.618897022048998,16.035308472108326,2115.0,False
32.0,18.0,23.42310947425336,15.8846201175191,1712.5,False
7.0,22.0,23.283639819118342,15.01687823124043,2172.5,False
9.0,3.0,25.921768936744154,15.412206638860374,2000.0,False
24.0,11.0,24.286706612292864,15.22891018694794,1712.5,False
18.0,14.0,25.967657770395164,13.72070590621182,1655.0,False
23.0,17.0,23.374323953373878,13.587411547613357,1655.0,False
19.0,14.0,23.655876954641244,15.969615336945939,1770.0,False
26.0,20.0,22.847050792434672,15.53935513502091,1712.5,False
19.0,11.0,23.721456465358013,14.479563215074531,1712.5,False
17.0,4.0,22.248021371614463,17.07100385226766,1942.5,False
21.0,2.0,22.002231407731948,14.326379600130327,1770.0,False
16.0,14.0,23.812293904421413,16.3019953019518,1770.0,False
14.0,14.0,24.984095698371295,16.653451643941775,1770.0,False
16.0,29.0,23.748260665848218,16.860907901084904,1655.0,False
10.0,6.0,24.07202159665368,16.858119754158814,1942.5,False
23.0,17.0,23.782463582262086,16.676727021991944,1712.5,False
12.0,18.0,24.107217119685167,15.331200692787888,1770.0,False
10.0,21.0,25.10241619099871,15.99564623985596,1942.5,False
12.0,19.0,25.21514516247378,16.93084551581346,1827.5,False
25.0,3.0,25.35223217484988,15.181157532804681,1770.0,False
14.0,19.0,22.849719632278465,16.183419901146287,1712.5,False
20.0,13.0,23.831377825375668,14.138145323825555,1712.5,False
25.0,23.0,25.324022784814286,15.758770446218595,1655.0,False
7.0,10.0,25.767516079509182,14.064183613088716,2057.5,False
22.0,21.0,24.171933529616457,16.14116397230378,1712.5,False
13.0,19.0,23.971999912006833,15.007323812957395,1712.5,False
11.0,20.0,25.05837908458984,14.411371737366757,1770.0,False
20.0,10.0,25.966777254410164,14.942972990070999,1712.5,False
27.0,20.0,23.703728793405297,16.305668490336004,1712.5,False
13.0,22.0,22.660398712939333,17.13213369636958,1827.5,False
18.0,16.0,25.337227204347784,13.54512379478305,1655.0,False
13.0,14.0,24.84170083391992,14.171391787533832,1712.5,False
18.0,10.0,22.580303087981125,16.322933361076494,1827.5,False
19.0,13.0,23.294037186952206,15.774939446942168,1770.0,False
19.0,22.0,24.212893568920055,14.776732189845541,1655.0,False
19.0,15.0,24.925862241307506,16.10705301228051,1770.0,False
9.0,21.0,25.12258633422026,16.968750250545803,2057.5,False
21.0,22.0,22.622925479319655,14.5319146901248,1655.0,False
20.0,20.0,22.867002682268584,15.44268870922997,1712.5,False
20.0,20.0,24.976490057700182,13.583069365188258,1655.0,False
7.0,19.0,22.464449491096342,17.283983918176812,2230.0,False
16.0,17.0,23.99264095569825,16.70657493090283,1770.0,False
15.0,11.0,24.18396861756668,15.52036214735201,1770.0,False
7.0,25.0,23.35741818850246,17.4679919637398,2287.5,False
11.0,30.0,25.185344856507527,14.380874517935752,1827.5,False
16.0,16.0,22.221663242983162,16.475882195943772,1770.0,False
22.0,28.0,25.109777979123187,16.578026261719373,1655.0,False
12.0,34.0,24.584130993259954,16.823423248703794,1885.0,False
24.0,16.0,24.02887030269359,16.240385214334,1712.5,False
17.0,21.0,25.489490789914406,14.262362409965188,1655.0,False
22.0,19.0,22.80898575213445,13.865336478044192,1655.0,False
16.0,12.0,25.203096140497397,14.221428831451039,1712.5,False
17.0,6.0,22.751098163046187,16.933274089262706,1885.0,False
19.0,16.0,25.961784388892003,15.107980413108852,1712.5,False
28.0,23.0,22.131059079559243,15.684664355598017,1655.0,False
16.0,13.0,24.212789036712202,13.601491980277736,1712.5,False
17.0,23.0,22.672067256885235,15.465714115793604,1712.5,False
19.0,20.0,23.631900265893485,15.137077073332996,1712.5,False
22.0,21.0,22.591786680698245,15.638240976049655,1712.5,False
7.0,13.0,22.775301807162162,15.00109374047594,2115.0,False
17.0,16.0,22.243922034905953,13.801768805180048,1712.5,False
16.0,10.0,22.032014181095406,13.675841277669203,1712.5,False
28.0,12.0,24.877223544426663,17.299187884827784,1770.0,False
16.0,8.0,23.813842130984682,15.915274627082479,1827.5,False
16.0,9.0,22.18236874071249,16.0735850877918,1827.5,False
30.0,11.0,25.755879275535484,17.16167519666462,1770.0,False
16.0,18.0,24.66244058185013,15.703446018319127,1712.5,False
10.0,16.0,23.057092528133975,15.962211347913012,1942.5,False
11.0,12.0,23.754780588480394,15.592154345470263,1827.5,False
8.0,25.0,23.957066731622533,14.203897842998673,2057.5,False
2.0,17.0,24.279711259083456,14.746043630101042,2805.0,False
15.0,28.0,25.429801110678248,17.03735964635711,1712.5,False
22.0,19.0,24.35960113093661,15.275457319245803,1712.5,False
22.0,4.0,25.914904596179454,14.316598141090202,1712.5,False
5.0,27.0,24.907236357186903,16.81216157929698,2402.5,False
18.0,25.0,25.954068793083238,13.849219552009423,1655.0,False
10.0,19.0,24.202996605105923,16.058121144169572,1942.5,False
29.0,17.0,24.713796753852357,16.30049792359873,1712.5,False
10.0,16.0,24.951594288258587,14.715073199707376,1885.0,False
19.0,16.0,25.018988138275986,14.167539171380716,1655.0,False
13.0,22.0,22.097718513345164,15.293171065595953,1770.0,False
19.0,17.0,22.50989728294063,16.52012921902231,1770.0,False
15.0,10.0,22.91088954411636,17.046766231709924,1827.5,False
22.0,6.0,23.085977963505673,16.7613475938653,1827.5,False
11.0,9.0,25.62147275718129,13.938116792186243,1770.0,False
27.0,12.0,24.890412893889742,14.391106339532723,1655.0,False
17.0,14.0,22.573126442137475,15.967942940311666,1770.0,False
22.0,26.0,23.70542013232432,16.339640444520484,1655.0,False
25.0,12.0,22.97248618051633,13.534952947689364,1655.0,False
34.0,13.0,25.31945458628324,14.070294915535023,1655.0,False
11.0,11.0,25.671187944078223,13.876067631883455,1770.0,False
13.0,17.0,22.657160547254357,14.864436977590277,1712.5,False
12.0,19.0,23.66628312791004,16.223209220766638,1827.5,False
12.0,17.0,25.811347941012652,17.272776659058522,1827.5,False
18.0,29.0,24.628357770766357,13.858093235164171,1597.5,False
33.0,33.0,25.472387473371736,15.524365375768134,1597.5,False
32.0,24.0,23.430774924016617,14.98986638358328,1655.0,False
17.0,23.0,22.83880946494628,15.093286230517146,1655.0,False
19.0,14.0,24.765214915916136,13.772185273433333,1655.0,False
25.0,18.0,22.549705339509877,14.653283558887532,1655.0,False
28.0,14.0,25.359607586905042,14.509823984226875,1655.0,False
11.0,23.0,25.019348627421646,16.37319457926702,1885.0,False
17.0,10.0,23.219626540107214,16.067433328928193,1827.5,False
24.0,11.0,23.994846078875874,16.045241788643786,1770.0,False
13.0,5.0,25.1967755984775,15.577033011760117,1827.5,False
15.0,19.0,25.739641279089703,14.868340751870626,1712.5,False
32.0,20.0,23.40864198354891,14.475168194921746,1655.0,False
32.0,2.0,25.159967273541056,13.545135196140336,1655.0,False
27.0,17.0,22.777868324377135,14.09171217978862,1655.0,False
23.0,14.0,25.614160556746256,14.379526162867979,1655.0,False
12.0,23.0,24.745000040799827,17.402254132093184,1885.0,False
13.0,5.0,22.610957280280594,17.38180662545127,1942.5,False
17.0,6.0,24.959315686439723,16.57066464359776,1827.5,False
18.0,19.0,24.89623068507312,15.941304095217987,1712.5,False
17.0,18.0,24.96918982766835,16.17523361719348,1712.5,False
19.0,24.0,23.379509669698724,15.902196213544954,1712.5,False
15.0,18.0,24.959200999707342,16.087320572311366,1712.5,False
22.0,29.0,25.30628022724023,14.37694763425143,1597.5,False
14.0,13.0,23.38851563816433,17.406807666556375,1827.5,False
14.0,15.0,22.831830666324176,16.526554077799815,1770.0,False
9.0,31.0,25.551519685971677,14.436974912158725,1942.5,False
10.0,8.0,24.482776259924673,15.554591758464968,1885.0,False
25.0,23.0,23.841548676179798,16.65686924125626,1712.5,False
16.0,3.0,25.51897562375995,17.144640429955384,1885.0,False
11.0,16.0,22.544022574312592,15.035377998326474,1827.5,False
22.0,10.0,25.2423384234439,15.434921127231965,1712.5,False
18.0,18.0,23.963285103533213,14.739530769690413,1712.5,False
4.0,23.0,22.170097046072126,15.00631741555786,2402.5,False
13.0,5.0,25.89045074271415,14.410837396193358,1827.5,False
10.0,10.0,25.11226697099537,13.619646820629683,1827.5,False
20.0,14.0,22.85902329541831,15.165323189850712,1712.5,False
12.0,12.0,25.694782320005068,15.382314373741488,1770.0,False
7.0,15.0,25.74138223462312,16.619587650207485,2172.5,False
6.0,29.0,25.201862400386073,15.590486251178387,2345.0,False
18.0,8.0,22.5086817325683,14.80558889739064,1770.0,False
4.0,15.0,22.745525332933493,15.35297130948272,2632.5,False
25.0,16.0,25.016131739616995,16.684531223917478,1712.5,False
10.0,13.0,25.655223081851968,15.42380380156178,1885.0,False
19.0,13.0,22.86007255157768,15.720732043568667,1770.0,False
16.0,21.0,23.8433113408944,14.191995778070634,1655.0,False
16.0,19.0,22.61917583872981,13.530541135892587,1655.0,False
7.0,24.0,23.912031371322776,17.218706581382204,2230.0,False
23.0,15.0,24.570116520138896,14.571859493117012,1655.0,False
26.0,19.0,22.07421955363744,14.890300039953857,1655.0,False
3.0,26.0,24.57170876677719,13.959386268309506,2517.5,False
10.0,25.0,24.558999710742935,15.55199188615384,1942.5,False
27.0,28.0,23.820033947462544,16.44839538587324,1655.0,False
17.0,12.0,25.58160905037685,16.244268340475625,1770.0,False
9.0,32.0,22.53927607008022,16.922408459173525,2057.5,False
11.0,24.0,22.205247321814895,14.646280373033079,1827.5,False
20.0,23.0,23.983324639898623,14.758653120956211,1655.0,False
21.0,20.0,24.13213808032844,17.362294171883114,1712.5,False
18.0,32.0,23.06675674497474,15.326399191802246,1655.0,False
29.0,16.0,25.846510826614747,16.838054870502766,1712.5,False
16.0,22.0,23.014908959932598,15.946008160029287,1712.5,False
13.0,21.0,23.080647314932513,14.223459202613775,1712.5,False
16.0,22.0,25.243945819284825,17.329752590668047,1712.5,False
14.0,22.0,25.69129470331506,14.797771162341764,1655.0,False
11.0,11.0,24.14455898401944,16.067166079052004,1827.5,False
6.0,14.0,22.076215947786256,14.518062593027537,2230.0,False
14.0,15.0,23.42173953022344,15.802672441318249,1770.0,False
21.0,22.0,22.8957593144633,15.664458250882937,1712.5,False
4.0,21.0,24.04407218933862,14.544152901216835,2517.5,False
15.0,24.0,24.730287157075118,17.455083537447887,1712.5,False
19.0,23.0,23.569745141632048,14.062734079116723,1655.0,False
19.0,18.0,24.149439922903692,15.272050169049752,1712.5,False
23.0,9.0,25.039441257648924,13.625509952862364,1655.0,False
24.0,19.0,22.984588033892663,16.23089031103217,1712.5,False
21.0,26.0,22.78387159305504,15.348414362411717,1655.0,False
8.0,19.0,25.222539787308726,15.740370236774861,2057.5,False
16.0,27.0,22.148094495363342,16.294028800554887,1655.0,False
19.0,34.0,22.60238633484226,16.556034964428758,1655.0,False
12.0,14.0,22.04942698184908,17.36331076483306,1827.5,False
6.0,21.0,24.221539173823626,16.955984460635353,2345.0,False
11.0,17.0,24.400342927229474,14.795218782951427,1827.5,False
16.0,16.0,24.124122777478014,16.409058932888165,1770.0,False
15.0,12.0,23.65707611724112,13.803857692629716,1712.5,False
10.0,12.0,24.116116493673857,14.0448274293522,1827.5,False
24.0,10.0,22.775751206063852,15.338450468572816,1712.5,False
28.0,19.0,25.304970899344628,15.338498176484755,1655.0,False
11.0,9.0,25.9230920148251,15.523002611427291,1827.5,False
28.0,15.0,24.16249153058422,15.400788034189246,1712.5,False
4.0,17.0,23.497422153273558,16.06551471675913,2632.5,False
28.0,15.0,25.167130866236686,17.317381789194325,1770.0,False
29.0,25.0,22.77228772433678,14.190756522055555,1597.5,False
3.0,16.0,23.28309426438334,14.929849843631311,2747.5,False
22.0,7.0,25.759922333741304,13.797061906373324,1655.0,False
30.0,33.0,22.745176690471745,14.299932777703024,1597.5,False
27.0,25.0,22.44846231134633,17.449220398784192,1712.5,False
31.0,20.0,24.185414782578093,13.658226864783973,1597.5,False
18.0,22.0,24.349669346731034,14.354711292538306,1655.0,False
7.0,9.0,24.38860041604368,15.206017274927387,2115.0,False
25.0,22.0,22.657912916163653,14.67067738908983,1655.0,False
19.0,11.0,24.884578909154268,15.680892789241167,1770.0,False
19.0,16.0,22.969124511730946,17.461786322684453,1770.0,False
15.0,10.0,25.792410203787597,16.315733110989825,1827.5,False
18.0,22.0,22.911828709394847,15.123441379118349,1655.0,False
10.0,12.0,22.069245916403666,16.23174695580111,1942.5,False
22.0,12.0,24.271380773269666,16.989026474635484,1770.0,False
7.0,8.0,22.81139149242685,14.4160112215143,2057.5,False
21.0,21.0,24.51429530138965,16.367717821571595,1712.5,False
25.0,13.0,22.91685344228379,15.955801327462915,1712.5,False
16.0,17.0,23.712337456759208,16.435281171509292,1770.0,False
17.0,14.0,22.71805760315205,13.83664060995503,1712.5,False
13.0,23.0,23.715245428309657,16.431766431349224,1770.0,False
30.0,11.0,22.546081354893584,16.652103111087868,1770.0,False
22.0,29.0,23.351892230903378,16.24892872968864,1655.0,False
14.0,13.0,22.795726467271212,14.288962107780428,1712.5,False
10.0,8.0,25.264407491132435,14.145377698196068,1827.5,False
11.0,12.0,24.917416334378043,16.453506623162053,1827.5,False
16.0,7.0,22.667277592655573,16.090833610819065,1827.5,False
29.0,16.0,22.33161821011071,17.434541923061104,1770.0,False
22.0,12.0,22.102978424052118,15.318981272525662,1712.5,False
11.0,26.0,22.906687184537763,14.417265861171948,1827.5,False
25.0,17.0,23.920709463986846,16.578888304217063,1712.5,False
14.0,12.0,23.599532787456802,16.494101162561897,1827.5,False
25.0,16.0,25.885996127050237,15.59081246490886,1712.5,False
12.0,11.0,25.16898258076781,16.48419662107855,1827.5,False
19.0,10.0,22.312746730991456,14.742369680469578,1770.0,False
28.0,13.0,22.63572953013319,14.36288131197775,1655.0,False
12.0,8.0,22.106396207499426,14.004381360645441,1770.0,False
21.0,10.0,22.552905445753026,14.661911659457004,1712.5,False
32.0,29.0,24.11766859530516,16.118266146345547,1655.0,False
9.0,20.0,22.306952141300837,14.533720640863017,1942.5,False
7.0,28.0,22.239471789240508,17.033755669291406,2230.0,False
20.0,12.0,22.472646017183735,14.499052476461127,1712.5,False
14.0,25.0,24.677654580292852,16.2377910621501,1712.5,False
7.0,14.0,22.07743249963244,15.610258743592269,2172.5,False
16.0,9.0,25.87850440077625,14.346188433212326,1712.5,False
22.0,23.0,23.52314505405821,15.72478810790605,1655.0,False
13.0,6.0,23.346349444094884,17.318932457014018,1942.5,False
14.0,15.0,23.89925133587145,17.276710130271127,1770.0,False
25.0,24.0,24.07144717846652,14.666376207674416,1655.0,False
17.0,19.0,23.680053555855334,15.645954190316196,1712.5,False
25.0,17.0,23.945303523257245,14.103423653644661,1655.0,False
16.0,14.0,23.358935602997146,15.3761426120168,1770.0,False
29.0,7.0,23.28802968289373,14.785979648612889,1712.5,False
20.0,33.0,22.109261060461044,17.217932569543308,1655.0,False
8.0,10.0,24.68720213630819,16.030726521710662,2057.5,False
26.0,12.0,24.46908791826095,14.239709726714008,1655.0,False
16.0,12.0,24.675281509488805,17.46935618675586,1827.5,False
9.0,27.0,25.76422021625989,16.2767018604108,2000.0,False
10.0,22.0,23.892338958675204,14.038701749987775,1885.0,False
20.0,16.0,25.527081737208967,16.698206771320233,1770.0,False
6.0,29.0,23.77577298743139,15.730233557331946,2287.5,False
13.0,6.0,23.910456109846248,15.101045051910305,1827.5,False
9.0,26.0,24.531810070859557,14.285268874644203,1942.5,False
16.0,6.0,22.863605597542474,14.611710795283306,1770.0,False
15.0,15.0,22.869424490228415,14.169030800638435,1712.5,False
17.0,6.0,24.039327376878457,16.713419982664114,1827.5,False
13.0,34.0,22.274439270881174,14.591899954426715,1770.0,False
5.0,27.0,22.946632197695976,15.379847487829778,2345.0,False
19.0,18.0,25.173648614323767,17.37165723497921,1770.0,False
14.0,11.0,23.85493370930496,17.478228841861654,1827.5,False
20.0,12.0,22.106487734196467,16.66507247967565,1770.0,False
8.0,16.0,22.242965673449156,16.695642522290118,2115.0,False
4.0,13.0,25.678061514290526,17.27938762322209,2690.0,False
12.0,4.0,25.82687379336117,16.687291647250337,1942.5,False
16.0,20.0,24.564415351286335,15.303805271696916,1712.5,False
15.0,19.0,22.73978043416699,13.741243625290842,1655.0,False
24.0,27.0,23.47234482981009,14.333479613029729,1597.5,False
14.0,16.0,23.221868226085217,15.278197071833102,1712.5,False
17.0,14.0,25.14062528328575,14.561640659977089,1712.5,False
18.0,17.0,24.14835874050306,14.816730576768105,1712.5,False
4.0,11.0,25.118626194458788,13.735723071107552,2517.5,False
17.0,19.0,23.44204244086,15.70851515735613,1712.5,False
14.0,22.0,25.478045853906828,14.906319898038308,1712.5,False
15.0,10.0,23.71664949891791,14.53536122843369,1770.0,False
8.0,13.0,23.669496273524977,15.941492446552196,2057.5,False
23.0,26.0,23.95639375208995,14.607108786378227,1655.0,False
29.0,17.0,24.367223014817654,15.405052888175572,1655.0,False
4.0,17.0,25.57644741263251,14.485608685302532,2575.0,False
19.0,21.0,23.83102217918955,16.22205664541441,1712.5,False
22.0,18.0,25.720544948855927,16.916611717955178,1712.5,False
13.0,7.0,23.57467334146752,13.826842372451495,1770.0,False
23.0,23.0,23.298290778166862,16.77940122219972,1712.5,False
19.0,28.0,23.18018242927515,16.906792657590827,1655.0,False
28.0,6.0,22.084608018799457,17.35971116624933,1827.5,False
31.0,9.0,25.396575762455427,16.811351671964623,1770.0,False
5.0,21.0,22.316934951050538,15.70956330780411,2460.0,False
16.0,19.0,23.337325410349074,13.781016332338229,1655.0,False
17.0,14.0,23.001827145548926,13.797794990890504,1712.5,False
9.0,17.0,24.977746936772885,14.286803077408482,1942.5,False
14.0,21.0,25.730348702683592,15.288398868329528,1712.5,False
32.0,17.0,25.266839135715376,17.321758552627454,1712.5,False
4.0,9.0,23.27999331902901,14.201414603449424,2575.0,False
16.0,8.0,23.823029374123717,15.655189299354927,1827.5,False
25.0,15.0,22.988147585738435,17.49228353963933,1770.0,False
13.0,28.0,25.69592076528548,13.555111656748508,1655.0,False
16.0,18.0,22.47497829835952,13.687928950857538,1655.0,False
31.0,14.0,25.807817822578826,14.579649593031162,1655.0,False
16.0,27.0,25.25462730966402,14.400592946695264,1655.0,False
9.0,15.0,24.84631085010524,15.494405691884522,1942.5,False
6.0,17.0,25.095974626600142,15.181808009701452,2287.5,False
29.0,8.0,23.35738722760819,15.8345735436525,1770.0,False
12.0,22.0,23.18354602962845,14.088309672009725,1770.0,False
17.0,21.0,23.52568346227061,16.243370716153198,1712.5,False
8.0,23.0,22.72645299368302,14.358774834637488,2057.5,False
15.0,13.0,24.985440340784415,15.307967532882506,1770.0,False
28.0,15.0,23.900175348024078,13.633400513762037,1655.0,False
17.0,10.0,25.543239833278868,16.69144229514469,1827.5,False
31.0,30.0,25.51352603710741,16.008428043637714,1655.0,False
12.0,7.0,22.62341551433018,14.335090832147923,1827.5,False
17.0,20.0,22.875273074695144,15.907006194669918,1712.5,False
25.0,21.0,23.642560902644504,15.248029623560665,1655.0,False
16.0,10.0,22.475257838470533,16.805071011324106,1827.5,False
13.0,14.0,24.757735539041526,17.434881824113994,1827.5,False
25.0,6.0,24.950382621346023,13.998081796027355,1712.5,False
15.0,18.0,24.885401435183727,15.460426445186556,1712.5,False
17.0,33.0,23.880841256072276,14.532091960363452,1597.5,False
31.0,15.0,25.37286488746934,16.49872867837451,1712.5,False
10.0,32.0,24.4233829869544,13.637853309831247,1885.0,False
13.0,9.0,25.97444710474644,15.678300277477351,1827.5,False
5.0,15.0,25.261752872436716,16.928380951719955,2460.0,False
15.0,27.0,24.889035263132246,15.057145343612165,1655.0,False
11.0,26.0,22.493211210069965,16.85158774501233,1942.5,False
20.0,13.0,25.330400150526724,14.087561665863944,1655.0,False
10.0,20.0,23.222288862632197,17.17330266946805,2000.0,False
20.0,26.0,23.675657182179442,16.665809744790234,1712.5,False
12.0,22.0,23.85104113848114,15.064393933038502,1770.0,False
14.0,19.0,23.32524211591484,14.02251108254496,1712.5,False
14.0,10.0,22.433755200517826,15.581690746096626,1827.5,False
21.0,7.0,22.797455391553413,16.181705126286083,1827.5,False
16.0,19.0,25.21386581772905,14.015706162988009,1655.0,False
14.0,17.0,24.60908052892686,17.23269733072884,1770.0,False
25.0,12.0,25.771365963864397,16.550806946062373,1770.0,False
18.0,13.0,25.284273414605856,17.30652537032937,1770.0,False
11.0,15.0,23.60888090419246,14.696973475364398,1827.5,False
27.0,16.0,25.144824601705487,15.233721033401011,1655.0,False
14.0,15.0,24.305716769852467,14.46043701700706,1712.5,False
5.0,15.0,23.145204331299894,14.595133958052198,2402.5,False
16.0,8.0,25.900357253342957,14.08114678312385,1712.5,False
9.0,25.0,25.71396397341651,14.000943931985347,1942.5,False
12.0,19.0,22.44879381516983,16.183137756996636,1827.5,False
22.0,9.0,25.3576859266546,14.127773311869898,1712.5,False
9.0,15.0,22.31074687904081,14.033740483431956,1942.5,False
24.0,15.0,25.715276775087624,15.63834290002287,1712.5,False
28.0,19.0,24.49666417125388,16.31599230911935,1712.5,False
19.0,19.0,22.666328977789327,16.612153854300022,1712.5,False
21.0,19.0,25.26904974323175,15.820956153883515,1712.5,False
21.0,21.0,24.06312736305403,14.306245660438513,1655.0,False
33.0,8.0,22.238199498721695,15.792920435429322,1770.0,False
14.0,13.0,25.193709539166935,16.00318934810138,1770.0,False
10.0,4.0,25.153352755956746,14.532389712367813,1885.0,False
17.0,16.0,23.92823978740059,14.077941219296603,1712.5,False
17.0,15.0,24.92443866597705,17.202602810206162,1770.0,False
10.0,22.0,22.16059331605227,13.883788656841931,1885.0,False
19.0,10.0,23.272426387259063,14.608725631057121,1712.5,False
4.0,19.0,24.692889530243963,14.425793188232388,2575.0,False
28.0,13.0,22.922422902098813,17.067937263350576,1770.0,False
12.0,14.0,23.80164551868527,15.507837356874967,1770.0,False
5.0,21.0,25.72778703515604,17.326317864331664,2517.5,False
8.0,7.0,25.30700711429216,16.812876932248578,2057.5,False
12.0,14.0,24.231986190650822,16.51948456097753,1827.5,False
12.0,15.0,24.306865323458023,14.207117960712624,1712.5,False
5.0,21.0,25.548024069211813,14.877415057333483,2402.5,False
13.0,11.0,25.452236408410837,16.781081534757703,1827.5,False
11.0,29.0,22.353186937531873,17.434123128265302,1942.5,False
14.0,34.0,23.862309521991406,17.011683167110736,1770.0,False
15.0,24.0,22.763414614285765,17.29364866285654,1712.5,False
14.0,13.0,22.33287902835136,16.06739910812309,1770.0,False
13.0,20.0,23.169582034709983,15.431269057351948,1712.5,False
8.0,7.0,24.44257522138123,15.558886125646971,2000.0,False
4.0,26.0,25.177481283426122,15.333967215166354,2460.0,False
11.0,17.0,25.64990547810295,14.119481472298965,1770.0,False
22.0,10.0,23.69182453915272,14.723048338361341,1712.5,False
33.0,13.0,23.689292293244378,13.861496357537819,1655.0,False
28.0,23.0,22.61301019139681,13.854240648281785,1597.5,False
17.0,26.0,22.779365135305543,14.747337978833805,1655.0,False
17.0,17.0,22.409979562803258,16.164503400126804,1770.0,False
13.0,16.0,25.903602185287713,15.954840268072063,1770.0,False
23.0,22.0,22.51038974566174,15.737852250380058,1712.5,False
22.0,24.0,25.026569802335352,16.49572910391116,1712.5,False
25.0,22.0,23.27105716066713,15.190766394579029,1655.0,False
27.0,15.0,24.14859119788125,15.268407530969295,1712.5,False
15.0,19.0,25.490840848417054,15.572073624688299,1712.5,False
22.0,25.0,25.7446698058968,13.766362161198492,1597.5,False
24.0,9.0,22.960921275463367,15.826768494474155,1770.0,False
13.0,15.0,25.645077613440336,16.500957471543348,1770.0,False
28.0,6.0,23.00820973759672,14.554569516383834,1712.5,False
8.0,15.0,25.21918881052043,16.919255514245616,2115.0,False
33.0,23.0,22.06100150743395,14.564865458154348,1655.0,False
22.0,11.0,24.140925905076177,15.552854001454453,1712.5,False
8.0,17.0,24.903250746647835,16.997897325272255,2115.0,False
20.0,5.0,25.35575587559297,16.4525142675532,1827.5,False
5.0,27.0,25.364515545578783,15.804509714158124,2402.5,False
22.0,24.0,23.195471333680388,15.990925670522277,1655.0,False
23.0,17.0,25.412598437923958,13.935546178927247,1655.0,False
19.0,21.0,23.294588111014235,16.29728535206843,1712.5,False
25.0,8.0,22.935069471338156,15.94770310975778,1770.0,False
8.0,25.0,22.00589307888084,13.838136995405984,2057.5,False
12.0,21.0,22.94286102053362,13.9972353746046,1770.0,False
15.0,9.0,22.473755295157595,17.38402196133335,1885.0,False
5.0,31.0,24.699746410395985,14.21244598532084,2287.5,False
16.0,4.0,22.579150511043544,17.08309210958622,1942.5,False
12.0,19.0,24.341534070978263,14.603335526259212,1770.0,False
15.0,10.0,22.505871038900892,15.084485834770184,1770.0,False
15.0,21.0,24.81767413144738,15.721957162528243,1712.5,False
26.0,7.0,23.14218200659147,16.00347310074833,1770.0,False
12.0,7.0,23.234785550453562,15.491116370351124,1827.5,False
26.0,16.0,24.56154126046022,14.893750700009459,1655.0,False
15.0,33.0,25.75578129484056,15.494749534858833,1655.0,False
13.0,12.0,25.9664041998279,16.302749430179496,1770.0,False
17.0,19.0,23.42905444626633,15.085932308241166,1712.5,False
15.0,17.0,25.785306292867585,15.68098373559732,1712.5,False
12.0,25.0,24.449285873208577,15.016693002583265,1770.0,False
17.0,13.0,25.625874304256506,14.819707085162582,1712.5,False
10.0,18.0,22.111408592645763,14.69527441872194,1885.0,False
14.0,29.0,22.132691407391704,14.395815948901216,1712.5,False
18.0,14.0,22.298295910816343,16.543080222585456,1770.0,False
15.0,15.0,25.21757200773522,17.435585915488993,1770.0,False
24.0,26.0,22.551825911858188,13.615975267241264,1597.5,False
12.0,14.0,22.706340046559113,14.284251158655282,1770.0,False
30.0,14.0,24.341599607944982,17.356999223119054,1770.0,False
23.0,13.0,25.829783448275826,14.867100799850268,1712.5,False
30.0,24.0,24.26844994832176,15.055898113938763,1655.0,False
25.0,28.0,24.93038320347749,16.151871124031757,1655.0,False
9.0,19.0,22.750937053960712,14.910740754831698,1942.5,False
17.0,19.0,25.656696212594575,15.470801820915879,1712.5,False
10.0,15.0,22.22350659426479,17.10287815464431,1942.5,False
24.0,3.0,23.131276033243786,15.759135242153185,1827.5,False
18.0,10.0,23.81489676531761,16.167521536712346,1770.0,False
12.0,9.0,22.904688618984487,14.368335078511516,1770.0,False
28.0,8.0,24.655043256451854,14.545809395443728,1712.5,False
8.0,20.0,24.715169732814847,17.066230308249807,2115.0,False
18.0,9.0,22.847432074461526,17.17032948171873,1827.5,False
21.0,7.0,22.034365074927482,16.72791661947509,1827.5,False
6.0,14.0,22.29726899196261,13.988261190680834,2230.0,False
18.0,12.0,22.001711540109103,16.774129950950517,1827.5,False
24.0,9.0,25.621574861989423,13.576910907486898,1655.0,False
7.0,9.0,24.48666278088817,15.88621781656602,2115.0,False
17.0,12.0,22.553741101480778,16.201049388872367,1770.0,False
12.0,17.0,22.37005168879376,15.205610527362957,1770.0,False
20.0,22.0,25.270379457914206,15.416853845688195,1655.0,False
9.0,25.0,25.244158383105322,16.467397237389267,2000.0,False
28.0,22.0,25.70951856085711,17.07950661273297,1712.5,False
27.0,19.0,22.637093925017894,14.257351180908415,1655.0,False
10.0,27.0,24.08909904063809,14.053938788202004,1885.0,False
13.0,17.0,22.48590422680974,16.01996829825175,1770.0,False
18.0,19.0,25.182558259098386,14.423038392776323,1655.0,False
21.0,15.0,23.64993913522858,14.276898845286807,1655.0,False
16.0,13.0,24.783302226310678,14.313965339989409,1712.5,False
10.0,14.0,22.12125472892286,14.287354281205365,1827.5,False
8.0,9.0,25.111723988367203,15.4084724612629,2000.0,False
35.0,23.0,22.917945139001887,17.357559777212344,1712.5,False
16.0,6.0,25.371217431226658,16.81227994742194,1827.5,False
26.0,20.0,22.743433935673146,15.673342371475115,1712.5,False
16.0,25.0,25.160388950379943,13.824661011929603,1655.0,False
28.0,17.0,22.536422926719627,16.191725828386772,1712.5,False
7.0,7.0,24.653668953268237,15.304569826065071,2115.0,False
8.0,15.0,25.117034900837925,16.613439733414616,2115.0,False
28.0,14.0,23.544931404448675,15.475829390985327,1712.5,False
29.0,32.0,22.97733045561844,16.17309495335695,1655.0,False
13.0,21.0,23.378110378573965,14.300198129233902,1712.5,False
14.0,21.0,23.1863666359398,16.832861732715408,1770.0,False
16.0,17.0,24.53226652141985,16.61769624479383,1770.0,False
15.0,21.0,22.178246977920207,14.996058174262338,1712.5,False
11.0,21.0,22.165745541768185,17.35457661758235,1942.5,False
27.0,7.0,23.151090319416937,14.141579103008707,1712.5,False
12.0,11.0,23.10789344677531,13.580053033838887,1770.0,False
21.0,3.0,22.708280952697137,16.552549804616532,1885.0,False
7.0,17.0,24.867259786354868,15.902268812142598,2172.5,False
5.0,26.0,22.095051695075174,13.943686564875236,2345.0,False
20.0,19.0,25.696939077561737,14.138026580161396,1655.0,False
14.0,17.0,25.02994730585218,14.023515292117967,1712.5,False
20.0,28.0,23.611830808453742,14.167412614068303,1597.5,False
8.0,10.0,25.43573767973907,15.345629245870192,2000.0,False
29.0,7.0,24.472614069574583,13.703849195511062,1655.0,False
22.0,28.0,24.280918246397793,15.5775460158875,1655.0,False
26.0,27.0,23.252071443784267,15.92149353989463,1655.0,False
9.0,20.0,24.652418694474584,16.409472687912245,2000.0,False
13.0,12.0,22.558778844338022,17.284132801694213,1827.5,False
14.0,30.0,24.099597177513356,13.829908506205731,1655.0,False
17.0,22.0,22.464440242958567,13.640631497950345,1655.0,False
13.0,20.0,23.780587765014882,14.056554480728906,1712.5,False
6.0,11.0,24.465084838808714,14.84925881672767,2230.0,False
14.0,17.0,22.62201375015602,15.60144685694784,1712.5,False
12.0,24.0,22.88847844831043,13.517143578669533,1712.5,False
15.0,25.0,25.253030900468307,16.269478687979,1712.5,False
11.0,18.0,23.02285146893671,17.32752969379075,1885.0,False
12.0,17.0,22.38222423227389,14.499115696070309,1770.0,False
19.0,21.0,23.322760485083975,13.53518815689097,1655.0,False
15.0,17.0,25.74055976122821,16.51298135552686,1770.0,False
14.0,15.0,24.775130246277605,16.580201279092368,1770.0,False
17.0,7.0,24.301737281002318,13.674037555006441,1712.5,False
23.0,9.0,25.36167848599105,15.969289168327347,1770.0,False
14.0,22.0,24.640749000127457,14.471358904759747,1655.0,False
18.0,4.0,25.244581795223045,16.031498642160948,1827.5,False
30.0,6.0,24.628628008774214,16.405514166550795,1770.0,False
17.0,27.0,25.457031280683104,14.390972858272113,1655.0,False
27.0,21.0,24.496032702061303,14.543038317367875,1655.0,False
23.0,2.0,23.059499477435534,15.946297349306555,1827.5,False
6.0,13.0,22.164472571404797,15.829050466891273,2287.5,False
15.0,22.0,22.421280987680234,17.044666919230302,1712.5,False
21.0,15.0,24.049783142471696,15.541473761773512,1712.5,False
32.0,16.0,25.887073522379914,16.699069507145015,1712.5,False
16.0,16.0,25.037846744898893,16.42802832591846,1770.0,False
8.0,11.0,25.101770680826046,16.162799997998754,2057.5,False
18.0,21.0,24.655148487787844,14.267091911394775,1655.0,False
9.0,8.0,25.613952530555686,14.605441742605686,1942.5,False
22.0,17.0,24.941837278168265,15.767077932287574,1712.5,False
17.0,10.0,23.033453643484727,13.763774659400296,1712.5,False
21.0,6.0,23.99792914068303,13.680197563287338,1712.5,False
26.0,9.0,23.617371985267475,13.699268039393829,1655.0,False
19.0,26.0,22.661563272434982,17.185230768850708,1712.5,False
19.0,10.0,22.889508258962792,16.255514225666136,1770.0,False
22.0,13.0,23.140627152930808,16.84704602151802,1770.0,False
25.0,9.0,22.694574659969145,17.35366733519296,1827.5,False
26.0,22.0,22.869233596942927,16.30387654191866,1712.5,False
5.0,16.0,25.66557344409512,15.56128517303669,2402.5,False
18.0,29.0,23.37295683283738,15.416071634838511,1655.0,False
11.0,20.0,25.310066758333605,16.48410880301809,1885.0,False
25.0,17.0,22.257559777310416,16.97158899689909,1770.0,False
20.0,20.0,25.927237558371324,16.818464500327543,1712.5,False
15.0,5.0,25.059166965158557,15.471781278858163,1827.5,False
10.0,29.0,25.626864268294437,16.59403614694893,1942.5,False
14.0,30.0,24.103645486318257,15.40634579145372,1712.5,False
21.0,12.0,24.53815167280135,15.037542414945511,1712.5,False
11.0,19.0,23.44327611735707,14.6906862504413,1827.5,False
8.0,11.0,23.728124883895337,13.71818260974762,1942.5,False
26.0,17.0,25.00297125731423,14.304650155318365,1655.0,False
22.0,23.0,22.19987455999562,16.420028219212888,1712.5,False
11.0,29.0,22.14620534159835,14.186843274988469,1827.5,False
13.0,14.0,25.499684190914007,17.10470822226372,1770.0,False
31.0,21.0,22.44003056019786,13.81433057841649,1597.5,False
21.0,21.0,24.884119797359492,13.70450750624292,1655.0,False
19.0,11.0,22.79817118919006,15.4243299221778,1770.0,False
13.0,19.0,23.464835545674106,14.39065578349653,1712.5,False
13.0,20.0,23.174199277763346,13.911811760520884,1655.0,False
5.0,22.0,23.961341959481565,13.739471786597347,2402.5,False
21.0,35.0,25.30664594634723,15.609186124339288,1655.0,False
6.0,5.0,25.5021363633909,14.537856824245546,2172.5,False
3.0,11.0,22.888178100775548,15.72306566339746,2920.0,False
21.0,9.0,23.350593996637958,14.093191145008188,1712.5,False
29.0,10.0,25.347667436753166,13.597696114699835,1655.0,False
22.0,16.0,22.35854000774205,13.609036868518704,1655.0,False
16.0,26.0,22.467587354141152,13.95069139154392,1655.0,False
16.0,16.0,23.91832567875261,16.684169678189132,1770.0,False
15.0,20.0,25.1605774244479,15.294056034118526,1712.5,False
13.0,14.0,23.343904724339538,15.99544176147934,1770.0,False
17.0,13.0,22.277727637961007,16.99995775559299,1827.5,False
15.0,24.0,25.87147018882591,14.350419473115183,1655.0,False
18.0,20.0,25.755645289028422,16.98539441219965,1712.5,False
27.0,14.0,24.607605665234402,16.48254186929841,1712.5,False
33.0,27.0,24.72750565244726,16.416072443130883,1655.0,False
7.0,17.0,25.734781405408526,16.982946960408164,2230.0,False
15.0,10.0,24.57545365893626,14.003510749073236,1712.5,False
10.0,16.0,25.153649717251994,15.662004531841134,1885.0,False
14.0,20.0,23.85406347462167,15.434133286904107,1712.5,False
13.0,14.0,22.912010392595313,16.155998153346257,1770.0,False
10.0,25.0,25.330128607158297,14.45195546253795,1885.0,False
22.0,17.0,24.737527717912183,14.009305039941667,1655.0,False
16.0,16.0,23.158248685171415,17.393776135745128,1770.0,False
28.0,25.0,24.49310220464332,15.36272609796633,1655.0,False
5.0,16.0,25.265935928578088,14.428081146900368,2402.5,False
7.0,15.0,23.081380905350834,14.014624513732596,2115.0,False
15.0,8.0,25.072608434887627,15.874393102462072,1827.5,False
7.0,14.0,22.289373555967288,14.091049069126687,2115.0,False
12.0,15.0,24.499795296563708,14.232170541346486,1770.0,False
32.0,10.0,25.995734500817186,17.30861095181878,1770.0,False
11.0,18.0,25.465498949595798,13.616662650785788,1770.0,False
11.0,9.0,25.502632209159874,14.247320893774097,1827.5,False
18.0,11.0,24.721428611353094,16.184876033109617,1770.0,False
17.0,18.0,23.844748510383383,14.36757608282699,1712.5,False
18.0,12.0,24.7088621278374,14.227760017608297,1712.5,False
14.0,19.0,23.28476934844852,15.726001019125647,1712.5,False
24.0,20.0,24.21107414967581,16.283825676061703,1712.5,False
9.0,13.0,24.15871964179723,15.222530982926203,1942.5,False
15.0,7.0,24.174921403693986,16.62515142349291,1885.0,False
20.0,16.0,23.64795036180746,16.760840224561658,1770.0,False
26.0,8.0,23.41120732144523,15.992337077905137,1770.0,False
14.0,17.0,23.321418057415844,15.811276111079781,1712.5,False
18.0,21.0,22.898923433117893,16.765220439643453,1712.5,False
7.0,19.0,23.754188979751394,13.560119764467617,2115.0,False
10.0,16.0,22.470982614541917,15.542539300376715,1885.0,False
7.0,29.0,25.606294169283753,14.014930292146605,2115.0,False
21.0,8.0,22.278735198854474,14.386227050825694,1712.5,False
13.0,26.0,25.349674858994266,17.295996953982286,1827.5,False
21.0,23.0,22.964993633457524,13.514840954740428,1597.5,False
7.0,15.0,25.412876717911676,14.728056069777452,2115.0,False
25.0,10.0,24.881064778988915,14.117444049986089,1655.0,False
24.0,10.0,25.68390048504824,15.781667690042388,1712.5,False
8.0,28.0,25.48093189657424,16.87703968726059,2115.0,False
4.0,12.0,24.804350094273637,15.063555164192966,2575.0,False
6.0,26.0,22.606715292367504,16.84874162246955,2287.5,False
25.0,17.0,24.19618127921852,15.260945812189904,1712.5,False
12.0,16.0,23.359312214501806,17.136175802561795,1827.5,False
17.0,19.0,25.543102542561698,16.88777985216521,1712.5,False
15.0,11.0,25.488913976219138,14.215278014348206,1712.5,False
23.0,15.0,23.256149809594845,17.04025611208185,1770.0,False
16.0,29.0,24.68679831711198,14.270256338127414,1655.0,False
17.0,12.0,23.353139308228855,15.461578988748059,1770.0,False
32.0,28.0,24.71276198156528,14.284015635546028,1597.5,False
9.0,33.0,24.45548417757474,15.045849898133145,2000.0,False
24.0,6.0,24.04379180980832,17.44241715056237,1827.5,False
6.0,17.0,25.51362405627051,16.560560761969775,2345.0,False
16.0,10.0,22.98420106272899,15.716295083326287,1770.0,False
26.0,19.0,25.189866657195672,17.241914120789446,1712.5,False
20.0,32.0,24.75803089188917,14.938814070981662,1597.5,False
20.0,27.0,23.12507147908278,14.192823441725775,1597.5,False
12.0,28.0,23.686743018443597,16.81581044356919,1885.0,False
15.0,11.0,22.27605668209232,13.548701443746868,1712.5,False
14.0,17.0,24.390306630813143,16.718381586942183,1770.0,False
17.0,12.0,25.551563783902044,13.587428669228068,1712.5,False
16.0,27.0,22.471273693592085,14.637521725137146,1655.0,False
13.0,11.0,22.527993840023928,14.92199866215619,1770.0,False
13.0,10.0,23.89826740983066,14.77411650750442,1770.0,False
12.0,3.0,23.12492041623135,14.473728157251129,1885.0,False
14.0,10.0,23.107715645655198,13.932713843060515,1770.0,False
9.0,11.0,24.554680536467234,13.512720285392499,1885.0,False
26.0,7.0,23.64102550985716,16.598847394398508,1770.0,False
19.0,26.0,25.378590235557322,15.32766299467824,1655.0,False
9.0,23.0,23.715624482974334,14.147776331911123,1942.5,False
21.0,12.0,24.461101926564286,13.828708117936008,1655.0,False
25.0,23.0,23.59156551547334,14.613751202414718,1655.0,False
12.0,15.0,23.024093988678903,14.917496493702828,1770.0,False
9.0,23.0,23.885328425827012,15.345673707613814,2000.0,False
3.0,13.0,24.881921704363876,13.904214046302178,2862.5,False
6.0,18.0,25.81123656270188,17.419693356403634,2345.0,False
22.0,14.0,22.168667303622392,14.574985243480214,1712.5,False
32.0,10.0,24.127307790723915,15.265183577691872,1712.5,False
6.0,18.0,24.54386403674373,16.336061722365795,2287.5,False
22.0,22.0,22.34288210695541,14.740761197736813,1655.0,False
7.0,22.0,25.31668409568943,13.829987844408446,2115.0,False
18.0,14.0,23.1038079946322,15.006161822295198,1712.5,False
22.0,17.0,25.49964778383127,15.711490867985175,1712.5,False
14.0,22.0,24.210427847000865,16.867015679414553,1770.0,False
3.0,6.0,22.60831571072781,14.971704315543308,2862.5,False
18.0,7.0,24.956883560876364,17.0580838421183,1827.5,False
33.0,14.0,22.628914010480216,15.684301417840338,1712.5,False
12.0,11.0,24.881513755393193,16.369946564777674,1827.5,False
10.0,14.0,25.23279287755758,13.620663542822161,1827.5,False
9.0,8.0,24.302116580512266,17.082909291069573,2000.0,False
18.0,18.0,23.084369783972573,14.353788319842927,1712.5,False
18.0,20.0,23.749351054581645,14.803474650476684,1655.0,False
23.0,23.0,24.112081819884025,15.59462110582859,1655.0,False
22.0,20.0,24.66312439889129,17.339319533035923,1712.5,False
26.0,15.0,24.53570215306761,14.882700438836325,1655.0,False
24.0,28.0,23.601697317450252,14.3820069636527,1597.5,False
12.0,21.0,25.032665469841916,17.342908773755234,1827.5,False
18.0,17.0,25.085665459742017,16.733857349942873,1770.0,False
13.0,11.0,24.785324796331984,16.1536808769115,1827.5,False
14.0,20.0,23.088618816827537,15.138545408941692,1712.5,False
28.0,18.0,23.87758514685865,15.181819919685912,1655.0,False
20.0,20.0,23.731028008573197,17.30268176960924,1770.0,False
31.0,23.0,25.26716894377946,13.775833998492415,1597.5,False
15.0,27.0,25.232719923737925,16.530000822140927,1712.5,False
17.0,29.0,25.46432361850312,15.904601909678954,1655.0,False
16.0,19.0,22.924703125493966,17.373740961321456,1770.0,False
8.0,30.0,24.993818267949532,15.73362125610641,2115.0,False
12.0,27.0,25.481596834702813,14.622160118019496,1770.0,False
17.0,2.0,22.66596296425345,16.619675108934267,1942.5,False
7.0,19.0,22.159748242499603,17.442514314660833,2230.0,False
28.0,10.0,22.42203419382369,17.129814621336152,1770.0,False
9.0,13.0,24.424809506807467,14.67895687093845,1942.5,False
11.0,13.0,23.68659148182234,14.885401165397338,1827.5,False
22.0,16.0,22.78020545571156,16.519280769337417,1770.0,False
8.0,3.0,24.113214287027315,15.89276195543821,2057.5,False
27.0,12.0,25.142090057098564,13.546451047169503,1655.0,False
21.0,5.0,25.42327072278792,14.067446591699799,1712.5,False
7.0,20.0,25.006883931181985,13.841968214240987,2115.0,False
21.0,26.0,25.54204557920874,14.214914866045838,1655.0,False
19.0,34.0,24.416741594873574,14.719639025763456,1597.5,False
22.0,16.0,25.348294723132657,17.368798189102314,1770.0,False
24.0,12.0,23.668748369450167,16.20587733540608,1770.0,False
21.0,25.0,25.40991447063075,13.719045152595509,1597.5,False
18.0,8.0,25.58325275526807,15.92946052317854,1770.0,False
13.0,31.0,24.74563224287364,15.246657188924978,1770.0,False
21.0,21.0,23.724185218597487,16.516158570790523,1712.5,False
30.0,17.0,23.126695651844297,17.03571222180936,1712.5,False
18.0,8.0,23.300717891790264,13.760852904391204,1712.5,False
20.0,4.0,22.52942040829377,17.419730072237897,1885.0,False
15.0,17.0,22.188647221043166,13.731621022739116,1712.5,False
22.0,15.0,23.65767218439245,16.42949339595878,1770.0,False
34.0,25.0,22.170674742232183,17.112527932090963,1712.5,False
10.0,19.0,25.52235210679291,16.50687669846504,1942.5,False
11.0,15.0,24.599832360890595,14.103157606677062,1770.0,False
17.0,11.0,25.374668984909075,14.331970909425625,1712.5,False
16.0,16.0,23.77766664299685,13.664716277414641,1655.0,False
18.0,10.0,22.8958117747014,14.024287683091517,1712.5,False
6.0,20.0,23.161115315739842,13.744065945860145,2230.0,False
15.0,19.0,25.41893248249657,13.714555042467342,1655.0,False
18.0,24.0,22.48757292196406,15.748447462880286,1712.5,False
18.0,16.0,24.793063336751533,13.806800713310649,1655.0,False
20.0,13.0,22.902760970280724,15.200246564921128,1712.5,False
21.0,24.0,23.41267952065852,16.338651909623326,1712.5,False
19.0,21.0,22.012187011883434,13.560539028555187,1655.0,False
23.0,21.0,23.91635507732027,16.05551039632582,1712.5,False
19.0,17.0,22.51341126856115,16.52873546542807,1770.0,False
17.0,26.0,25.438589632735688,15.646680377060703,1655.0,False
19.0,11.0,22.390911676026153,15.402366982147097,1770.0,False
8.0,15.0,23.001474149422602,16.42336345564817,2115.0,False
12.0,23.0,22.05919362353898,15.618930487534138,1827.5,False
17.0,9.0,25.971509512892315,15.537132152154548,1770.0,False
26.0,24.0,24.56575091181832,16.707265506873924,1712.5,False
20.0,14.0,24.57430728401537,16.850219039185774,1770.0,False
8.0,9.0,24.075443394198036,14.973672974399367,2000.0,False
18.0,7.0,25.472221996826825,15.161916372488019,1770.0,False
11.0,25.0,22.576752339377524,16.703040917247208,1942.5,False
22.0,23.0,25.171407425864196,15.679472355291521,1655.0,False
24.0,13.0,25.228493903807905,16.24725369426339,1712.5,False
18.0,8.0,22.144513431919588,13.800700146588841,1712.5,False
18.0,12.0,22.530707796848347,13.881474958234278,1712.5,False
14.0,11.0,24.18859560349047,15.62720577486321,1770.0,False
16.0,22.0,22.36076608177285,16.776910176903492,1712.5,False
25.0,11.0,23.12946490487947,14.766168371631055,1712.5,False
21.0,11.0,23.614692439960066,17.342529053628105,1827.5,False
17.0,5.0,22.628870235081347,16.54130130545414,1885.0,False
14.0,18.0,24.816586752392766,16.62684663954712,1770.0,False
6.0,20.0,23.980245323838552,16.83613576430804,2345.0,False
9.0,20.0,24.559265763330014,14.517952796606462,1942.5,False
11.0,18.0,23.897198115964528,14.821302398755712,1827.5,False
14.0,30.0,23.64993758732465,13.973727177857574,1655.0,False
29.0,16.0,23.96955621395254,15.021423288500294,1655.0,False
17.0,25.0,25.598059072131953,13.643328653782566,1655.0,False
12.0,19.0,23.584155313171763,16.505949966647822,1827.5,False
8.0,7.0,24.56905038725491,16.71022847865755,2057.5,False
14.0,24.0,25.335850064858604,14.354489903486474,1655.0,False
24.0,18.0,24.48435060091527,15.459596134629853,1712.5,False
15.0,20.0,22.904257522692966,16.187971115479517,1712.5,False
23.0,10.0,22.487838730029722,16.470162126848333,1770.0,False
23.0,15.0,24.363508518592898,17.377753289057438,1770.0,False
8.0,26.0,24.90958116630277,14.302613182380764,2057.5,False
19.0,11.0,25.074948600782754,14.48689563491099,1712.5,False
30.0,1.0,24.775208789879073,16.915516515051227,1827.5,False
15.0,12.0,22.01381689942851,13.88885286570688,1712.5,False
6.0,16.0,25.095361179387744,16.643529050722897,2287.5,False
28.0,24.0,24.41849075772072,14.03336288691974,1597.5,False
26.0,19.0,25.952725529726024,15.357882848321708,1655.0,False
17.0,28.0,25.05834912133099,15.86897261078516,1655.0,False
18.0,16.0,23.720828643082783,16.5715103070221,1770.0,False
11.0,15.0,24.70459983667168,13.958118687339997,1770.0,False
24.0,11.0,24.463742939666524,16.79623236828693,1770.0,False
17.0,11.0,23.349573912763773,16.90223017522066,1827.5,False
5.0,22.0,24.134116577741537,16.67399787660372,2460.0,False
20.0,7.0,22.817523917928405,17.24924499504383,1827.5,False
29.0,12.0,22.351320687931253,16.988900581514798,1770.0,False
24.0,26.0,24.93209777369633,16.571914896896423,1655.0,False
12.0,18.0,23.53651477702305,15.817343278576597,1827.5,False
6.0,6.0,25.022853289329866,16.734498314049738,2287.5,False
29.0,21.0,23.953348068802562,17.4013314801324,1712.5,False
28.0,17.0,25.23915749898693,16.049276995162252,1712.5,False
17.0,25.0,24.95843528664988,14.470420493355617,1655.0,False
19.0,20.0,25.056523878886814,14.491383479674113,1655.0,False
16.0,2.0,23.717325951751047,16.683948970972786,1942.5,False
15.0,11.0,25.844717038986737,17.457799825306125,1827.5,False
9.0,12.0,23.621018325912175,14.341247338022729,1885.0,False
8.0,21.0,25.172575033014883,17.380338786452302,2115.0,False
12.0,17.0,23.958355221604513,14.573156610628665,1770.0,False
24.0,22.0,22.94034265440185,15.151211717133993,1655.0,False
9.0,17.0,24.5156557468158,17.132613109672914,2057.5,False
11.0,13.0,23.876437682025575,17.347257869462062,1885.0,False
17.0,8.0,23.056279449217868,15.7678176388569,1827.5,False
11.0,11.0,23.5301267188028,17.300361877849625,1885.0,False
10.0,15.0,22.639749350650614,16.86967631422887,1942.5,False
18.0,18.0,25.94818165897494,16.96558213039847,1770.0,False
14.0,29.0,24.57273488311946,16.97299334454626,1770.0,False
19.0,12.0,22.694179388316915,15.044995235066168,1712.5,False
27.0,20.0,25.058353344695117,13.622664276399066,1597.5,False
9.0,10.0,24.407513989921775,14.158609067185614,1885.0,False
27.0,21.0,24.890204822371913,13.797873470499013,1597.5,False
27.0,3.0,24.337945493652867,14.469592781946941,1712.5,False
24.0,20.0,22.24186887754562,13.721175611245032,1655.0,False
19.0,10.0,22.812958927469026,14.607762947887483,1712.5,False
19.0,10.0,25.074977326585934,15.85584029905372,1770.0,False
19.0,18.0,25.01740132841636,14.064239483619744,1655.0,False
20.0,14.0,25.015501325260423,14.76297125174988,1712.5,False
4.0,16.0,22.060858869707822,14.396544034310732,2575.0,False
30.0,13.0,25.22060316543444,13.880408825349878,1655.0,False
18.0,29.0,23.75651277912978,16.20439435339988,1655.0,False
23.0,13.0,24.774645805373467,17.072105354325018,1770.0,False
14.0,17.0,23.08831871309626,16.363971719938835,1770.0,False
3.0,25.0,25.078114547279533,16.236857078530214,2517.5,False
17.0,20.0,25.929127075242135,17.43207298643224,1770.0,False
17.0,13.0,23.014155002797278,16.425100415314816,1770.0,False
15.0,18.0,25.136790561667517,13.688410448996569,1655.0,False
14.0,7.0,24.41980181211567,14.372985802314549,1770.0,False
12.0,17.0,23.0923832677027,16.0498484680575,1827.5,False
17.0,15.0,23.177428175322586,16.056177353124916,1770.0,False
14.0,22.0,24.92655068729063,16.830393668687012,1712.5,False
30.0,25.0,23.13738391438461,14.135339252662678,1597.5,False
10.0,11.0,22.19117426874981,17.42486724385665,1942.5,False
13.0,7.0,25.4958411994008,15.565163906403443,1827.5,False
13.0,15.0,24.355797014832035,17.18164978916683,1770.0,False
17.0,17.0,25.03389453162365,15.617372098476796,1712.5,False
17.0,14.0,24.412894954454416,14.247659215658285,1712.5,False
19.0,19.0,24.065829742722173,14.90407531257523,1712.5,False
29.0,17.0,25.07992952474736,14.384665278689004,1655.0,False
13.0,28.0,22.128625317612155,14.556902047838548,1712.5,False
21.0,15.0,23.247545949980257,17.061431366705236,1770.0,False
4.0,7.0,24.509874902174673,15.00957837332103,2575.0,False
12.0,13.0,25.775898779268758,14.23068381899865,1770.0,False
16.0,19.0,23.574602892475486,14.958169340747366,1712.5,False
5.0,12.0,25.901163621052206,15.969030587966783,2402.5,False
19.0,12.0,25.02112744814554,14.303544480389093,1712.5,False
20.0,14.0,23.9395857969895,13.703924202512695,1655.0,False
22.0,22.0,23.716633623635204,16.9884801333875,1712.5,False
17.0,29.0,22.517770075744554,14.456881291517567,1655.0,False
19.0,14.0,24.460776562462947,17.245451452962104,1770.0,False
15.0,11.0,22.209414670095697,13.688576187287701,1712.5,False
5.0,15.0,23.716297301673958,16.10335284076681,2460.0,False
8.0,14.0,22.950835050903176,16.160970113237845,2057.5,False
20.0,32.0,25.82514438682436,14.12411275872012,1597.5,False
33.0,16.0,23.45305582237883,16.16092820760316,1712.5,False
4.0,20.0,23.957014911117835,15.050550309706377,2575.0,False
18.0,27.0,23.5019724061008,15.027075898303604,1655.0,False
22.0,19.0,22.548839208356064,17.00991802108279,1712.5,False
24.0,12.0,23.410328183854222,17.309658223676777,1770.0,False
17.0,19.0,25.11599535673652,14.180455729835101,1655.0,False
19.0,15.0,24.484782703421207,16.236395980607817,1770.0,False
21.0,15.0,23.74966001169952,14.118840622877064,1655.0,False
25.0,31.0,25.282282678841252,13.640002043910716,1597.5,False
9.0,13.0,22.016594994152136,14.098123382402786,1885.0,False
28.0,16.0,25.306403201253058,16.038623408434834,1712.5,False
5.0,10.0,22.238142330475785,16.40574950741974,2460.0,False
24.0,10.0,25.481087635644133,15.528146655135409,1712.5,False
7.0,19.0,25.790288187445334,17.30666259878028,2230.0,False
11.0,22.0,25.27667799655708,16.556691486735176,1885.0,False
2.0,19.0,22.078375082251608,14.146472894766266,2690.0,False
16.0,14.0,24.104831857996064,14.331750428000774,1712.5,False
14.0,6.0,25.31518513100579,15.884327829380371,1827.5,False
10.0,16.0,24.180065448379274,14.833202414328442,1885.0,False
16.0,17.0,23.43974682418285,13.50357232819617,1655.0,False
15.0,23.0,23.882781706934537,13.597177174826257,1655.0,False
22.0,19.0,22.322775643536954,15.132395936948644,1712.5,False
26.0,26.0,23.985254579383472,15.594461377968052,1655.0,False
20.0,23.0,22.111387311612695,16.113274983052136,1712.5,False
9.0,14.0,24.576461791321996,16.552559280843077,2000.0,False
13.0,19.0,23.561809012322463,17.37503549248297,1827.5,False
27.0,22.0,22.76537192209003,16.855461254904068,1712.5,False
7.0,30.0,22.069531604389237,14.923761478038587,2172.5,False
15.0,15.0,25.688476056917697,15.638775349253018,1770.0,False
29.0,20.0,24.22527610833555,14.363680053716237,1655.0,False
29.0,15.0,24.587813542594546,17.375012525031572,1770.0,False
15.0,22.0,25.117430858079363,15.641771729317961,1712.5,False
20.0,27.0,24.50636168871925,14.49868100444489,1655.0,False
16.0,28.0,23.652416134052345,16.39617504998595,1655.0,False
22.0,10.0,24.510352812131885,15.4515612958739,1712.5,False
5.0,11.0,23.010066318860098,17.486900283419935,2517.5,False
9.0,22.0,24.245406535414837,13.798842347176791,1942.5,False
19.0,19.0,22.822349205207505,14.841888701371879,1712.5,False
12.0,27.0,25.66969122055486,17.267407578093003,1885.0,False
20.0,13.0,24.038270715369006,15.34479973504463,1712.5,False
14.0,25.0,22.93536112330535,14.747178081074896,1655.0,False
26.0,20.0,24.558530103471647,15.919488845638618,1712.5,False
24.0,11.0,22.361278413964236,16.15797419958532,1770.0,False
16.0,9.0,23.7360760744427,13.871229947777042,1712.5,False
23.0,21.0,25.46385847577203,14.537549430598608,1655.0,False
12.0,10.0,25.071434011797358,14.735901233835289,1770.0,False
16.0,23.0,24.813758103488812,14.483242129364964,1655.0,False
11.0,18.0,23.88241337057582,15.031510462550617,1827.5,False
25.0,16.0,23.78751647158395,14.838833998963274,1655.0,False
24.0,12.0,22.045238510288023,16.425686591316087,1770.0,False
27.0,32.0,24.400151787332597,15.895738019089114,1655.0,False
26.0,21.0,24.308033325165496,15.216777232608216,1655.0,False
30.0,23.0,22.02111608382276,14.300016089164806,1655.0,False
11.0,22.0,22.548174156528162,15.18255774023387,1827.5,False
28.0,18.0,22.049744623512918,14.221936106808856,1655.0,False
18.0,29.0,23.012715783835272,17.308583435101447,1712.5,False
15.0,18.0,22.01541248792099,14.195094522528187,1712.5,False
18.0,17.0,23.669477032916756,16.93470946921783,1770.0,False
14.0,12.0,23.905572485331735,15.962323037892896,1770.0,False
13.0,13.0,23.748326642639185,16.74327135259836,1827.5,False
12.0,22.0,22.797556822537075,17.05424547234949,1885.0,False
7.0,14.0,24.09423691945956,16.715939791943217,2172.5,False
16.0,21.0,25.256378486602017,15.857179584522978,1712.5,False
26.0,29.0,23.164861002250095,14.567975449315439,1597.5,False
19.0,15.0,23.250301737293167,16.140023455207896,1770.0,False
17.0,8.0,24.171303370124427,13.51937420362757,1712.5,False
15.0,20.0,22.9350175698909,15.009865189436685,1712.5,False
16.0,3.0,23.351145309989867,16.9318547517243,1942.5,False
11.0,23.0,23.809748896756208,15.822144767398811,1885.0,False
24.0,17.0,23.5452096091055,14.542494785713181,1655.0,False
11.0,16.0,25.272929215126673,17.068723322761933,1885.0,False
21.0,18.0,25.3959742423407,13.561076239843084,1655.0,False
22.0,17.0,23.611513899654895,17.03170031176697,1770.0,False
18.0,13.0,23.79114619946882,16.53781695448103,1770.0,False
25.0,13.0,25.82757650480698,14.085504986084917,1655.0,False
13.0,15.0,24.012350047685107,13.751617285485658,1712.5,False
26.0,27.0,25.97212820547858,17.304941527530307,1712.5,False
21.0,9.0,25.05121109075055,13.76813273209506,1712.5,False
23.0,13.0,23.05692888345969,17.395046476171043,1770.0,False
20.0,11.0,22.916370661251616,15.182516154632662,1770.0,False
25.0,15.0,22.636257952049053,14.914017293688858,1712.5,False
33.0,9.0,25.224582904812756,16.10017605796834,1712.5,False
15.0,22.0,23.227448168702924,15.484186977038895,1712.5,False
24.0,8.0,24.703170040869907,15.06019119084641,1712.5,False
22.0,20.0,24.160544598168844,16.060646950080745,1712.5,False
16.0,12.0,25.303989211626757,14.90026613980604,1712.5,False
28.0,16.0,25.003269734563748,13.637414796605603,1655.0,False
15.0,11.0,22.254995697439043,16.7985575453841,1827.5,False
18.0,21.0,23.35371043762062,15.558557400601039,1712.5,False
8.0,29.0,24.08039484856179,16.246738005109812,2115.0,False
11.0,11.0,25.214555649017306,15.800695540690612,1827.5,False
25.0,29.0,24.85611015155449,15.956769383254365,1655.0,False
15.0,13.0,24.197615802673415,14.375758931821204,1712.5,False
15.0,18.0,25.233501362086944,17.238642511058476,1770.0,False
12.0,21.0,23.73971390443885,15.290890880612945,1770.0,False
16.0,11.0,22.22263829570347,17.18038712588191,1827.5,False
24.0,16.0,25.482142914460763,16.727672088767253,1712.5,False
27.0,7.0,24.106373407585924,16.3803273752247,1770.0,False
7.0,21.0,25.233612349455953,15.340471447054625,2172.5,False
18.0,15.0,23.56832687181469,13.590574578078272,1655.0,False
16.0,26.0,24.354209007517937,14.760848598393096,1655.0,False
19.0,12.0,23.32437202185152,16.1594303702425,1770.0,False
16.0,28.0,23.63829989778155,14.822613356008908,1655.0,False
15.0,9.0,22.589592886732028,13.89650947710211,1770.0,False
16.0,19.0,24.966414267641593,15.571035220177487,1712.5,False
18.0,13.0,23.12113722399346,14.11791818559094,1712.5,False
17.0,10.0,23.206924577802656,14.724882047486243,1770.0,False
16.0,8.0,23.416755850231254,15.507652110848891,1827.5,False
24.0,20.0,23.728504465588806,13.965119316004012,1655.0,False
22.0,12.0,24.304655648085458,13.950114153239042,1655.0,False
14.0,18.0,24.731226526781867,14.340355285105595,1712.5,False
23.0,31.0,24.70275803449681,15.867222708578565,1655.0,False
25.0,13.0,23.694723663713177,17.23279155133772,1770.0,False
10.0,5.0,23.927562670324633,14.456146617669356,1885.0,False
18.0,9.0,22.56128207182342,16.379294847243017,1827.5,False
13.0,9.0,24.086024330793105,14.257514017657034,1770.0,False
22.0,16.0,25.508226808675957,16.042059934613253,1712.5,False
12.0,22.0,23.841799525045623,14.050877519371678,1770.0,False
20.0,13.0,25.752054372397396,16.881524333586068,1770.0,False
12.0,9.0,22.623134159719058,16.470035943245687,1885.0,False
17.0,19.0,24.947637836549305,16.222905778632555,1712.5,False
29.0,13.0,24.83195564151806,13.558647104813556,1655.0,False
14.0,18.0,24.72611581430249,16.84563940647428,1770.0,False
26.0,28.0,24.651428797441152,14.103402060162214,1597.5,False
32.0,13.0,22.089233094307467,15.633956061164032,1712.5,False
26.0,17.0,24.96848900820842,16.606646552489615,1712.5,False
10.0,24.0,23.9987370991716,16.026682067558117,1942.5,False
24.0,21.0,24.09674475879996,16.776098934877496,1712.5,False
5.0,22.0,22.20349056084479,16.335408545285595,2402.5,False
15.0,23.0,22.75352451325049,16.52430450179165,1712.5,False
26.0,17.0,25.644027630252637,14.695075263475418,1655.0,False
20.0,17.0,23.262113347099504,15.016423251083172,1712.5,False
17.0,21.0,23.575520882461714,15.50581172262093,1712.5,False
15.0,21.0,22.756814076778323,15.844642981547876,1712.5,False
24.0,20.0,24.528763128569132,16.26668405272627,1712.5,False
21.0,14.0,24.96280350322731,15.722298929429304,1712.5,False
16.0,24.0,25.685047365774913,16.341828934482493,1712.5,False
26.0,12.0,24.248254455166954,14.10300119042827,1655.0,False
11.0,10.0,23.102522723262577,15.078586456885681,1827.5,False
10.0,14.0,22.283853259406392,17.153221777353394,1942.5,False
19.0,12.0,23.064437752116817,14.367828344723518,1712.5,False
31.0,20.0,24.47345816919801,14.074643473427024,1597.5,False
12.0,11.0,25.89641427447096,16.479231353008764,1827.5,False
12.0,20.0,22.316791271076063,14.277716580491521,1770.0,False
9.0,17.0,23.553465752347034,15.330438096732665,1942.5,False
25.0,10.0,24.668942837657262,16.347326799180443,1770.0,False
11.0,12.0,24.2982837768199,15.43940034161378,1827.5,False
17.0,17.0,24.60677041278885,17.10604389964924,1770.0,False
33.0,22.0,23.852833886760717,17.012593807200357,1712.5,False
3.0,15.0,23.068146821751935,15.511802261239986,2747.5,False
18.0,12.0,23.931009056850954,17.343397458256156,1827.5,False
17.0,13.0,23.52614451974751,14.667095476456634,1712.5,False
24.0,8.0,24.8371901257142,14.435567763484704,1712.5,False
14.0,4.0,22.686499289475154,16.18097966173374,1885.0,False
15.0,31.0,23.984591731886983,15.791128316659744,1712.5,False
10.0,8.0,25.836250236190086,14.504427631118812,1885.0,False
22.0,9.0,24.12717583082596,14.98452583540016,1712.5,False
23.0,26.0,22.94883789914038,14.432108025259861,1655.0,False
9.0,20.0,25.743401183202778,14.447908583141501,1942.5,False
15.0,15.0,22.97662954741726,14.970283672723392,1712.5,False
26.0,20.0,25.004720551974742,17.1968787400324,1712.5,False
2.0,28.0,22.438125040291784,16.839591470552982,2517.5,False
13.0,8.0,25.408358439221335,15.549672740542452,1827.5,False
18.0,12.0,22.72229835042098,15.411078055510432,1770.0,False
14.0,25.0,23.576717872539703,13.625914086489596,1655.0,False
12.0,23.0,25.862481338420338,15.349184660712963,1770.0,False
16.0,33.0,24.317578910824334,15.995107396926048,1655.0,False
10.0,13.0,23.055983743700466,16.614360828256505,1942.5,False
17.0,29.0,22.002508675847878,14.923918768053966,1655.0,False
21.0,14.0,22.02715689352038,17.17755505579379,1770.0,False
18.0,21.0,23.098350720083655,16.860771134061316,1712.5,False
8.0,26.0,24.107419172045535,13.828933769035782,2000.0,False
25.0,10.0,23.939565074584234,17.111792218407224,1770.0,False
10.0,11.0,25.687526525144055,14.391317110726671,1827.5,False
22.0,18.0,25.056376459364692,17.1932721130067,1770.0,False
14.0,25.0,25.698942543736422,16.022719270635474,1712.5,False
23.0,7.0,24.047112753279656,15.147680982370186,1770.0,False
11.0,25.0,23.786665648580403,15.245804493977484,1827.5,False
10.0,14.0,24.264353188481504,15.751154580174997,1885.0,False
17.0,15.0,23.488584350840295,16.875491464534498,1770.0,False
5.0,14.0,22.84324596534866,16.847690068134728,2460.0,False
11.0,27.0,25.346642233871123,15.159612227616496,1827.5,False
21.0,9.0,24.72212633424473,16.896108957552396,1770.0,False
24.0,18.0,23.302632368900905,15.387816421457778,1712.5,False
7.0,9.0,23.785124955601724,15.17020371073058,2115.0,False
26.0,28.0,22.90179133908454,14.473013720260663,1597.5,False
23.0,23.0,24.25135622664044,16.811720068057554,1712.5,False
26.0,12.0,23.433432572731117,15.980254151156517,1712.5,False
21.0,13.0,25.502301269872888,15.224471226595664,1712.5,False
20.0,14.0,24.113451761825853,16.149506613914188,1770.0,False
17.0,15.0,23.64692255081252,16.944047955568312,1770.0,False
20.0,24.0,24.998479055493014,14.291295342478778,1655.0,False
28.0,18.0,25.62040516187906,15.069768276001268,1655.0,False
8.0,15.0,25.269676390503143,15.021201570194645,2000.0,False
13.0,21.0,23.979668380784634,13.804087439397636,1655.0,False
7.0,16.0,23.425773348120927,14.836273018307914,2115.0,False
29.0,9.0,24.648517372563436,16.54717201685065,1770.0,False
16.0,8.0,25.267472173964574,14.513360560378372,1770.0,False
20.0,13.0,25.914558309346013,16.74366015296047,1770.0,False
25.0,19.0,23.829004943834946,17.321014257621947,1712.5,False
33.0,9.0,24.67296057474897,14.395881831954151,1655.0,False
10.0,18.0,23.172413012838764,15.138665178112198,1885.0,False
23.0,12.0,22.349853185813252,14.02533615300537,1712.5,False
26.0,21.0,23.01223091126126,16.268576328449885,1712.5,False
6.0,5.0,22.05796053677917,15.428799921182566,2230.0,False
22.0,16.0,24.0377103955469,15.854845102407868,1712.5,False
14.0,6.0,23.492624450447693,16.614773359415928,1885.0,False
20.0,14.0,24.713099239449793,16.604716436013657,1770.0,False
17.0,4.0,24.461256137269636,15.56390255204692,1827.5,False
12.0,16.0,22.671465737777666,17.029283263064226,1827.5,False
9.0,22.0,24.69528637792715,17.227725111710495,2057.5,False
8.0,8.0,22.749600898616368,16.022853230141415,2057.5,False
8.0,22.0,22.023812576996665,13.653625607497265,2000.0,False
19.0,18.0,25.88077065183786,16.6038628323585,1712.5,False
14.0,17.0,22.107940188187676,17.067668840966363,1770.0,False
11.0,18.0,23.36699630682594,15.7265545433711,1827.5,False
21.0,14.0,24.550044963802442,16.301431459543966,1770.0,False
20.0,21.0,23.48149814863412,14.924176960169287,1655.0,False
17.0,23.0,23.524836618965654,15.508417627491472,1712.5,False
28.0,23.0,24.890910161821182,16.692425534614713,1712.5,False
15.0,12.0,24.40861573785012,17.003844651664664,1827.5,False
24.0,20.0,24.07350978510606,13.960865065441748,1655.0,False
7.0,9.0,25.545266935535096,13.568743701569069,2057.5,False
22.0,16.0,22.432454584148832,14.994367529021945,1712.5,False
32.0,2.0,23.87907016845603,15.06367046447825,1770.0,False
25.0,11.0,22.956266970087352,16.593321501614845,1770.0,False
18.0,19.0,22.147231392669642,13.534388912616633,1655.0,False
19.0,26.0,25.916134808729176,16.55601300144297,1712.5,False
14.0,6.0,24.93610730903652,15.645305775201754,1827.5,False
20.0,18.0,22.86474206396543,16.291301555458503,1712.5,False
23.0,19.0,23.609737020619534,15.537034369703582,1712.5,False
34.0,28.0,22.904096975015918,16.662899610971323,1655.0,False
16.0,20.0,24.739421143935203,15.248277555575617,1712.5,False
6.0,8.0,23.401788285755934,14.883363438229523,2230.0,False
18.0,9.0,25.679450327464256,16.046076207076833,1770.0,False
9.0,19.0,22.830220876603864,15.277779837045266,2000.0,False
12.0,11.0,23.39930473730136,14.713705748096125,1770.0,False
14.0,28.0,25.727257944174234,17.15418560892601,1770.0,False
21.0,28.0,25.53872301640832,16.393094422846335,1655.0,False
10.0,29.0,23.17268058393222,14.287509762290696,1885.0,False
10.0,13.0,23.93227471074868,16.46042388020175,1942.5,False
6.0,21.0,25.53481993381231,14.509587259422842,2230.0,False
26.0,20.0,24.682538242698392,15.22509325357965,1655.0,False
21.0,5.0,24.549118725333145,14.369688156832279,1712.5,False
5.0,12.0,24.642234280373557,13.953191381432875,2345.0,False
5.0,11.0,25.6839245368918,15.09625462322824,2402.5,False
18.0,14.0,24.068695362840373,15.7203255809777,1770.0,False
13.0,29.0,22.727119442247147,14.708486789438247,1712.5,False
18.0,25.0,23.890895015513344,13.800011996123466,1655.0,False
15.0,13.0,24.915553207233746,14.498549243745,1712.5,False
28.0,17.0,23.968537256151198,14.482629535650403,1655.0,False
13.0,11.0,23.25305089743836,15.863008837420761,1827.5,False
20.0,12.0,24.665319647815284,14.628594715390888,1712.5,False
6.0,7.0,23.800919011358182,15.635103487637831,2230.0,False
30.0,19.0,25.85128104528949,15.381358524550674,1655.0,False
31.0,20.0,23.408562203671785,14.56543116820032,1655.0,False
22.0,25.0,24.869947694515247,16.464868701850033,1712.5,False
16.0,26.0,24.220287959679553,16.17036488286553,1655.0,False
11.0,10.0,22.310259093597697,16.2210918525166,1885.0,False
24.0,22.0,23.879031669941117,15.234324746074208,1655.0,False
22.0,9.0,22.116654968661773,14.766385382851048,1770.0,False
11.0,14.0,25.159326812425704,15.862963962811797,1827.5,False
16.0,17.0,24.93812034090902,17.336361346605944,1770.0,False
16.0,6.0,22.20204735175963,15.235840730094182,1827.5,False
24.0,10.0,23.998778854383414,16.161133483434515,1770.0,False
20.0,12.0,25.846157850229012,15.26939867536909,1712.5,False
19.0,9.0,23.13855512090769,17.23040664135995,1827.5,False
20.0,28.0,25.6172131893096,14.55886674752029,1655.0,False
12.0,13.0,22.604370639068865,15.333599780365137,1770.0,False
14.0,17.0,22.026409815117916,15.474609087994754,1712.5,False
6.0,33.0,24.12208554090403,16.41459192581611,2230.0,False
23.0,18.0,22.95697323185331,16.385235519915078,1712.5,False
15.0,15.0,25.516896808218753,16.4577675995387,1770.0,False
15.0,28.0,24.69568801786086,16.431760981042352,1712.5,False
12.0,11.0,24.747561415233626,15.37903306255999,1770.0,False
11.0,10.0,24.693121611154293,14.122257989731132,1770.0,False
18.0,17.0,24.715830682541572,16.981752443523316,1770.0,False
12.0,15.0,24.988459425829788,14.79933281683406,1770.0,False
7.0,23.0,24.679550613262602,13.941272275057525,2115.0,False
22.0,5.0,25.337101102290916,14.015127882190159,1712.5,False
14.0,19.0,24.23248854809885,15.479035104219008,1712.5,False
14.0,21.0,23.40275289544708,15.20373586529673,1712.5,False
15.0,31.0,23.867388686736724,16.154106577006647,1712.5,False
24.0,9.0,23.76094012812818,15.9474621023003,1770.0,False
13.0,12.0,23.330025219311807,13.929647842462797,1712.5,False
22.0,28.0,23.661872490008733,14.686995025979988,1655.0,False
29.0,19.0,23.539947007117483,17.0850191927725,1712.5,False
20.0,5.0,22.44456112287861,16.566730570734777,1885.0,False
15.0,7.0,25.3222092042378,16.982164810377476,1827.5,False
22.0,23.0,25.02586292492715,13.587950490574409,1597.5,False
16.0,18.0,23.350154928524695,17.148354782470946,1770.0,False
15.0,18.0,25.78052815625135,16.944312073943234,1770.0,False
17.0,26.0,25.797450162653867,15.309108495347719,1655.0,False
13.0,12.0,25.426878898076872,16.194352150084516,1770.0,False
8.0,10.0,22.117491355441807,14.587974452685405,2000.0,False
15.0,19.0,23.484871976687966,16.134352856200035,1712.5,False
9.0,26.0,23.829346267087615,16.69508503698272,2057.5,False
15.0,12.0,24.87486512988947,15.434223478411333,1770.0,False
18.0,20.0,24.539249337744767,13.613094012232148,1655.0,False
28.0,10.0,24.713514454357504,15.165381530759024,1712.5,False
5.0,10.0,25.06885365520632,16.39992099173584,2460.0,False
19.0,27.0,25.793741716276443,16.315024507325532,1655.0,False
16.0,8.0,24.206033469000207,15.445213929521124,1770.0,False
4.0,4.0,25.616169857960482,17.442836301628798,2690.0,False
12.0,23.0,25.259275540294574,13.968183478065898,1712.5,False
9.0,14.0,23.35169699324989,14.133152741693497,1885.0,False
11.0,15.0,25.254681868757743,14.533309396936643,1770.0,False
12.0,23.0,22.469381087892216,16.714179699900342,1827.5,False
15.0,10.0,22.635038495636685,16.55127317158861,1827.5,False
17.0,20.0,25.969513941972195,16.591047359357802,1712.5,False
2.0,13.0,23.71475440490481,17.018491396589503,2977.5,False
10.0,8.0,23.842472096011274,15.27164322675415,1885.0,False
8.0,20.0,25.80412347052049,14.774291879770562,2057.5,False
18.0,13.0,23.447359144653568,15.901528414909691,1770.0,False
14.0,25.0,22.94786638958881,15.139486935387552,1712.5,False
17.0,28.0,22.311286949749395,15.595362456259501,1655.0,False
11.0,25.0,24.090479208817133,14.060869284923033,1827.5,False
4.0,13.0,22.798756572158688,15.08553003643751,2632.5,False
29.0,12.0,22.25922413887087,15.390536170203786,1712.5,False
8.0,26.0,25.252277837806812,13.84976173790795,2000.0,False
9.0,16.0,23.31438766536639,17.477981026341336,2057.5,False
9.0,21.0,24.3175607281136,13.651143703480468,1885.0,False
31.0,24.0,22.41858255912439,17.178062458945313,1712.5,False
19.0,12.0,24.022330532203192,13.820792660780299,1712.5,False
19.0,9.0,24.527360450116724,16.937190576856224,1827.5,False
32.0,19.0,23.799454443776778,15.692967107798305,1655.0,False
7.0,18.0,23.34992726566499,14.285339472184768,2115.0,False
31.0,12.0,23.243820137597325,14.425313555505117,1655.0,False
11.0,18.0,22.43753501161785,14.906433449669784,1827.5,False
19.0,23.0,22.462764838914097,16.67609089576939,1712.5,False
15.0,14.0,23.982784651600447,14.088584860370123,1712.5,False
15.0,12.0,22.555317015539064,14.468925697065359,1770.0,False
28.0,21.0,22.893803367880842,16.270711722493843,1712.5,False
9.0,23.0,22.65927068969984,15.95596528997956,2000.0,False
34.0,29.0,25.209937445336735,15.183298286482717,1597.5,False
14.0,9.0,23.798868270687606,13.742144915143104,1770.0,False
20.0,26.0,24.210358125597097,15.733995157039097,1655.0,False
30.0,22.0,24.33183259226922,14.41688505491102,1655.0,False
6.0,21.0,23.58553949126706,15.948401307839562,2345.0,False
28.0,13.0,23.19372420257331,14.598063639975308,1655.0,False
18.0,4.0,23.529782039751026,17.421323848312305,1885.0,False
21.0,17.0,24.139292789679303,15.862375881248186,1712.5,False
9.0,13.0,23.43430904229308,15.785222186818245,1942.5,False
17.0,13.0,22.546463697518924,16.84707353766389,1770.0,False
20.0,28.0,25.65474776857451,17.47265913448501,1712.5,False
16.0,10.0,24.92962496757524,16.61668797111269,1827.5,False
10.0,28.0,22.265079441860955,15.875581983943086,1942.5,False
12.0,17.0,25.622799800557747,16.95409916705102,1827.5,False
25.0,25.0,22.681860760073757,14.224836256177205,1597.5,False
5.0,13.0,22.390920733968418,16.55691748522951,2460.0,False
21.0,19.0,22.69286759094233,16.219595495727248,1712.5,False
34.0,18.0,25.732135622637987,15.753004322162177,1655.0,False
3.0,28.0,22.885177109614077,16.967024642897776,2345.0,False
10.0,10.0,25.147967702808018,16.338628553196603,1885.0,False
20.0,11.0,24.572152900834954,16.36693384219978,1770.0,False
6.0,29.0,24.072892313463818,17.138965845236424,2287.5,False
18.0,8.0,23.46237454865367,16.297648248540238,1827.5,False
20.0,19.0,22.371736423578835,14.521695659185212,1655.0,False
18.0,6.0,24.842619111206204,14.234500862507454,1712.5,False
14.0,7.0,23.579125899283028,15.552787303831705,1827.5,False
21.0,18.0,24.139944560677126,14.439648627738089,1655.0,False
18.0,18.0,22.207047263846967,16.298543331221236,1712.5,False
11.0,18.0,25.1037513193937,16.870838339191273,1885.0,False
18.0,16.0,24.769086051571044,14.667264034938288,1712.5,False
26.0,22.0,24.11720147965321,17.153897643617515,1712.5,False
20.0,33.0,23.985229711629916,16.487614509246367,1655.0,False
16.0,12.0,23.34812304631763,17.452563646913983,1827.5,False
13.0,13.0,23.369615581603178,14.29481725612703,1712.5,False
7.0,13.0,22.273863674584618,15.346188267614439,2172.5,False
12.0,22.0,24.746854375023723,16.061231665493917,1827.5,False
3.0,14.0,22.179891790495855,16.5516702075038,2805.0,False
32.0,20.0,22.00567511734738,17.147730747550774,1712.5,False
11.0,16.0,22.123924742901643,17.065080127716282,1885.0,False
24.0,19.0,22.81378988706827,14.444487665950497,1655.0,False
10.0,24.0,24.280782859238887,15.189884471068433,1885.0,False
13.0,17.0,24.724636803726252,16.373219556219723,1770.0,False
15.0,16.0,23.682953530464452,14.029256972606523,1712.5,False
13.0,12.0,23.634554796220968,17.337460953746795,1827.5,False
23.0,17.0,24.307143553459206,16.487811065323818,1712.5,False
30.0,12.0,24.387310271863388,16.815367535346965,1770.0,False
26.0,25.0,25.379990334652497,17.129777541803442,1712.5,False
10.0,15.0,25.276352660531227,14.211807466551312,1827.5,False
23.0,9.0,25.29410481830115,15.18852394717026,1712.5,False
9.0,12.0,25.37669119096093,16.106679125694754,1942.5,False
27.0,17.0,25.519321948086393,16.78984449461169,1712.5,False
17.0,27.0,24.22126715175989,16.452017634318413,1655.0,False
14.0,13.0,24.38066865571631,13.986124399891443,1712.5,False
10.0,12.0,24.908903988834155,16.082687826440587,1885.0,False
3.0,15.0,22.796030222471565,14.676214758234092,2747.5,False
12.0,30.0,23.44184412028126,15.12599123780303,1827.5,False
27.0,25.0,25.650611922477093,17.476919472565637,1712.5,False
23.0,9.0,24.091049722479234,14.128223245642884,1712.5,False
30.0,19.0,22.20715047168689,13.91752213692685,1655.0,False
8.0,23.0,23.622239138348938,15.136576508057084,2057.5,False
18.0,22.0,22.643156812949794,16.956512205932555,1712.5,False
12.0,16.0,23.4251474474819,14.148833088457145,1712.5,False
17.0,21.0,24.17990384118017,13.819811299820863,1655.0,False
13.0,18.0,24.020545607027103,15.175395737069945,1712.5,False
13.0,11.0,23.961876120698797,16.02919229678667,1827.5,False
18.0,6.0,22.07335578979028,14.118770039117628,1770.0,False
10.0,14.0,23.780419513325995,16.718355396098815,1942.5,False
16.0,6.0,22.115855069172326,16.883663559466,1885.0,False
20.0,15.0,23.619443103023585,15.590383703449962,1712.5,False
9.0,24.0,24.587999643605816,13.621855429817618,1942.5,False
28.0,25.0,22.503617832826755,15.564409122081546,1655.0,False
17.0,5.0,25.66709096289685,14.356728988220219,1770.0,False
24.0,7.0,24.522045959837584,15.284388033489542,1770.0,False
20.0,20.0,22.870394542363567,16.538948913466072,1712.5,False
21.0,17.0,23.576350671121382,13.717675442014727,1655.0,False
21.0,9.0,22.38762905323989,13.500608117620217,1712.5,False
26.0,24.0,22.088253150662116,14.033796334053571,1597.5,False
19.0,11.0,25.6634459209725,13.681477294917753,1655.0,False
13.0,7.0,24.70073620289366,14.541680311045134,1770.0,False
8.0,22.0,25.118584405923695,15.117072225172478,2057.5,False
19.0,19.0,24.48869139135964,16.618833922565386,1712.5,False
7.0,15.0,25.62706211043371,13.62130891474447,2057.5,False
12.0,21.0,25.583675283942668,14.903960616290846,1770.0,False
6.0,27.0,22.232634210036665,17.21777608575085,2287.5,False
17.0,5.0,22.757879934312818,15.80552066830175,1827.5,False
10.0,19.0,23.583159576847578,16.80705374138406,1942.5,False
19.0,11.0,23.3643582184605,15.434056385601467,1770.0,False
23.0,16.0,24.102290126492896,13.888960871240048,1655.0,False
24.0,15.0,23.066127206877933,14.247756452557791,1655.0,False
13.0,15.0,25.189836471826613,16.532329337755705,1770.0,False
17.0,11.0,22.0299753925525,16.95643010056677,1827.5,False
18.0,23.0,25.166052329919367,15.370167249842007,1655.0,False
16.0,14.0,23.57348110632523,15.469826498684137,1770.0,False
20.0,26.0,22.0205400349991,15.30048916398148,1655.0,False
11.0,14.0,25.388257075763065,13.573452450450803,1770.0,False
31.0,25.0,23.787017988531158,13.88203937069586,1597.5,False
8.0,17.0,24.898906571876118,17.467552303614948,2115.0,False
24.0,15.0,25.5137948980026,13.668054537799277,1655.0,False
18.0,21.0,22.137250972492303,14.895876229182873,1712.5,False
12.0,23.0,23.048648206783383,16.262744958160347,1827.5,False
22.0,16.0,22.475566361106445,15.199323776248105,1712.5,False
7.0,15.0,22.3920406415824,17.430655239410566,2230.0,False
23.0,18.0,25.782564367203648,13.630954758535982,1655.0,False
18.0,18.0,25.22227751706236,16.998235839069004,1770.0,False
8.0,15.0,23.45890064001879,14.03897708265265,2000.0,False
7.0,22.0,24.749172171215008,14.31928836344043,2115.0,False
22.0,15.0,25.677781095139864,15.613215127163166,1712.5,False
13.0,16.0,22.88325397549516,16.9858186969584,1770.0,False
26.0,19.0,22.056602950299343,15.156324273551304,1655.0,False
22.0,32.0,25.296433364827767,14.674295516299138,1597.5,False
21.0,12.0,24.89079331651222,15.106688023670898,1712.5,False
13.0,12.0,22.641029101687955,13.877373304375592,1770.0,False
21.0,10.0,23.95858338194041,16.852937294866233,1827.5,False
29.0,20.0,22.64173554017974,17.160860395756682,1712.5,False
8.0,16.0,24.4104554473166,16.20309868779483,2057.5,False
13.0,15.0,24.590279781287496,15.278678509595588,1770.0,False
12.0,11.0,23.106730830056016,15.956603190955256,1827.5,False
15.0,26.0,25.123348507668513,15.707467229511801,1655.0,False
22.0,16.0,23.89438539569657,13.70622060993151,1655.0,False
16.0,19.0,24.82543164518204,15.07768533140897,1712.5,False
18.0,8.0,24.55924472569314,16.127314731236645,1827.5,False
13.0,8.0,23.803035728442456,16.891196314916485,1885.0,False
9.0,7.0,23.17086904831038,14.935891982445412,1942.5,False
12.0,14.0,22.817217615422308,16.777088445934268,1827.5,False
25.0,16.0,24.98377612970875,16.527663824581218,1712.5,False
19.0,12.0,24.567773908364458,17.217240548920845,1827.5,False
14.0,14.0,23.123767713412754,17.457723498795033,1827.5,False
23.0,3.0,25.868396691213952,13.666929024687853,1712.5,False
7.0,14.0,25.241355722869315,15.249882793299046,2115.0,False
12.0,9.0,22.507209043669018,16.59424076893628,1885.0,False
11.0,9.0,22.6502536534478,16.79266625488976,1885.0,False
32.0,2.0,24.176191243492813,13.831416891854552,1655.0,False
21.0,21.0,22.409518201931526,15.926362392752303,1712.5,False
19.0,28.0,25.857352020800334,17.0938102648271,1712.5,False
3.0,19.0,24.552093620461708,14.408236284921315,2690.0,False
10.0,8.0,22.2646961469219,14.889436288921774,1885.0,False
19.0,32.0,23.773942921449958,15.079391808818748,1655.0,False
14.0,31.0,22.887873914738474,15.078151012516003,1712.5,False
28.0,16.0,23.96180294401403,15.746825077188884,1712.5,False
22.0,8.0,22.988101999007,13.74322570138912,1712.5,False
16.0,21.0,25.327184617229843,16.61675909740928,1712.5,False
22.0,30.0,24.884396838566936,13.991508317875715,1597.5,False
31.0,23.0,25.62631260712397,16.753263864092645,1712.5,False
16.0,19.0,22.79183045895887,13.568377445272308,1655.0,False
19.0,19.0,23.541568949398066,16.648103924268888,1712.5,False
28.0,31.0,25.221866188069143,14.921068480346724,1597.5,False
12.0,7.0,23.49538640262179,16.123433152263676,1885.0,False
26.0,9.0,23.516353532485862,14.216688093600636,1712.5,False
8.0,24.0,25.944153773559556,15.648038486346515,2057.5,False
20.0,9.0,25.08345274764045,14.696445451185166,1712.5,False
23.0,15.0,25.443270046923452,13.51569867061203,1655.0,False
19.0,13.0,23.62789134444785,16.400564059306145,1770.0,False
16.0,12.0,24.343674091879855,14.024703552090289,1712.5,False
19.0,4.0,23.802214282206915,17.258816865338545,1885.0,False
9.0,18.0,23.80117431963828,15.674898015865605,2000.0,False
11.0,15.0,22.510796542747084,13.506697265511551,1770.0,False
12.0,18.0,25.36853140560923,17.279691961526886,1827.5,False
18.0,13.0,23.56216973468836,14.031134796836067,1712.5,False
16.0,29.0,24.32729757585833,16.835764721994973,1655.0,False
12.0,18.0,25.428287384498493,14.817111353882385,1770.0,False
26.0,30.0,25.0939090120672,15.772248121921212,1655.0,False
14.0,14.0,22.792951908158212,16.84290101460934,1770.0,False
16.0,2.0,24.474045462427387,13.700632639910417,1770.0,False
15.0,23.0,23.98292435708619,16.220232025493676,1712.5,False
10.0,24.0,23.04060860638198,14.094329426846611,1885.0,False
21.0,6.0,22.163431614040384,16.365583708381575,1827.5,False
16.0,19.0,24.519165232090643,14.142816032995423,1655.0,False
4.0,20.0,25.11941965948592,13.5877746630976,2575.0,False
30.0,9.0,25.766873646812883,14.121752534268943,1655.0,False
24.0,18.0,23.419935034997838,16.002951152838488,1712.5,False
21.0,12.0,23.59686860614198,17.44290716846042,1770.0,False
26.0,4.0,22.65202252169958,17.38048796552113,1885.0,False
27.0,25.0,25.938464093331575,16.482765021835498,1655.0,False
14.0,16.0,25.39834798522657,16.798321822829386,1770.0,False
19.0,23.0,25.830414915891772,16.995858118263254,1712.5,False
19.0,21.0,23.981388552501784,15.613415053618949,1712.5,False
12.0,33.0,22.8391255367497,14.414409962893094,1770.0,False
11.0,15.0,24.292738214921012,16.14438294574187,1827.5,False
8.0,15.0,23.488367663235504,14.066371398177107,2000.0,False
20.0,13.0,23.391457723241615,16.829442641164487,1770.0,False
23.0,19.0,22.329457136092387,15.148364126079853,1712.5,False
22.0,16.0,22.292596858808047,14.565967103428392,1712.5,False
13.0,21.0,23.515194211942042,16.87383201938728,1770.0,False
11.0,14.0,25.70479417592524,13.944770062824992,1770.0,False
16.0,9.0,24.892094841916894,17.399305632538034,1827.5,False
17.0,25.0,25.042234320703823,17.301647269921947,1712.5,False
28.0,24.0,22.937162705821112,15.935152304805985,1655.0,False
26.0,14.0,24.93811844433084,16.348509164655205,1712.5,False
27.0,20.0,23.62527650556379,13.648597735510673,1597.5,False
25.0,16.0,22.237562441892813,15.248332131511587,1712.5,False
30.0,22.0,23.57925427007322,17.038466482416972,1712.5,False
16.0,15.0,22.525015149729477,13.546088618617908,1712.5,False
6.0,17.0,25.414797851725794,14.662479709970388,2230.0,False
7.0,6.0,25.36117625789963,14.915362644286368,2057.5,False
15.0,10.0,23.1498757131997,16.200318550649172,1827.5,False
12.0,23.0,24.44768921110234,16.31935592292905,1827.5,False
10.0,14.0,23.455038873429043,13.76075846893399,1827.5,False
29.0,5.0,22.61690469737446,14.370061172772633,1712.5,False
11.0,10.0,24.59762924563448,16.801989199069677,1885.0,False
30.0,15.0,25.04042657324369,14.267271001253885,1655.0,False
22.0,21.0,25.098890964263013,14.646135339512762,1655.0,False
19.0,14.0,22.596882343572663,14.148977277482736,1712.5,False
20.0,22.0,24.05031407398055,16.51726554069858,1712.5,False
14.0,25.0,22.095597428797802,13.60842583318971,1655.0,False
19.0,14.0,22.36067799051399,14.707652107789217,1712.5,False
10.0,23.0,22.32420461234155,15.629260579111154,1942.5,False
28.0,9.0,22.228763174202005,13.524081701194662,1655.0,False
13.0,15.0,23.335077396231338,17.315944453848292,1770.0,False
12.0,8.0,23.430718403412683,16.977156614107017,1885.0,False
21.0,6.0,24.791481368280913,16.08926492754218,1770.0,False
20.0,7.0,23.31951888545501,15.256523347806015,1770.0,False
16.0,8.0,22.561583216710993,14.121227633870205,1770.0,False
19.0,24.0,25.787502523960676,15.714557387255324,1655.0,False
10.0,17.0,25.501905615942796,14.456831889562372,1827.5,False
20.0,29.0,22.496903021615104,16.052069449838328,1655.0,False
12.0,17.0,23.451114799876596,14.082344369089327,1712.5,False
12.0,19.0,22.672338603939885,16.368477008526742,1827.5,False
10.0,10.0,25.83644570973187,14.791620632747364,1885.0,False
14.0,17.0,23.423910368418245,15.507926891626727,1712.5,False
14.0,15.0,22.392469707671737,14.147302431222723,1712.5,False
16.0,28.0,24.907375953319523,14.525107312314466,1655.0,False
11.0,28.0,24.846870064741584,15.300847041466213,1885.0,False
11.0,11.0,22.964137822894767,15.332725156566966,1827.5,False
17.0,19.0,23.285847403680496,17.49911115918495,1770.0,False
9.0,19.0,23.660075589966905,14.841685810382298,1942.5,False
20.0,18.0,23.07080000708659,13.837511330387306,1655.0,False
29.0,9.0,23.155550832705,15.59687447174332,1712.5,False
15.0,20.0,25.206361568074627,14.787302952908403,1712.5,False
27.0,23.0,25.007402420906455,17.011106635156715,1712.5,False
8.0,14.0,24.770516847881947,14.34119269957639,2000.0,False
6.0,17.0,24.747094227379396,16.92265232529865,2345.0,False
21.0,8.0,24.087527722655494,16.154309193318326,1770.0,False
22.0,28.0,23.403685111844236,14.251957837924172,1597.5,False
25.0,8.0,24.882179781909613,15.120988643466394,1712.5,False
6.0,11.0,22.465470950139874,15.469730080320177,2287.5,False
23.0,13.0,22.564282020826766,15.587196228115236,1712.5,False
14.0,24.0,22.505060831783037,15.088379644367066,1712.5,False
13.0,21.0,24.930872207001293,15.838511245980307,1770.0,False
10.0,3.0,24.36616353745485,16.366965263491412,1942.5,False
33.0,10.0,23.80064151747539,15.524735213366053,1712.5,False
7.0,22.0,23.904925365715208,15.909732427578767,2172.5,False
24.0,15.0,25.310237308684588,16.93838132360739,1770.0,False
19.0,5.0,22.486719115865366,15.491007236793072,1827.5,False
22.0,30.0,23.532977121382324,15.165196901807857,1655.0,False
21.0,9.0,25.04066482200269,14.491003561965536,1712.5,False
25.0,17.0,24.63135748228428,14.025459590221509,1655.0,False
10.0,12.0,23.740586885911522,14.669028292140776,1827.5,False
2.0,22.0,22.89736483852405,15.124654578056253,2575.0,False
18.0,23.0,25.785764853219835,16.557030770084555,1712.5,False
14.0,15.0,23.631677451426036,14.369715153955902,1712.5,False
9.0,20.0,25.511340015614334,16.308584283826153,2000.0,False
10.0,27.0,25.111321920133104,13.816135602701738,1885.0,False
14.0,24.0,25.446120132041198,14.133564930528252,1655.0,False
7.0,15.0,22.06768797695471,14.805314205417472,2115.0,False
6.0,16.0,23.909565711919974,15.37928785433034,2287.5,False
27.0,26.0,23.037735307270555,14.2237136280163,1597.5,False
13.0,5.0,23.096085420900934,13.948123754726875,1827.5,False
32.0,4.0,23.0793612892976,15.763301853069935,1770.0,False
30.0,11.0,23.557254687383864,15.147951728909888,1712.5,False
9.0,24.0,23.642818464612674,15.16356931787762,2000.0,False
21.0,10.0,24.53616099259299,14.731786757770596,1712.5,False
19.0,13.0,23.201458209392303,14.98499013568795,1712.5,False
20.0,19.0,23.091108584503363,14.236298385533248,1655.0,False
8.0,10.0,23.442432810609997,14.582335342678194,2000.0,False
10.0,13.0,24.746057971741998,15.669091669719801,1885.0,False
7.0,16.0,22.000684702497978,15.589167399683106,2172.5,False
19.0,11.0,24.987711828906924,17.123709658917523,1827.5,False
32.0,33.0,23.355875007969757,16.830159674694485,1655.0,False
20.0,10.0,24.304959093003383,13.5284057164579,1655.0,False
21.0,25.0,25.04608916895424,14.419055658293896,1655.0,False
32.0,16.0,24.043340670533116,17.050780767356912,1712.5,False
20.0,9.0,24.588604994123898,14.759012914796914,1712.5,False
5.0,9.0,25.67976292053235,15.410822599060143,2402.5,False
25.0,17.0,22.11946508957908,16.19993970428419,1712.5,False
14.0,14.0,23.39811534469596,15.673428584189107,1770.0,False
2.0,12.0,25.707416637197387,13.519471883029574,3150.0,False
17.0,30.0,25.349719318816927,14.326253861831077,1655.0,False
28.0,16.0,24.467311925406303,13.901758693642456,1655.0,False
12.0,28.0,22.91721180559213,14.170581029406502,1770.0,False
16.0,10.0,23.322132151711795,14.089474771403408,1712.5,False
10.0,10.0,25.431825505066502,15.991115266379975,1885.0,False
6.0,18.0,24.793085829127875,15.126258531273951,2287.5,False
7.0,12.0,23.14260091864401,13.766205129081769,2057.5,False
21.0,10.0,22.52898200722097,13.829161703040516,1712.5,False
25.0,8.0,25.123081336416917,17.30142560200502,1770.0,False
9.0,7.0,24.304898718882203,14.119047879955112,1885.0,False
13.0,22.0,25.853752759632094,14.515360420372346,1712.5,False
11.0,13.0,23.62596470852158,15.797179704856694,1827.5,False
5.0,31.0,23.39610785502479,14.248423374680094,2287.5,False
18.0,10.0,23.163024571839518,14.290117569761252,1712.5,False
21.0,14.0,23.927520548770687,13.790350634342108,1655.0,False
20.0,14.0,23.290918569886472,17.423284587273415,1770.0,False
15.0,17.0,22.292762399148167,15.924202123420816,1770.0,False
18.0,26.0,23.248516231571262,15.618975871653316,1655.0,False
8.0,24.0,22.87554373321225,17.054682310216283,2172.5,False
10.0,3.0,25.261539985114236,15.877700658633842,1942.5,False
28.0,15.0,22.942370132501072,14.55233305650756,1655.0,False
22.0,24.0,23.83548628407575,15.38903320805441,1655.0,False
28.0,1.0,24.690952969449917,15.410314711774504,1770.0,False
27.0,17.0,22.596907490929784,15.092318351539525,1712.5,False
20.0,12.0,24.12512993774383,16.514521962290836,1770.0,False
28.0,15.0,25.388747806554395,13.938731187917607,1655.0,False
15.0,15.0,24.336323007064365,14.136859095894556,1712.5,False
2.0,15.0,23.929545755876795,14.988785067092111,2920.0,False
6.0,26.0,25.35551557882205,13.784692018716619,2230.0,False
8.0,17.0,25.78900770951549,17.449582165918308,2115.0,False
8.0,27.0,25.2839415976138,15.483177609659373,2057.5,False
14.0,21.0,23.63363779440302,13.70042467738202,1655.0,False
21.0,14.0,24.446772354677172,15.93158477881066,1712.5,False
23.0,16.0,24.10656678012034,16.624418309642724,1712.5,False
18.0,15.0,23.213234490736472,15.130865001119691,1712.5,False
9.0,24.0,23.741280515836767,15.422128847320892,2000.0,False
22.0,10.0,25.317067117776553,16.30240001021808,1770.0,False
14.0,28.0,23.20191937146812,14.435271152842004,1655.0,False
3.0,18.0,25.558228228462454,15.890655547998902,2747.5,False
13.0,19.0,25.96571727683258,16.023781303502567,1770.0,False
14.0,17.0,23.22706918294196,16.718574656659147,1770.0,False
12.0,18.0,22.490952218504685,17.064286561116504,1827.5,False
24.0,20.0,25.828697395421386,17.263552569352562,1712.5,False
22.0,20.0,22.684260638704238,14.005305565988365,1655.0,False
21.0,11.0,25.08585523574471,16.765070321241627,1770.0,False
9.0,18.0,22.156453914592806,16.201723101089474,2000.0,False
24.0,14.0,22.942260393880616,14.982912519964817,1712.5,False
20.0,19.0,23.04062124411986,17.191244691939442,1770.0,False
11.0,17.0,23.18894012821318,16.940468061812936,1885.0,False
20.0,10.0,25.677215041492676,16.597435415134086,1770.0,False
16.0,22.0,22.701238836839646,13.7299372966317,1655.0,False
15.0,16.0,22.694555856354437,14.208027316890133,1712.5,False
8.0,18.0,24.766699746840494,17.17331674243128,2115.0,False
17.0,20.0,25.80926842799919,17.42894568781056,1770.0,False
8.0,20.0,23.55713743372622,14.609215975132136,2057.5,False
10.0,22.0,25.09251462460709,14.609548017805757,1885.0,False
9.0,11.0,22.124143570022362,15.941219588674134,2000.0,False
29.0,8.0,25.296254875228275,13.804726745694008,1655.0,False
13.0,20.0,24.893587604489674,15.881261879800935,1770.0,False
14.0,12.0,25.58646260742185,17.374756360879857,1827.5,False
13.0,8.0,24.54981713415321,14.687811483371032,1770.0,False
27.0,9.0,25.76534657664186,16.470980178056216,1770.0,False
18.0,13.0,23.559429637978976,15.599602970676248,1770.0,False
28.0,33.0,24.930125778883,14.649245326220374,1597.5,False
13.0,10.0,24.90225683284376,15.149914990272151,1770.0,False
8.0,13.0,23.07443144273974,15.704327753949284,2057.5,False
18.0,28.0,25.682318156380553,16.54636337221887,1655.0,False
14.0,30.0,25.116707164818436,15.663179977544937,1712.5,False
23.0,11.0,25.465407134098253,17.20056114428498,1770.0,False
26.0,26.0,23.45036400319387,13.967794830685387,1597.5,False
16.0,9.0,25.365019133982297,17.330790705324745,1827.5,False
31.0,22.0,23.259905842518936,15.702605657347187,1655.0,False
18.0,3.0,25.857604200001795,15.067260992377156,1770.0,False
12.0,15.0,22.095788545463254,13.80420425692925,1712.5,False
16.0,12.0,24.476750189409596,14.684992872382635,1712.5,False
5.0,21.0,22.44895804538658,15.251738088364608,2460.0,False
23.0,4.0,24.874932693311287,17.248266845446537,1827.5,False
8.0,16.0,23.45475321469615,16.525701329564132,2115.0,False
13.0,21.0,25.482562373712387,13.736179770983862,1655.0,False
18.0,6.0,25.490810043621437,14.811573802861279,1770.0,False
6.0,27.0,23.4723594940155,15.4657292681964,2287.5,False
7.0,14.0,25.23992710784611,16.90034068886875,2172.5,False
21.0,10.0,24.724547508637887,16.60570995217696,1770.0,False
7.0,11.0,23.70626771461485,14.36455086845714,2115.0,False
16.0,14.0,23.37294577581521,13.701838254961569,1712.5,False
14.0,11.0,22.841219725876883,14.029501580461417,1770.0,False
11.0,17.0,22.252833811426036,15.513158719441682,1827.5,False
10.0,19.0,24.069437474410254,13.859510422270667,1827.5,False
22.0,15.0,24.160162148302042,14.499031052480841,1655.0,False
29.0,15.0,23.776074633841368,16.785390799251097,1712.5,False
9.0,23.0,25.802388718853752,15.107812402267292,1942.5,False
30.0,13.0,22.05476046905267,17.48458597810572,1770.0,False
18.0,19.0,25.401219839906354,16.523931015835704,1712.5,False
19.0,26.0,25.20328578813231,14.55967307410542,1655.0,False
21.0,11.0,25.035009577016076,13.530281370760152,1655.0,False
21.0,19.0,24.099661249522576,15.608829900518769,1712.5,False
24.0,29.0,22.76142151283184,16.323423102826368,1655.0,False
16.0,17.0,25.451517475093752,15.37873218313753,1712.5,False
17.0,31.0,24.978378618253206,17.12601864192329,1655.0,False
13.0,13.0,25.331284857521943,16.571803708372624,1770.0,False
8.0,18.0,22.943150293092547,15.581076490934882,2057.5,False
20.0,13.0,24.217499972415744,13.575695654359095,1655.0,False
5.0,2.0,23.66383695582024,14.852987636487557,2345.0,False
12.0,34.0,24.55868574095291,15.477632546556864,1827.5,False
8.0,12.0,25.010430774143877,14.50093736564796,2000.0,False
11.0,31.0,22.694861473779948,16.85060768563524,1942.5,False
19.0,20.0,22.696152928459806,15.19788463007433,1712.5,False
19.0,27.0,22.174427503755094,14.315201990447758,1655.0,False
15.0,30.0,22.62874015332453,16.61639758143468,1712.5,False
8.0,18.0,22.960692918518674,15.933135124805085,2057.5,False
15.0,35.0,22.290074316397828,14.288313787373081,1655.0,False
14.0,22.0,23.42276381962048,15.630984192474571,1712.5,False
21.0,17.0,24.70066518098226,16.278084949721062,1712.5,False
18.0,20.0,25.1722925109766,15.293733301482638,1712.5,False
16.0,11.0,23.383265051433202,14.709528181008487,1770.0,False
16.0,3.0,22.33529959184918,16.258674722724766,1885.0,False
30.0,12.0,25.037489304633635,16.249064342320764,1712.5,False
22.0,15.0,23.564734753478525,13.567749714243252,1655.0,False
17.0,11.0,23.005710380216293,14.436501236058694,1712.5,False
16.0,17.0,23.88276390178939,16.085264223435114,1770.0,False
5.0,20.0,25.8794571042964,14.396579136637484,2402.5,False
29.0,20.0,23.49055934659181,17.350619406887756,1712.5,False
13.0,27.0,25.837812297546833,14.151163746597948,1712.5,False
12.0,30.0,23.01267663871917,16.49286424506867,1885.0,False
34.0,26.0,22.4221790400756,17.493290507511873,1712.5,False
21.0,19.0,22.62871521200957,14.88631386725838,1655.0,False
6.0,11.0,25.095126959368695,15.912509515827173,2287.5,False
6.0,29.0,24.150452465795574,13.92284787917726,2287.5,False
4.0,10.0,24.327689001532242,15.987293963302207,2632.5,False
18.0,9.0,25.87083358740875,17.45009111973452,1827.5,False
7.0,13.0,24.01934948207586,17.391436677188235,2230.0,False
28.0,18.0,22.468083555778023,15.147112758787744,1655.0,False
28.0,20.0,24.874060937439967,16.782481820917425,1712.5,False
17.0,4.0,22.83140545627857,16.806398808907286,1885.0,False
19.0,23.0,24.326152059209676,14.809066489159393,1655.0,False
13.0,10.0,25.41751506184798,16.79099054488233,1827.5,False
7.0,13.0,23.908324301730392,14.149618324941768,2115.0,False
22.0,13.0,23.25714040360638,17.415516786079774,1770.0,False
8.0,14.0,24.302186348828172,16.95668028240856,2115.0,False
7.0,22.0,22.507805165128456,15.542372980486025,2172.5,False
13.0,5.0,23.230256225111034,15.041288227749847,1827.5,False
3.0,11.0,24.016571147441507,17.283794529628093,2920.0,False
15.0,4.0,23.016604654484958,13.784504501836572,1770.0,False
21.0,23.0,22.157032486089317,15.493558273614134,1655.0,False
23.0,32.0,24.340563917687433,15.447787601770521,1655.0,False
19.0,20.0,23.60498945924513,15.025298791416375,1655.0,False
25.0,18.0,23.56244103773932,13.950510317159416,1655.0,False
15.0,27.0,25.9872511835919,14.505525267341175,1655.0,False
25.0,12.0,22.44713612754784,17.432472976661955,1770.0,False
17.0,7.0,22.61670255122484,16.7318055541,1885.0,False
11.0,17.0,25.505047269937826,16.85313262820299,1885.0,False
29.0,12.0,22.52104663621619,15.538126380679714,1712.5,False
12.0,16.0,25.67049132832447,16.147301724275266,1770.0,False
5.0,16.0,24.687843445136835,15.5200237229383,2402.5,False
12.0,13.0,24.112651619695452,16.20943761911203,1827.5,False
14.0,16.0,23.113602726117886,16.9538736973196,1770.0,False
14.0,14.0,23.437893928285355,14.470378814223338,1712.5,False
17.0,8.0,25.30381827965372,17.3035730852673,1827.5,False
26.0,25.0,22.230018193007723,17.154447266942206,1712.5,False
13.0,21.0,25.074194428025017,15.17716517686306,1712.5,False
17.0,5.0,25.3112827414283,17.407256863208787,1885.0,False
14.0,8.0,24.823867635534615,17.03009659191635,1885.0,False
24.0,8.0,22.21801865896071,13.660309578321232,1712.5,False
10.0,6.0,24.970619681458697,13.66845666759868,1827.5,False
8.0,6.0,24.892655596424643,16.329138316720652,2057.5,False
17.0,10.0,22.052375504131685,16.634687873058418,1827.5,False
20.0,25.0,25.56913346115157,14.49474767884414,1655.0,False
23.0,24.0,22.528783301306877,15.494946595430376,1655.0,False
18.0,23.0,25.843128688088193,15.656993666101478,1655.0,False
23.0,19.0,22.28308232437676,15.28238304253025,1712.5,False
15.0,21.0,22.952197715423807,13.776489716735883,1655.0,False
5.0,22.0,24.760968765278612,14.37558440844267,2402.5,False
8.0,26.0,22.548965257907557,16.75804295657988,2172.5,False
5.0,22.0,22.739870227923603,13.792347538701398,2402.5,False
14.0,22.0,22.04468657462823,15.988562608496355,1712.5,False
16.0,23.0,25.305920303213135,16.036632799859536,1712.5,False
14.0,18.0,22.15046920291686,17.32596053073474,1770.0,False
18.0,11.0,24.530292062909982,17.449804959258017,1827.5,False
16.0,7.0,24.329229312915658,17.280170103766636,1885.0,False
20.0,15.0,24.044961042215174,15.665285741111962,1712.5,False
20.0,8.0,23.5006308993385,13.66710288885312,1712.5,False
13.0,10.0,23.198250257821638,14.609202447760495,1770.0,False
14.0,4.0,25.827790099044435,15.401982174083228,1827.5,False
18.0,13.0,25.141433101592757,13.656479369014471,1655.0,False
18.0,30.0,25.690930394663592,13.64838932922453,1597.5,False
13.0,14.0,24.93559181103789,14.796092222896402,1770.0,False
14.0,12.0,25.31603568475207,15.049378896326349,1770.0,False
21.0,15.0,25.856701687475766,15.823377484863014,1712.5,False
20.0,13.0,23.814578226453094,17.23143059806707,1770.0,False
9.0,20.0,25.627585093684857,15.064707730313856,1942.5,False
16.0,19.0,22.172296650759975,13.692362313542588,1655.0,False
26.0,5.0,22.431488540983683,15.660174493444407,1770.0,False
5.0,17.0,23.961497340581417,14.931849791108359,2402.5,False
25.0,5.0,23.81589300211201,17.10441430427006,1827.5,False
10.0,20.0,23.752852320156876,15.225992275772839,1885.0,False
17.0,28.0,24.14876660710155,14.787189682138713,1655.0,False
15.0,27.0,24.153491171355938,16.395521026802466,1712.5,False
3.0,11.0,25.48225895321051,15.473011792456223,2920.0,False
27.0,22.0,23.38365125071469,15.720396319311249,1655.0,False
16.0,23.0,23.26496382277423,14.108269661786661,1655.0,False
29.0,25.0,24.807580957181,15.000770829148797,1655.0,False
13.0,12.0,24.593907750640263,13.685696240614456,1712.5,False
25.0,16.0,25.319387936093328,16.519515198300184,1712.5,False
28.0,11.0,23.237112507778964,14.482326651196978,1712.5,False
18.0,4.0,22.02557686501475,13.982063043429182,1770.0,False
11.0,20.0,25.77625473634367,15.858048123156385,1827.5,False
20.0,15.0,22.17690157495403,15.817718618886165,1770.0,False
17.0,12.0,24.720051773441867,14.763190278003899,1712.5,False
29.0,25.0,23.287327967143113,17.349404711771694,1712.5,False
15.0,16.0,23.694132221563653,16.042085242312222,1770.0,False
12.0,33.0,25.35213110963706,17.205575546562052,1885.0,False
9.0,23.0,23.678317950954103,14.702382733233897,1942.5,False
21.0,26.0,22.57748611241342,15.707212237110207,1655.0,False
31.0,23.0,25.017740339741557,15.154082915442157,1655.0,False
5.0,8.0,22.08084606824016,15.153133407181851,2402.5,False
22.0,7.0,23.09893195373558,13.691069287834305,1712.5,False
28.0,27.0,24.152294447566433,14.378545550775883,1597.5,False
7.0,9.0,23.75105478205856,16.977301796899276,2172.5,False
8.0,15.0,24.480913356052607,16.899421205394724,2115.0,False
21.0,19.0,23.52539077085524,13.920392039541733,1655.0,False
20.0,11.0,23.562338849184584,13.572592190772268,1655.0,False
7.0,11.0,23.394629040416525,13.90818307856429,2057.5,False
24.0,16.0,25.54908187573154,16.055205602398164,1712.5,False
17.0,14.0,22.06918604437667,14.459291622938782,1712.5,False
27.0,20.0,25.7585678693672,16.550496848283895,1712.5,False
26.0,7.0,23.43288670080691,13.523316579051619,1655.0,False
24.0,16.0,23.45953102276123,16.36309034108453,1712.5,False
17.0,10.0,24.903571392199268,17.045563098667945,1827.5,False
12.0,19.0,23.55310695490344,13.679225897905749,1712.5,False
17.0,8.0,24.46657928840491,16.969579754397262,1827.5,False
8.0,11.0,25.614522716344563,17.17147524535327,2115.0,False
20.0,23.0,25.384792190103877,15.643360600135596,1655.0,False
9.0,12.0,24.06146671043671,14.638114870090329,1942.5,False
17.0,22.0,24.86660851165016,15.751256596293434,1712.5,False
6.0,12.0,23.56973898042157,14.742346710450047,2230.0,False
13.0,12.0,25.10417662732341,17.232839664905708,1827.5,False
12.0,13.0,22.680733746998456,15.674526985901652,1770.0,False
19.0,26.0,22.182527125742304,16.694817737486574,1712.5,False
23.0,15.0,24.16293070367503,15.939880821622378,1712.5,False
6.0,12.0,22.86135473922587,14.653628987266446,2230.0,False
25.0,17.0,24.91490377145265,15.500518905739387,1712.5,False
25.0,15.0,22.405294034781193,17.019565325564656,1770.0,False
14.0,23.0,22.033980552674336,15.031491801462128,1712.5,False
20.0,32.0,24.702813398967436,14.86532734465264,1597.5,False
15.0,17.0,24.003197751672666,17.325721870647463,1770.0,False
10.0,16.0,25.808061627320733,14.836243890223331,1885.0,False
17.0,14.0,22.989942431454384,16.938004306861856,1770.0,False
7.0,31.0,22.493024470002446,14.213122880622183,2172.5,False
26.0,16.0,22.092424727273436,16.66689984830966,1770.0,False
28.0,10.0,23.776989395781552,15.961206601377178,1770.0,False
24.0,30.0,22.403267541583645,13.9807863149557,1597.5,False
18.0,30.0,25.10257375331842,13.755780662386478,1597.5,False
18.0,15.0,22.287943177542402,14.693229178072778,1712.5,False
32.0,14.0,25.683019241801325,16.129824043270183,1712.5,False
12.0,20.0,24.163415692968247,14.940454908204469,1770.0,False
7.0,24.0,24.78548779577403,14.584609429340334,2172.5,False
18.0,17.0,22.5236684232191,15.827456120289146,1712.5,False
14.0,14.0,22.358021303138592,17.310219139505925,1827.5,False
13.0,13.0,23.41473510606884,13.987410928359289,1712.5,False
3.0,13.0,24.081738157084565,16.078325247198975,2920.0,False
18.0,8.0,24.30200780531851,17.14960861783228,1827.5,False
12.0,23.0,23.31915383315878,15.664401838292985,1827.5,False
10.0,8.0,23.09064918073735,17.356745120261067,1942.5,False
5.0,15.0,25.925642169297998,15.891578318109037,2460.0,False
14.0,24.0,23.09064767977595,16.190408161866753,1712.5,False
26.0,15.0,22.551699633138323,16.66512011441889,1770.0,False
14.0,13.0,23.43783865754669,14.29889432748493,1712.5,False
20.0,29.0,23.215485257523987,15.740768422785436,1655.0,False
22.0,9.0,23.686940804023195,15.957053715613698,1770.0,False
13.0,26.0,24.49485494549137,13.98059066005469,1712.5,False
24.0,6.0,24.412591732997225,15.322047192832844,1770.0,False
21.0,15.0,24.793159541660742,16.582713483063067,1770.0,False
18.0,19.0,22.62674028245633,13.662824931611128,1655.0,False
2.0,14.0,22.183777455975914,15.153968029053019,2862.5,False
5.0,17.0,25.163239198913814,14.082870575325078,2402.5,False
33.0,11.0,22.86861055843048,14.202994390189456,1655.0,False
23.0,18.0,23.262660015558684,15.55029805838022,1712.5,False
28.0,9.0,23.822718857636552,13.617927275380712,1655.0,False
27.0,23.0,24.865225473375887,15.199826884751092,1655.0,False
4.0,18.0,22.65433772026401,13.602820644622845,2575.0,False
23.0,16.0,25.609609059937117,17.2022404164271,1770.0,False
16.0,6.0,23.286109336766145,17.03181586879797,1885.0,False
23.0,17.0,25.93065077135627,14.346552905363602,1655.0,False
3.0,18.0,23.1416502519545,13.763217472814992,2690.0,False
13.0,12.0,24.902612063006323,14.502542623528246,1770.0,False
22.0,20.0,23.506676448008676,13.613567641625991,1655.0,False
23.0,7.0,25.34635094349568,16.439155185529383,1770.0,False
19.0,11.0,23.849626369694395,15.795577720433933,1770.0,False
13.0,22.0,25.48212754378716,15.675358250042105,1712.5,False
13.0,9.0,25.015754500686036,16.907888875005348,1827.5,False
30.0,12.0,24.3441143832256,16.737249835099004,1770.0,False
15.0,20.0,22.999959718631242,15.135526313871843,1712.5,False
16.0,21.0,23.03947087624364,15.941347568091826,1712.5,False
18.0,6.0,25.96568836613471,15.267231732973778,1770.0,False
15.0,9.0,25.70155198786633,15.996038798761077,1827.5,False
18.0,16.0,22.553673559028258,14.106099418700374,1712.5,False
15.0,18.0,22.816258064316695,14.700320945026672,1712.5,False
24.0,16.0,22.42725754496411,14.507534367183025,1655.0,False
27.0,20.0,22.805351194074966,14.169868055608857,1655.0,False
28.0,22.0,23.160950312875833,15.155352352836426,1655.0,False
18.0,29.0,25.35050772710084,16.405997590727605,1655.0,False
16.0,14.0,22.380729003971453,15.084226691371173,1770.0,False
21.0,10.0,25.5284822640105,17.430542557305458,1827.5,False
25.0,12.0,25.8877205257078,14.708362710525293,1655.0,False
18.0,9.0,23.126960273652557,17.29251912817102,1827.5,False
21.0,15.0,23.824935382968405,14.27421474148217,1655.0,False
22.0,26.0,24.117313494496134,14.783098344362422,1655.0,False
20.0,14.0,22.822757331429358,14.156325875927287,1712.5,False
22.0,9.0,24.926305515746993,14.45164060255351,1712.5,False
11.0,17.0,24.31999519835587,14.128446281687378,1770.0,False
17.0,33.0,22.448709420037915,15.999309244740036,1655.0,False
18.0,10.0,25.58392925052407,14.302460601957732,1712.5,False
2.0,23.0,23.208770768357255,13.840528608364181,2575.0,False
25.0,24.0,22.62498926708551,14.565682915310697,1655.0,False
19.0,15.0,25.92741760656161,16.21360027285355,1712.5,False
9.0,19.0,22.41163598804679,15.21452520616876,2000.0,False
24.0,15.0,22.238786738553483,14.124632337564952,1655.0,False
21.0,12.0,22.950212027320617,13.753800755821832,1655.0,False
22.0,15.0,23.2770596695874,16.41741882573036,1770.0,False
15.0,8.0,23.735210664602807,16.316438652802884,1827.5,False
25.0,21.0,24.740680872218043,15.346098852443243,1655.0,False
15.0,24.0,23.462853536919614,15.61099596684994,1655.0,False
18.0,13.0,24.237334442811918,14.461971442044206,1712.5,False
2.0,18.0,22.023245702520118,15.44134731235501,2690.0,False
19.0,12.0,23.53959872740877,16.414426457367735,1770.0,False
21.0,9.0,25.779874701693924,16.586130469433908,1770.0,False
18.0,20.0,25.09938682266007,14.861979485522063,1655.0,False
16.0,9.0,24.963202276466138,16.215402223395987,1827.5,False
24.0,23.0,23.21806390598408,15.445937693310903,1655.0,False
20.0,12.0,23.952704692697438,16.457343253642538,1770.0,False
13.0,24.0,25.378094009152036,16.26312260922975,1770.0,False
30.0,14.0,25.52062267903802,16.501426795580688,1712.5,False
21.0,14.0,24.84217211716452,14.159533504060374,1655.0,False
32.0,22.0,23.826165724277033,14.788488295961885,1655.0,False
31.0,17.0,22.292660180979723,14.559934976499534,1655.0,False
28.0,11.0,22.4774132342086,15.288275416451192,1712.5,False
22.0,25.0,22.001171687299653,15.359649839154427,1655.0,False
19.0,14.0,23.436799078011735,16.169228794216654,1770.0,False
10.0,8.0,22.09353585399839,15.778428536057437,1885.0,False
17.0,15.0,23.740087162907155,15.819499492010141,1770.0,False
22.0,18.0,24.390166492869767,16.03193935989208,1712.5,False
17.0,19.0,24.383520561513087,14.591558822994477,1655.0,False
26.0,24.0,24.221190072803793,14.404526479158825,1597.5,False
8.0,17.0,22.904683443289628,14.360754216451241,2000.0,False
14.0,11.0,24.076755606755924,16.61779295423479,1827.5,False
17.0,12.0,25.919343721668184,13.889046837207934,1712.5,False
15.0,8.0,23.77847114810298,14.764370823350626,1770.0,False
8.0,22.0,25.497966745380104,14.621091893490956,2057.5,False
10.0,8.0,23.525621764647774,15.867703015911538,1885.0,False
24.0,19.0,24.492177751258826,17.196766338212452,1712.5,False
16.0,18.0,23.92735562631804,17.014378601774624,1770.0,False
6.0,23.0,24.754489905446675,13.921549285809343,2230.0,False
4.0,7.0,25.589511358435658,15.660840911362587,2575.0,False
16.0,11.0,23.76360299682631,13.648789560094881,1712.5,False
10.0,27.0,25.02959783303855,16.669624693792045,1942.5,False
21.0,18.0,25.530158599475133,14.998872829220616,1655.0,False
23.0,16.0,25.1581781848396,14.359459144232913,1655.0,False
11.0,22.0,22.09822399550317,15.436407685565678,1885.0,False
18.0,27.0,22.00075861407298,15.240413291206607,1655.0,False
10.0,12.0,25.531838706592964,17.272513408621297,1942.5,False
13.0,27.0,24.917253649407115,13.632746851158444,1712.5,False
26.0,8.0,25.832528128681638,17.299936616786624,1770.0,False
17.0,31.0,23.16992957613988,14.437484975348685,1597.5,False
26.0,10.0,25.1518730108605,14.080128645638926,1655.0,False
11.0,12.0,25.206088308470548,16.467295230265755,1827.5,False
14.0,8.0,25.429305958990753,15.590307717066807,1827.5,False
16.0,23.0,24.76811165480598,17.08258963065015,1712.5,False
16.0,32.0,22.553231969669085,15.670548402106004,1655.0,False
34.0,13.0,24.72377095809704,15.521870445728574,1712.5,False
8.0,13.0,24.41793477935097,14.324647514347392,2000.0,False
25.0,13.0,23.334688370061617,17.299095149484657,1770.0,False
25.0,10.0,22.83445396693586,16.157960873350007,1770.0,False
18.0,23.0,25.540399777254127,15.906274885471463,1712.5,False
14.0,6.0,22.56778597984076,16.660222993353624,1885.0,False
17.0,30.0,23.688791586775828,13.90508394761458,1597.5,False
13.0,28.0,24.491194090822884,16.965653785871364,1827.5,False
23.0,9.0,25.887185725662054,15.501930843328454,1712.5,False
17.0,17.0,24.683905409644623,16.708852235067155,1770.0,False
28.0,33.0,23.219512795686093,16.350523281271705,1655.0,False
19.0,25.0,22.242647737330632,15.305039640451653,1655.0,False
17.0,21.0,23.270812491386902,16.578839295519575,1712.5,False
21.0,4.0,23.17114623725458,16.382764563567722,1827.5,False
17.0,7.0,25.27631792725497,13.514887531462575,1712.5,False
27.0,23.0,23.506338218074006,16.336989752787527,1712.5,False
10.0,14.0,22.393793331535317,15.535154794285063,1885.0,False
31.0,20.0,25.47990985076962,16.857883421131927,1712.5,False
24.0,22.0,22.072217067132428,16.73857784452062,1712.5,False
25.0,15.0,22.012037582113376,14.182594056080218,1655.0,False
16.0,9.0,23.899012973926467,13.58703467051355,1712.5,False
24.0,15.0,22.276881159963924,14.285301713045095,1655.0,False
13.0,26.0,22.708407584094175,16.464501084798208,1770.0,False
22.0,14.0,25.941138328487444,16.98540555531106,1770.0,False
9.0,6.0,25.37746001197129,16.302296065057426,2000.0,False
13.0,30.0,25.056150703726907,16.782350781041764,1827.5,False
16.0,20.0,24.683172212788804,15.848963505459146,1712.5,False
13.0,17.0,22.191261796077765,15.526082706959896,1712.5,False
15.0,24.0,25.34363484730827,17.3814560944232,1712.5,False
24.0,15.0,23.884753317787098,13.822360634033078,1655.0,False
12.0,32.0,22.39327989558006,15.185417073280027,1827.5,False
22.0,25.0,23.203004044600075,14.612228930835458,1655.0,False
7.0,13.0,24.007872479138182,13.988203897279078,2057.5,False
22.0,14.0,22.054778389684714,15.922307990392687,1770.0,False
23.0,12.0,23.009677892205538,14.553001508094395,1712.5,False
15.0,20.0,23.343694514947064,15.351858184748622,1712.5,False
21.0,19.0,23.855165358138386,14.046354432751297,1655.0,False
27.0,17.0,22.007926422295352,15.059946044238856,1712.5,False
23.0,30.0,24.261770480725147,14.301019377140394,1597.5,False
15.0,16.0,22.79053484347509,17.087748330428226,1770.0,False
16.0,23.0,24.389002122994302,15.589584637096358,1712.5,False
23.0,20.0,22.956601228474025,16.69817434026176,1712.5,False
13.0,17.0,23.610873766323316,15.442905329348303,1712.5,False
23.0,5.0,24.494520796985118,13.669537243793116,1712.5,False
13.0,20.0,24.62629042576328,16.27821423909717,1770.0,False
24.0,19.0,22.122382772474758,13.69129372822691,1655.0,False
7.0,9.0,24.14029819231689,15.080161714362763,2115.0,False
6.0,23.0,25.266566677303253,15.687757418635886,2287.5,False
34.0,16.0,22.825692182217757,16.619313261966216,1712.5,False
26.0,13.0,24.12795455098211,17.094399066421794,1770.0,False
26.0,24.0,23.79045856954746,14.319255124241748,1655.0,False
29.0,14.0,25.39973963162648,16.154288594183853,1712.5,False
15.0,19.0,23.75505229855768,15.38091489424306,1712.5,False
13.0,19.0,25.77536204184259,16.570062834693605,1770.0,False
9.0,6.0,24.609713724165132,17.259375009322216,2000.0,False
17.0,15.0,24.245532885522618,15.6318684565036,1712.5,False
11.0,11.0,23.167678163908707,14.647084059441656,1827.5,False
28.0,11.0,24.386102457933262,16.694036789037302,1770.0,False
2.0,20.0,22.52498568987223,15.606943522101375,2632.5,False
9.0,3.0,23.66497638186273,17.029113581031474,2057.5,False
12.0,30.0,23.137711783139014,15.76429255774424,1827.5,False
11.0,15.0,24.681106013884605,17.248491814423318,1885.0,False
11.0,13.0,25.055983926117015,13.570146475209373,1770.0,False
20.0,28.0,25.714515419140856,16.455835317083835,1655.0,False
13.0,16.0,22.888403083124096,14.886151833368043,1712.5,False
19.0,19.0,25.539002793069457,16.174481496472406,1712.5,False
26.0,21.0,25.383805940756858,17.269387074695686,1712.5,False
19.0,26.0,25.449726299811452,16.115644708647864,1655.0,False
21.0,9.0,24.961903446138823,16.479941503915107,1770.0,False
14.0,7.0,23.070885774308998,14.132201802544856,1770.0,False
10.0,33.0,25.51148870005013,14.182072187430794,1885.0,False
13.0,3.0,24.398193848211683,15.79370554578616,1885.0,False
30.0,21.0,24.96244681537093,15.222417892912583,1655.0,False
19.0,19.0,22.821029423972117,13.944602175907564,1655.0,False
12.0,18.0,22.6296421420561,16.413341398022595,1827.5,False
16.0,23.0,23.1074065402989,16.295826426608176,1712.5,False
24.0,33.0,24.045483107102818,13.866303119047556,1597.5,False
20.0,6.0,23.666500384478905,13.694627147933712,1712.5,False
18.0,19.0,25.550432144154723,15.015253288094222,1712.5,False
26.0,21.0,22.05207401261021,16.031736766157405,1712.5,False
20.0,13.0,22.320193571783793,17.07427007217921,1770.0,False
19.0,26.0,23.30163944119073,15.238022292469992,1655.0,False
11.0,16.0,22.67092892978472,13.836411948505052,1770.0,False
8.0,10.0,23.627002464760558,16.861864219271244,2057.5,False
30.0,25.0,24.870372401940593,13.999599421379182,1597.5,False
18.0,29.0,25.973671487204218,16.04956516103961,1655.0,False
15.0,8.0,22.808298988898503,15.153813574352064,1827.5,False
18.0,22.0,23.063898538321787,17.138280534314404,1712.5,False
6.0,11.0,25.074954598195397,16.319643642830886,2287.5,False
24.0,3.0,23.088198829201076,13.500570384195271,1712.5,False
11.0,12.0,24.814999890950297,14.99104775444216,1827.5,False
23.0,25.0,24.333956193129524,14.221236311305441,1597.5,False
17.0,9.0,25.41957639532285,14.634126006320919,1712.5,False
12.0,9.0,22.133347099585254,15.095823046893209,1827.5,False
5.0,22.0,25.918987839848025,15.665540404792452,2460.0,False
24.0,15.0,25.857002678284044,16.69352673881907,1712.5,False
10.0,9.0,22.089551178715702,13.845712940189587,1827.5,False
6.0,11.0,23.99803768671214,15.26441346950589,2230.0,False
22.0,23.0,23.60570441987671,16.902872873532758,1712.5,False
14.0,19.0,23.01665260481471,15.228720946989922,1712.5,False
15.0,22.0,25.911303684677303,15.577180022337453,1712.5,False
12.0,8.0,22.698401867250226,16.614423851059264,1885.0,False
25.0,16.0,23.054217969205297,16.351577694109753,1712.5,False
13.0,23.0,22.0328918944422,15.539990957118011,1770.0,False
11.0,12.0,24.320892512523002,17.368372285561787,1885.0,False
13.0,10.0,25.44319455573327,13.644854205839529,1712.5,False
11.0,14.0,24.487651742613924,13.71804103217419,1770.0,False
13.0,14.0,24.606428903974763,15.209449940996715,1770.0,False
7.0,10.0,22.265281478297247,14.13139727041176,2057.5,False
10.0,29.0,24.859228876442888,14.366033411627612,1885.0,False
15.0,16.0,23.636017675173857,14.100330136775309,1712.5,False
26.0,19.0,23.89484985149119,16.269475785789574,1712.5,False
6.0,9.0,24.34006227762891,15.185074030069597,2230.0,False
11.0,19.0,25.901457455361232,16.83669893278134,1885.0,False
27.0,18.0,24.992733022869768,14.501537152450869,1655.0,False
26.0,28.0,24.73570835933825,15.993705602266356,1655.0,False
20.0,15.0,23.727572139141266,14.353767314316453,1712.5,False
12.0,23.0,22.137802066115434,13.557936715512211,1712.5,False
15.0,13.0,24.154738689462032,16.255673527080912,1770.0,False
11.0,18.0,24.643524921506927,14.082079725802675,1770.0,False
9.0,28.0,24.81675873883286,16.275242621227356,2057.5,False
14.0,19.0,24.431524333100995,16.26268573090184,1712.5,False
18.0,21.0,23.20146810040801,16.17257605693966,1712.5,False
14.0,26.0,22.884125606736568,15.867839071226097,1712.5,False
19.0,28.0,22.360376086792677,17.039689097172133,1655.0,False
13.0,11.0,24.81132549153804,13.802546646283197,1712.5,False
14.0,11.0,25.883143764974214,17.227276008576172,1827.5,False
23.0,18.0,24.100089859246204,13.763877414451652,1655.0,False
26.0,33.0,24.692730661466854,15.48129345121908,1597.5,False
13.0,16.0,24.770410010248817,17.192931922048917,1770.0,False
18.0,14.0,22.64576842329115,14.575717124768051,1712.5,False
13.0,17.0,22.767205675420115,16.851618246838857,1770.0,False
6.0,7.0,22.83270892148078,15.872756564440742,2287.5,False
22.0,10.0,25.731366134842723,16.94474297248678,1770.0,False
10.0,9.0,22.062320242225198,13.694269470509578,1827.5,False
15.0,5.0,24.164675092038046,15.723765400118692,1827.5,False
16.0,21.0,23.508710489400855,14.254604286915434,1655.0,False
10.0,13.0,24.63740134465381,13.572274182642374,1827.5,False
8.0,10.0,22.881968659076495,16.255817366925562,2057.5,False
14.0,17.0,25.844683278898323,16.49873598783504,1770.0,False
29.0,13.0,23.32486133655959,16.445184709748407,1770.0,False
19.0,15.0,25.70370712646629,16.40790126070301,1770.0,False
14.0,13.0,24.356801427871154,16.699767307130184,1827.5,False
5.0,2.0,23.657844395886023,15.3783590536265,2402.5,False
19.0,20.0,24.935542093073398,14.890303640691569,1655.0,False
8.0,8.0,24.212258697063067,16.58385246941794,2057.5,False
17.0,11.0,22.554330103885285,16.165842313228993,1770.0,False
22.0,11.0,24.817956798670448,14.300025465086174,1712.5,False
15.0,14.0,24.31797564922522,15.241172773328966,1770.0,False
13.0,10.0,24.26257994265919,14.228690639073724,1770.0,False
6.0,14.0,24.952583121462375,16.61561350577604,2287.5,False
4.0,12.0,24.61392075033175,14.488523792883003,2575.0,False
15.0,6.0,23.464970253898258,15.990782445417775,1827.5,False
26.0,26.0,23.273955078612925,16.4414694808712,1655.0,False
12.0,13.0,23.003275424856273,17.466416075674363,1827.5,False
18.0,8.0,24.30058172177572,15.232570210646335,1770.0,False
20.0,17.0,23.199551036558802,16.989842053804527,1770.0,False
6.0,9.0,22.48167316719374,16.157415710499446,2287.5,False
10.0,23.0,25.13078996864316,13.533793526063734,1827.5,False
14.0,6.0,22.836528968729308,15.065116359477408,1827.5,False
20.0,16.0,22.659507967377948,15.076472432064516,1712.5,False
15.0,29.0,25.39600389130342,13.978500600150003,1655.0,False
22.0,10.0,24.80851203464704,15.248359847050985,1712.5,False
26.0,11.0,25.064627862843714,13.965838448394774,1655.0,False
22.0,19.0,23.401442184473055,16.841537956443496,1712.5,False
33.0,31.0,24.469744830888423,14.947588846869538,1597.5,False
22.0,15.0,25.728777000875343,14.232486930230376,1655.0,False
25.0,20.0,23.130789049777167,15.907291612040241,1712.5,False
24.0,10.0,22.275848382377742,16.930328491161596,1827.5,False
21.0,19.0,22.683512236369886,17.239710228428716,1770.0,False
23.0,12.0,25.58986512937623,17.07714287770092,1770.0,False
28.0,19.0,23.126124328774036,17.02821044168793,1712.5,False
16.0,7.0,23.965011627124657,14.892205956518346,1770.0,False
19.0,17.0,24.13827573626611,15.521685751107158,1712.5,False
17.0,12.0,25.840054500070696,14.985235194877367,1712.5,False
25.0,20.0,23.20591606121867,17.189046535948506,1712.5,False
15.0,22.0,24.085565163960133,13.87130470146639,1655.0,False
24.0,25.0,25.83249731424456,15.717278698613585,1655.0,False
23.0,33.0,22.805379280251124,14.48762312625876,1597.5,False
30.0,16.0,24.391541207229395,16.901496990215104,1712.5,False
12.0,20.0,22.254427024143805,14.856873315848826,1770.0,False
21.0,4.0,23.05190071463227,16.954736888772402,1885.0,False
22.0,27.0,22.27685975833647,17.21217165308672,1712.5,False
28.0,19.0,23.32061099064698,14.187870588731805,1655.0,False
27.0,15.0,22.825735231186105,16.51701074739788,1712.5,False
18.0,15.0,25.193662891288884,14.8999130378113,1712.5,False
18.0,22.0,23.853581796464844,15.113104682225005,1655.0,False
10.0,24.0,23.62000085501801,14.5975251070448,1885.0,False
31.0,24.0,24.769292509953566,15.9666666217707,1655.0,False
12.0,17.0,25.788797261002795,14.872668508651854,1770.0,False
21.0,14.0,23.20617357184912,16.462463350246885,1770.0,False
23.0,29.0,22.26700418938087,16.613968105375093,1655.0,False
16.0,19.0,22.439120669016816,15.080529123760728,1712.5,False
11.0,17.0,25.4288600952827,13.518976116577441,1770.0,False
10.0,18.0,25.38341996501054,13.764325299327053,1827.5,False
25.0,19.0,23.901461627654605,14.595248899355427,1655.0,False
17.0,21.0,22.590571853223743,17.315492706868586,1712.5,False
8.0,18.0,24.105957506360724,15.075237322121142,2057.5,False
21.0,26.0,24.673687560719166,16.47694111217649,1712.5,False
12.0,25.0,23.32894596051044,17.244311677385838,1885.0,False
26.0,16.0,22.33007211528331,14.866715040172506,1712.5,False
13.0,10.0,23.287766566912577,15.745159808502695,1827.5,False
11.0,18.0,24.76229586641668,16.909282563783517,1885.0,False
7.0,19.0,25.913470755291385,15.959191526704146,2172.5,False
17.0,17.0,22.760360583772687,13.948882434093823,1712.5,False
16.0,26.0,25.65822299051284,16.578307698764352,1712.5,False
22.0,8.0,23.826491647003742,17.116370206073537,1827.5,False
16.0,13.0,24.652872501803305,16.575103222354585,1770.0,False
14.0,25.0,25.454795726560864,16.510155112483346,1712.5,False
12.0,29.0,24.229841653256013,16.522785286401646,1827.5,False
13.0,15.0,22.24584553611887,15.95015550929821,1770.0,False
28.0,11.0,23.06311468848017,14.491239726073484,1712.5,False
10.0,15.0,25.211622909652974,17.143354986307877,1942.5,False
32.0,16.0,24.211567343607655,14.015629165885578,1655.0,False
13.0,17.0,23.31629704291373,16.80918298556925,1770.0,False
7.0,12.0,24.333206903018755,14.937497141315143,2115.0,False
12.0,13.0,23.074280424572166,16.19528036109255,1827.5,False
6.0,20.0,22.96404119933844,16.720388443711357,2345.0,False
23.0,19.0,25.313572096283657,16.694356102834128,1712.5,False
17.0,20.0,23.60027042507796,14.144570445599598,1655.0,False
14.0,14.0,23.09595578692628,15.943672330831028,1770.0,False
20.0,14.0,23.636705728273764,14.358250594146376,1712.5,False
19.0,14.0,25.682533315845536,13.948417133795889,1655.0,False
29.0,29.0,22.723154761648967,15.554245243096787,1655.0,False
30.0,15.0,22.74091739140179,17.45010820453816,1770.0,False
20.0,19.0,23.41505946490055,17.42665574023621,1770.0,False
24.0,17.0,22.241755139912637,15.793604725742561,1712.5,False
23.0,26.0,22.299684904104886,16.588696655646455,1712.5,False
16.0,14.0,22.043914336296336,14.498711866147545,1712.5,False
21.0,15.0,22.584748331602942,14.39744874157401,1712.5,False
7.0,25.0,24.56154951705511,16.32609257038468,2230.0,False
22.0,10.0,22.785704542471443,16.643998160497496,1770.0,False
30.0,18.0,23.511159857982584,16.467348495238042,1712.5,False
7.0,15.0,24.822341345230885,13.918030212770944,2057.5,False
24.0,32.0,22.1272926470559,14.925090211674883,1597.5,False
28.0,21.0,22.836235659520778,13.676720663737433,1597.5,False
11.0,3.0,25.98355285395592,16.64464905815227,1942.5,False
17.0,25.0,24.387847203012292,14.746985458175828,1655.0,False
28.0,21.0,24.639918600658536,15.218939258907433,1655.0,False
30.0,18.0,24.06419203201935,15.815553377024639,1712.5,False
9.0,12.0,25.86356985035915,13.502210038574725,1885.0,False
14.0,9.0,22.577188081357104,14.916480840456341,1770.0,False
21.0,19.0,22.26949116410315,16.409132444664273,1712.5,False
11.0,15.0,25.264664669849974,14.644261138607709,1770.0,False
13.0,25.0,22.016385478111545,15.781909736855578,1770.0,False
4.0,12.0,24.246247219415338,17.408685483005076,2690.0,False
10.0,19.0,22.005649548548607,13.97262516156582,1885.0,False
18.0,12.0,23.39297858085773,14.572963831546655,1712.5,False
20.0,19.0,24.60354587690876,16.235866065352393,1712.5,False
20.0,6.0,24.189305469221026,15.89351006625917,1770.0,False
23.0,15.0,24.239449208046768,17.412013532630077,1770.0,False
15.0,10.0,22.629384781592407,13.638410629783287,1712.5,False
12.0,19.0,23.178930808394988,17.011976550722256,1827.5,False
4.0,13.0,24.84011645360329,15.454180214217223,2632.5,False
11.0,23.0,22.093188652830275,14.4075960128353,1827.5,False
13.0,8.0,24.38113320558902,15.513457086545522,1827.5,False
10.0,18.0,24.068262447453865,15.148784804728692,1885.0,False
4.0,18.0,23.3758288605685,14.217339066137239,2575.0,False
10.0,4.0,23.339101238528738,14.377582941476456,1885.0,False
20.0,5.0,25.195788871188395,14.652566317923213,1770.0,False
19.0,13.0,23.527987451021385,15.708795388038876,1770.0,False
28.0,19.0,22.319438759505303,13.832397446321115,1655.0,False
23.0,30.0,25.84815775584236,13.855381779486342,1597.5,False
18.0,8.0,22.521477049267673,14.826984620952697,1770.0,False
9.0,21.0,25.18981532027436,16.329163560689622,2000.0,False
18.0,21.0,22.05577333477916,17.413220455431166,1712.5,False
6.0,20.0,23.457593687191494,13.548013118922215,2230.0,False
15.0,17.0,24.060722186598223,17.389362577069466,1770.0,False
15.0,30.0,22.119129936436096,16.24416608810555,1712.5,False
15.0,17.0,24.936346509593825,17.103943386244804,1770.0,False
13.0,25.0,23.042325964811944,15.645353431647564,1770.0,False
20.0,12.0,24.164673820082825,15.351757191979804,1712.5,False
25.0,24.0,25.16931052952721,16.640638754268146,1712.5,False
22.0,33.0,24.364455271791797,15.704443539232201,1655.0,False
19.0,27.0,23.822453098923972,17.089461981116948,1712.5,False
17.0,13.0,23.344449448059617,17.07225287579812,1770.0,False
5.0,25.0,22.180420915687545,15.621821922632863,2345.0,False
21.0,8.0,25.65208401106939,15.795058564886995,1770.0,False
17.0,20.0,24.36772584841992,15.325101488436228,1712.5,False
12.0,14.0,24.52614221271509,16.25762479951108,1827.5,False
13.0,20.0,23.762049910783833,16.229424452221775,1770.0,False
28.0,15.0,23.49084862396892,16.10237280639352,1712.5,False
19.0,3.0,22.18661896319517,13.749399659577046,1770.0,False
16.0,11.0,22.675966513421297,17.354330906675347,1827.5,False
19.0,5.0,23.70219402037916,14.842408992144316,1770.0,False
15.0,15.0,22.966818549590073,14.484866374130855,1712.5,False
16.0,25.0,22.177768064995245,14.344197671648278,1655.0,False
13.0,22.0,24.184056161637002,13.777134416354711,1655.0,False
15.0,23.0,23.856454817620165,15.328157412524229,1712.5,False
20.0,24.0,23.68549202123515,13.666266525706597,1655.0,False
5.0,14.0,25.13691766959076,14.143618052238267,2345.0,False
23.0,17.0,24.39811138162153,13.52110067253602,1655.0,False
13.0,17.0,22.00566059331703,14.198725211345499,1712.5,False
20.0,8.0,25.04763959432434,17.4809819529966,1827.5,False
19.0,18.0,23.93035028155828,15.6658149011525,1712.5,False
20.0,21.0,24.06725589342502,13.7685943692548,1655.0,False
19.0,19.0,25.558291067142505,15.756587003881465,1712.5,False
30.0,22.0,22.436878612598427,15.90316518742932,1655.0,False
17.0,9.0,24.39761538471229,15.690907399617352,1770.0,False
22.0,22.0,23.128638923889994,14.843951960359552,1655.0,False
21.0,11.0,22.14684524380433,16.1289649139622,1770.0,False
12.0,26.0,23.74952647889088,14.070436772594597,1770.0,False
13.0,12.0,23.13445212384206,14.378251766214753,1770.0,False
15.0,16.0,22.005971843313382,17.478882453356267,1770.0,False
12.0,16.0,23.971779966555232,15.162351345955454,1770.0,False
14.0,12.0,23.24449367683001,14.091167390053194,1712.5,False
15.0,14.0,23.73649311940349,14.368101644852462,1712.5,False
19.0,10.0,22.046924581109618,16.39652840656011,1827.5,False
11.0,18.0,23.60712802633689,13.965000732559144,1770.0,False
23.0,27.0,23.881618143731664,14.915917337210512,1655.0,False
15.0,13.0,23.864084588875542,14.813586095092347,1712.5,False
21.0,17.0,24.867704773716646,14.41192453677146,1655.0,False
7.0,25.0,25.965146301943456,15.407351906732575,2172.5,False
16.0,16.0,22.111449406944974,13.94051176049777,1712.5,False
5.0,24.0,23.58410620185108,15.32626857156154,2402.5,False
20.0,16.0,25.426869734279624,13.630481371808656,1655.0,False
14.0,15.0,24.5027870448613,17.381367674873932,1770.0,False
29.0,10.0,25.93440596166662,15.91949527572018,1712.5,False
13.0,9.0,24.85366377484806,13.800280654026754,1770.0,False
18.0,19.0,24.89698929316459,14.262900135554057,1655.0,False
12.0,24.0,22.304338125236395,16.445798385060797,1827.5,False
19.0,9.0,23.10101900100933,16.426686536306907,1827.5,False
16.0,27.0,24.33523883660388,14.959933611832026,1655.0,False
14.0,14.0,24.08957070905321,14.093749042934382,1712.5,False
11.0,15.0,25.05036570567849,15.643709126368947,1827.5,False
8.0,27.0,25.974630769529938,14.605589041676918,2057.5,False
9.0,27.0,22.827217058056878,13.887234280324027,1942.5,False
34.0,17.0,23.713596487982084,14.883994168219177,1655.0,False
15.0,12.0,25.467359901756677,16.504050305774246,1770.0,False
2.0,10.0,25.35259684667516,14.916560239503838,3265.0,False
29.0,12.0,25.26877372864338,13.66312078901376,1655.0,False
4.0,23.0,24.481574476459322,13.981589140549623,2517.5,False
15.0,13.0,25.972773992633872,15.885384200405294,1770.0,False
21.0,21.0,23.431613796988906,15.588611237932657,1712.5,False
27.0,11.0,22.46517937654284,16.199450838092744,1770.0,False
21.0,16.0,22.53023963264723,15.787001228454535,1712.5,False
16.0,14.0,23.742767703615065,15.488915052676608,1770.0,False
31.0,17.0,25.219799939194733,15.400480641792532,1655.0,False
5.0,18.0,23.811384996363373,17.3461508875264,2517.5,False
32.0,33.0,24.445532730829218,16.94916078813092,1655.0,False
25.0,27.0,23.43208644161642,15.031514066104533,1655.0,False
28.0,21.0,24.859324816709677,16.113885156772582,1712.5,False
12.0,10.0,22.612566638384642,13.581731219674285,1770.0,False
9.0,28.0,24.080462473447994,13.583803139726523,1942.5,False
20.0,26.0,22.740518108148645,14.7742887390751,1655.0,False
17.0,26.0,23.874368546818367,16.519068009256532,1712.5,False
17.0,16.0,23.721976097503703,17.20183427426178,1770.0,False
28.0,10.0,24.418248560127118,16.231903472523133,1770.0,False
19.0,22.0,24.038180943944255,16.325557843426115,1712.5,False
13.0,15.0,25.902964514811742,13.628473493752246,1712.5,False
15.0,14.0,25.601246380528348,17.220637331872556,1770.0,False
9.0,15.0,23.176311951731428,13.84717372716252,1885.0,False
11.0,18.0,22.484707223704728,17.28763262908948,1942.5,False
9.0,14.0,22.259007002800352,14.066825193769054,1885.0,False
24.0,20.0,22.791975195183497,13.633538065094914,1655.0,False
21.0,20.0,22.888429637186764,15.754439801313339,1712.5,False
17.0,17.0,25.55472547662382,13.954593308158593,1655.0,False
14.0,6.0,25.69936351937798,13.61526058484491,1770.0,False
20.0,28.0,22.92188117068098,16.171309702531673,1655.0,False
24.0,15.0,25.034924402608425,16.45303053505348,1712.5,False
26.0,16.0,25.3430558342827,14.671766923727029,1655.0,False
17.0,16.0,23.510042327453313,15.634032893699667,1712.5,False
24.0,14.0,25.48637642952456,15.844180663040035,1712.5,False
17.0,20.0,25.954609100019955,14.143389881405083,1655.0,False
16.0,4.0,25.871180739536154,15.260253085992833,1827.5,False
25.0,26.0,24.96762731506857,16.047875732093686,1655.0,False
15.0,8.0,23.486651083943734,17.042769795481142,1885.0,False
15.0,35.0,22.908021948709248,15.175447845476373,1655.0,False
13.0,19.0,25.97148027333622,16.297333889067392,1770.0,False
17.0,7.0,23.104698111848688,15.506722969823779,1827.5,False
17.0,18.0,23.753530786996595,16.328340678330534,1712.5,False
20.0,14.0,23.056498146542484,16.655940618434826,1770.0,False
15.0,29.0,23.984475438034387,15.62220587447333,1655.0,False
11.0,22.0,22.441524218661478,13.74441188072118,1770.0,False
25.0,17.0,25.23622617555573,17.001616153779853,1712.5,False
14.0,15.0,24.020428483711076,15.903975088147861,1770.0,False
28.0,33.0,23.67800937527285,15.902571353353103,1655.0,False
11.0,20.0,23.4525784002152,15.537859987730034,1827.5,False
18.0,17.0,24.319137256780493,14.195884748176955,1655.0,False
17.0,15.0,25.11955224114464,15.444697360000404,1712.5,False
24.0,13.0,25.610243861597432,15.647293996931596,1712.5,False
9.0,21.0,25.366073341762522,15.035061837491531,1942.5,False
27.0,18.0,23.78205265887777,14.096411876662906,1655.0,False
17.0,25.0,25.335968252582923,16.54894763949359,1712.5,False
18.0,18.0,24.114461575700997,15.326357894762152,1712.5,False
17.0,18.0,24.55271263258517,16.30264759878897,1712.5,False
5.0,16.0,24.698241613771682,13.687920026555641,2345.0,False
17.0,22.0,23.59872733619463,15.51751314203365,1712.5,False
12.0,15.0,23.944212500966458,13.7951176519635,1712.5,False
14.0,25.0,24.7703559837993,16.434153024760146,1712.5,False
20.0,13.0,23.231712979761497,15.823844578083275,1770.0,False
17.0,21.0,24.98765316685417,15.305564425843716,1712.5,False
8.0,26.0,23.41641257296046,17.391369109289,2172.5,False
7.0,22.0,24.341957925141102,14.804066382834064,2172.5,False
10.0,14.0,25.35049087162133,15.191558529290472,1885.0,False
11.0,21.0,22.092819678389812,16.450120227176278,1885.0,False
19.0,11.0,22.961360180736293,15.600205194222534,1770.0,False
10.0,6.0,24.24467069284066,16.13408451979485,1942.5,False
26.0,23.0,22.42440976058627,17.40511960510183,1712.5,False
11.0,24.0,22.822406937567866,16.282707410253376,1885.0,False
8.0,4.0,24.996357853933983,14.102834836607414,2000.0,False
26.0,29.0,22.103292179929102,14.337388686554402,1597.5,False
13.0,16.0,24.44014703871099,16.979425656411,1770.0,False
15.0,27.0,22.13662821781155,13.691896338848396,1597.5,False
30.0,23.0,22.463694787896948,15.536706303549376,1655.0,False
29.0,27.0,23.561363157337162,17.123822168461924,1712.5,False
21.0,24.0,25.859074764115725,16.60491122209029,1712.5,False
7.0,31.0,24.183390198985716,13.962668370714297,2172.5,False
18.0,19.0,23.24889668986712,16.461860081019438,1712.5,False
32.0,11.0,23.645305424868152,15.028273788230255,1712.5,False
29.0,15.0,24.275088822828632,17.105139223084254,1770.0,False
8.0,22.0,24.477666079605243,15.79118236723141,2057.5,False
15.0,10.0,23.071613152355404,15.695091114818565,1827.5,False
13.0,28.0,22.7891777518271,13.534845546262723,1712.5,False
9.0,11.0,23.981237293444856,14.498624602911782,1885.0,False
21.0,26.0,24.579405000921746,15.151017123942495,1655.0,False
12.0,16.0,25.266319974455307,16.39567267735556,1827.5,False
14.0,25.0,24.37118126410721,15.580198691563796,1712.5,False
8.0,30.0,24.769736337240005,16.91015574940027,2172.5,False
17.0,15.0,23.935917044457867,13.637401025838107,1655.0,False
10.0,21.0,24.26687703117063,14.79155674750635,1885.0,False
15.0,11.0,24.541790262984986,15.890358369534455,1770.0,False
9.0,23.0,22.94532497638632,16.135023987631747,2000.0,False
29.0,24.0,25.736296625319802,15.509636962082586,1655.0,False
9.0,13.0,23.381355559045616,15.09541020664031,1942.5,False
17.0,4.0,24.41875254125344,13.78622371474744,1770.0,False
11.0,15.0,24.243816835017473,16.28496971729313,1827.5,False
7.0,10.0,25.41338189973837,17.114904993296104,2172.5,False
11.0,24.0,22.454417500281313,16.73535215076292,1885.0,False
6.0,12.0,25.53692406738735,16.304919985561988,2287.5,False
9.0,29.0,22.548060202938373,16.03664356673685,2057.5,False
16.0,31.0,22.57812150872355,16.588162889993512,1712.5,False
20.0,27.0,25.449019331828524,16.606926679021825,1712.5,False
7.0,18.0,23.02840762558068,13.52776174796203,2115.0,False
16.0,12.0,24.447145884228235,14.931393722130487,1770.0,False
18.0,24.0,23.854442951825387,16.97221451489893,1712.5,False
12.0,21.0,25.737065010165086,16.903134263529843,1827.5,False
14.0,31.0,25.128335952296304,16.33982169882353,1770.0,False
7.0,14.0,23.339975111149133,14.736281832596164,2115.0,False
11.0,6.0,25.253762986305023,16.691649692756773,1885.0,False
16.0,34.0,22.90315395614068,14.42621895295417,1597.5,False
32.0,25.0,24.462285407038056,14.39639621021861,1597.5,False
33.0,11.0,25.00633508689843,15.642934310214674,1712.5,False
31.0,21.0,24.81263390685214,15.78536392084806,1655.0,False
15.0,2.0,24.62672801225429,14.90531275242141,1827.5,False
7.0,18.0,25.319875322723824,15.915100812547845,2172.5,False
13.0,14.0,24.224833770624983,16.336448858072995,1770.0,False
12.0,14.0,25.713391624038888,14.220871411801587,1770.0,False
4.0,12.0,22.57923908656775,14.654460855832623,2575.0,False
8.0,12.0,23.422834373550888,16.299352471845058,2057.5,False
16.0,16.0,25.131968047129696,17.20900469457468,1770.0,False
14.0,12.0,23.232222831346114,17.037768319776642,1827.5,False
10.0,16.0,23.771796429124535,14.018588637614442,1827.5,False
21.0,18.0,25.09151823090917,15.778901417354462,1712.5,False
14.0,21.0,24.15427941114853,16.700702141551343,1712.5,False
25.0,20.0,22.750470344823437,14.449306210490173,1655.0,False
12.0,12.0,22.699354135829243,16.07276274079205,1827.5,False
17.0,5.0,23.2049291752622,15.21055187481506,1827.5,False
10.0,24.0,23.21205028231766,16.150925442513447,1942.5,False
16.0,26.0,22.546698184324537,13.62842510821076,1655.0,False
10.0,31.0,25.33864264884595,14.75181195019421,1885.0,False
10.0,30.0,23.130506511472202,14.72931038874609,1942.5,False
19.0,19.0,25.208986010376236,15.174692751777842,1712.5,False
12.0,27.0,25.893800728397807,13.958151975569898,1770.0,False
10.0,16.0,23.327845624822505,15.246475798689058,1885.0,False
28.0,23.0,25.880923975194392,15.665992995071653,1655.0,False
6.0,29.0,22.76480319613882,13.606635559922202,2287.5,False
18.0,23.0,24.58981323076274,14.703660331344082,1655.0,False
17.0,15.0,25.964720596611453,14.209164784107067,1712.5,False
12.0,14.0,25.233487658148093,17.38865066905125,1827.5,False
16.0,13.0,22.918803147010657,14.020864858522188,1712.5,False
7.0,14.0,23.0293306083244,16.00966176628174,2172.5,False
21.0,24.0,23.049722426683825,15.107412115267211,1655.0,False
11.0,21.0,25.771970550319896,14.649325078453266,1827.5,False
11.0,12.0,22.981646278511676,16.916302566469096,1885.0,False
13.0,21.0,24.038461256400552,16.156348718572062,1770.0,False
27.0,14.0,23.399557180253737,15.98120789347238,1712.5,False
23.0,18.0,23.445077601018067,13.874630332078132,1655.0,False
29.0,14.0,23.63287149918301,14.535877202000568,1655.0,False
20.0,17.0,23.380179776829426,14.605968958998181,1712.5,False
20.0,21.0,24.399710235615252,15.237519005959989,1655.0,False
16.0,21.0,23.701886372306966,17.1858724562024,1712.5,False
27.0,22.0,23.764046264014382,15.114610789003812,1655.0,False
17.0,15.0,24.02397591527859,14.812084046666993,1712.5,False
14.0,20.0,23.424714095373822,13.783747437776046,1655.0,False
19.0,12.0,25.018238329944985,15.039831533870782,1712.5,False
17.0,16.0,24.01392941853389,13.709430270545397,1655.0,False
9.0,18.0,24.036844527823593,14.96081783910438,1942.5,False
15.0,20.0,22.839380572925595,17.371137572487832,1770.0,False
13.0,27.0,22.12334702924963,15.72424301322474,1770.0,False
25.0,13.0,25.237100464340436,14.335482082656501,1655.0,False
14.0,25.0,25.421927388822656,14.69687928179334,1655.0,False
24.0,13.0,22.96498718661863,15.784399925778803,1712.5,False
16.0,18.0,23.440129205997067,13.577141779693582,1655.0,False
22.0,24.0,23.43207166753137,17.098284678641008,1712.5,False
9.0,21.0,24.736849340929123,15.812552443928702,2000.0,False
28.0,25.0,22.748943682213014,15.46913583614831,1655.0,False
16.0,24.0,25.914853529426107,16.364935370026213,1712.5,False
12.0,12.0,22.24744590091316,14.30104443109693,1770.0,False
12.0,33.0,25.895069975942175,13.586573690036127,1770.0,False
12.0,28.0,22.27512835170504,15.960887264979531,1827.5,False
14.0,15.0,23.270056104484933,14.140009641596953,1712.5,False
21.0,6.0,23.002773001729203,13.54895983477016,1712.5,False
29.0,13.0,23.03853712168707,17.215666904344232,1770.0,False
20.0,24.0,25.978677946507506,16.653675171554642,1712.5,False
17.0,29.0,23.833407007235852,13.956804361133736,1597.5,False
16.0,24.0,22.478042259452778,17.085403466001697,1712.5,False
24.0,15.0,25.929119859863476,13.770295670926728,1655.0,False
25.0,6.0,22.97066229327507,16.711959088096144,1827.5,False
13.0,17.0,22.290188167568907,15.157886294938413,1712.5,False
29.0,14.0,22.096722518230738,15.572724208519645,1712.5,False
15.0,9.0,23.85292304729564,16.173314498532125,1827.5,False
23.0,8.0,25.673329472797064,13.895046255521873,1655.0,False
30.0,10.0,22.0678418970716,17.13102587025986,1827.5,False
21.0,11.0,24.9007057241161,14.074563498964695,1655.0,False
10.0,22.0,23.041687327002403,17.266336874315204,2000.0,False
18.0,14.0,22.876241862073,13.865931376823726,1712.5,False
9.0,15.0,24.815159141478947,14.188033477470624,1885.0,False
23.0,18.0,24.99149305805388,13.730222807069627,1655.0,False
13.0,30.0,24.236061020792693,15.09113974307179,1770.0,False
21.0,22.0,22.809021740001107,15.8634645170828,1712.5,False
27.0,19.0,22.02523256520068,16.000298728990536,1712.5,False
10.0,22.0,24.94911117191412,16.81407582393005,1942.5,False
15.0,21.0,24.39845797756967,15.613519335247725,1712.5,False
20.0,20.0,23.690184936551347,15.54044649551296,1712.5,False
15.0,16.0,22.854327807172105,14.80458367748119,1712.5,False
10.0,18.0,25.047737577753693,16.10442204753423,1942.5,False
5.0,16.0,22.283581078832565,17.13411568646405,2517.5,False
15.0,15.0,24.570809620847108,14.921201188668755,1712.5,False
20.0,12.0,24.75359366891804,14.925418836617263,1712.5,False
18.0,14.0,22.893029159525657,14.873298244742184,1712.5,False
10.0,15.0,23.93329965307182,14.409653059653042,1827.5,False
16.0,18.0,24.08079747759802,15.766842305953936,1712.5,False
14.0,17.0,24.365127694362318,13.922300465530713,1712.5,False
12.0,8.0,25.604751870847394,16.83918848426483,1885.0,False
21.0,14.0,24.185660400041115,14.05101108673351,1655.0,False
13.0,14.0,22.26927383621642,14.195719554518647,1712.5,False
17.0,21.0,23.379887620673063,13.774296955090916,1655.0,False
28.0,14.0,24.513307387415985,15.02538868552406,1655.0,False
17.0,3.0,23.332562949715047,16.530581207449114,1885.0,False
19.0,7.0,25.071760912465802,17.140376532694237,1827.5,False
7.0,17.0,22.759621624377097,15.237123124280963,2172.5,False
10.0,10.0,22.572020457681358,14.440546131120687,1827.5,False
8.0,16.0,22.92413067890395,16.40261857380502,2115.0,False
22.0,18.0,25.50434002119147,16.252575385803194,1712.5,False
24.0,28.0,24.723738804220233,16.226578994996814,1655.0,False
10.0,20.0,24.08019460607492,15.273693432863876,1885.0,False
11.0,5.0,23.20134914218636,15.761193046035446,1885.0,False
13.0,14.0,25.67436335977416,13.747867571257498,1712.5,False
18.0,23.0,25.55510561328977,14.500050690270388,1655.0,False
19.0,12.0,23.597601818669744,17.20778044982802,1827.5,False
20.0,28.0,25.010895350683022,13.667118861904322,1597.5,False
27.0,17.0,25.654255663173604,14.706399954765565,1655.0,False
13.0,8.0,23.253413642284492,14.406577247183865,1770.0,False
20.0,12.0,23.31487337450879,14.020955709819093,1712.5,False
18.0,27.0,24.18322517101886,17.19740714820678,1712.5,False
13.0,33.0,23.633466355500406,14.003584227107826,1712.5,False
27.0,25.0,25.04591830281047,15.457485338969098,1655.0,False
8.0,13.0,24.147721067345675,16.858037947252626,2115.0,False
21.0,22.0,22.84742183448141,13.51548804253867,1655.0,False
21.0,11.0,23.42554906872287,13.934110713862381,1712.5,False
27.0,15.0,24.684956209692693,14.867576806510922,1655.0,False
17.0,21.0,22.213736975282146,14.09006001463916,1655.0,False
13.0,30.0,23.36866870057851,14.23063839764699,1712.5,False
24.0,15.0,22.064384446374728,15.864623253241339,1712.5,False
23.0,16.0,25.283467825284347,14.182524835832048,1655.0,False
17.0,11.0,22.468759726991777,16.055388925800404,1770.0,False
22.0,15.0,22.3088188834055,17.16207405901704,1770.0,False
12.0,6.0,25.146372066665105,14.417714783905168,1827.5,False
18.0,25.0,22.35802745043557,14.349140019356591,1655.0,False
25.0,4.0,24.737050170963794,13.545574364426695,1655.0,False
13.0,20.0,23.51945430303737,13.558665573212906,1655.0,False
16.0,12.0,25.286797835675763,15.086506243831014,1770.0,False
29.0,16.0,22.731405017945356,15.456168319853212,1712.5,False
23.0,13.0,22.337668294230163,14.231243154404307,1712.5,False
26.0,15.0,22.913629808976467,14.791951875835823,1712.5,False
15.0,17.0,25.728540139241247,14.061239805069246,1712.5,False
33.0,19.0,25.316483892657267,16.224988591657482,1712.5,False
10.0,29.0,23.143149229734288,15.071757010524905,1942.5,False
17.0,14.0,22.824456564765306,16.43733644481924,1770.0,False
16.0,18.0,22.627367551511156,15.701252237933783,1712.5,False
23.0,27.0,22.884813624116244,15.009196564313104,1655.0,False
27.0,13.0,22.820175773693197,16.00546672911438,1712.5,False
21.0,25.0,25.552751473972435,13.528676411442511,1597.5,False
19.0,30.0,22.079943633456665,16.261457807417198,1655.0,False
15.0,25.0,25.520490038441995,14.984193865000572,1655.0,False
17.0,18.0,22.16569883334822,15.554305285658621,1712.5,False
17.0,21.0,25.307339322053906,15.593639122213283,1712.5,False
4.0,16.0,23.702988945766347,15.733649459267808,2632.5,False
17.0,18.0,22.308822218469896,16.309546053530788,1712.5,False
25.0,31.0,25.196020828769853,13.94258451546356,1597.5,False
21.0,12.0,23.02575883439424,15.455911040372435,1770.0,False
23.0,23.0,25.512112210483597,13.832612031851717,1597.5,False
15.0,17.0,25.00903061683058,14.436613096616686,1712.5,False
17.0,10.0,25.927081891869186,14.257058051585675,1712.5,False
5.0,19.0,25.32749156252361,15.894837369701023,2460.0,False
15.0,23.0,22.963845613787747,15.92438994670448,1712.5,False
16.0,18.0,23.63686080144109,16.823597705741495,1770.0,False
12.0,24.0,24.786521206005546,15.587348696523513,1770.0,False
5.0,14.0,23.264259825098044,16.47871406303609,2460.0,False
20.0,27.0,24.186014474594586,17.05631192184341,1712.5,False
15.0,20.0,22.950588475286185,14.034145647391991,1655.0,False
15.0,23.0,24.65180344434651,16.38387735986122,1712.5,False
12.0,12.0,23.368535925089677,14.811744389121635,1770.0,False
17.0,16.0,22.220712153348313,14.612255002241683,1712.5,False
15.0,27.0,25.87109624938566,17.351930552513227,1712.5,False
16.0,6.0,25.375614275526964,14.325827052969732,1770.0,False
18.0,15.0,23.214867090435266,17.15821216426358,1770.0,False
3.0,23.0,22.518499200760175,16.794865897954235,2460.0,False
27.0,22.0,24.940904693061256,17.01452981549227,1712.5,False
7.0,25.0,22.8826911271095,15.843933894761731,2230.0,False
16.0,22.0,24.42181629492971,15.838823221839977,1712.5,False
11.0,29.0,25.116316513371903,15.110328333842014,1827.5,False
17.0,17.0,23.089695453533004,15.1036775571106,1712.5,False
13.0,19.0,23.138546540500357,16.90266879477357,1770.0,False
25.0,25.0,22.24645065866089,15.051020644050997,1655.0,False
15.0,21.0,23.27939263013115,15.446787511910816,1712.5,False
19.0,8.0,24.389804273859312,17.485571419543092,1827.5,False
12.0,14.0,22.623187304293772,14.917255430354011,1770.0,False
4.0,18.0,25.812331177188646,16.790366733942726,2690.0,False
15.0,22.0,24.88966293341542,14.608790907543394,1655.0,False
17.0,17.0,22.815603549078144,13.600294518776817,1655.0,False
16.0,23.0,24.12246668982598,15.873711452708463,1712.5,False
30.0,24.0,23.565763536330323,15.417383911326523,1655.0,False
21.0,12.0,23.529412628354706,16.646690478577828,1770.0,False
33.0,19.0,24.23995279874487,13.516610280173742,1597.5,False
13.0,18.0,22.432602635953135,13.782241551633627,1712.5,False
23.0,11.0,22.86125450340561,16.93871565944251,1770.0,False
18.0,16.0,22.598721218665794,15.423323950407982,1712.5,False
19.0,17.0,22.69591677742805,15.525493738718094,1712.5,False
32.0,24.0,24.620869792182145,14.400427785792708,1597.5,False
20.0,16.0,25.9846595510317,17.20368442574188,1770.0,False
27.0,7.0,24.604424461167387,17.157682368667505,1770.0,False
21.0,16.0,25.938894088225588,15.56677526052139,1712.5,False
9.0,25.0,24.308029422359176,14.371294186289854,1942.5,False
21.0,18.0,23.13323447836043,17.43116576871734,1770.0,False
16.0,13.0,25.489219321748408,17.069825642206233,1770.0,False
28.0,28.0,22.26876438072309,15.585644035673901,1655.0,False
24.0,10.0,22.409711753655834,16.00559416347418,1770.0,False
8.0,13.0,25.7904976355074,15.258671217831484,2000.0,False
9.0,15.0,24.60074079741503,14.32423110095017,1942.5,False
7.0,22.0,25.715848095603743,16.225803368577782,2172.5,False
16.0,24.0,22.53154608044449,16.176536556566788,1712.5,False
7.0,6.0,25.07304381423064,15.689304374454455,2115.0,False
21.0,23.0,22.93924180234669,16.757783875437774,1712.5,False
18.0,21.0,23.37341673720142,15.307346387159527,1712.5,False
24.0,27.0,25.595965505738548,16.94366689905762,1655.0,False
13.0,27.0,23.645021397106284,14.36807341020721,1712.5,False
17.0,23.0,24.68214638778702,17.347221799292836,1712.5,False
8.0,11.0,25.549104216967383,14.320321060872686,2000.0,False
26.0,13.0,25.483495713487255,14.140476482099594,1655.0,False
10.0,28.0,22.035629015293264,15.913590028009615,1942.5,False
8.0,18.0,22.63286110270275,13.87231972209172,2000.0,False
11.0,17.0,25.67448655654266,14.171724809941015,1770.0,False
24.0,27.0,24.249663473289043,16.416137934232285,1655.0,False
8.0,26.0,23.9207999555186,14.732606118941638,2057.5,False
19.0,21.0,22.26103143308139,16.700485215425857,1712.5,False
22.0,26.0,22.100208963749804,14.122211352777065,1655.0,False
22.0,8.0,25.813658948070806,15.041205790148267,1712.5,False
11.0,22.0,23.89540433001977,15.045151790760809,1827.5,False
6.0,30.0,25.145669262018423,15.421586659036318,2287.5,False
16.0,6.0,22.8800055733979,15.141568814131784,1827.5,False
11.0,11.0,22.94828780996882,15.047142881641184,1827.5,False
21.0,23.0,24.241021281576828,14.813750312192596,1655.0,False
14.0,17.0,25.504103344193666,13.560602548611083,1655.0,False
16.0,7.0,23.154319742418384,15.966361547059659,1827.5,False
8.0,12.0,23.315199935023287,15.39396546790356,2057.5,False
18.0,13.0,24.202513224878686,14.993130595546916,1712.5,False
10.0,13.0,22.160022287070916,14.345659135161382,1827.5,False
20.0,26.0,23.51504859298109,17.06556033484203,1712.5,False
7.0,20.0,24.225131558566783,14.451575297539087,2115.0,False
31.0,22.0,22.019307209025374,17.18369797882531,1712.5,False
20.0,4.0,24.55201406866384,14.369055930298476,1770.0,False
10.0,15.0,22.20384391261897,17.385704031370192,2000.0,False
4.0,13.0,24.87983567892688,15.179396566831437,2632.5,False
14.0,25.0,25.206713843681307,15.630869603210133,1712.5,False
10.0,29.0,25.355179031229284,14.69524205651939,1885.0,False
11.0,15.0,24.693552427298183,17.256723576857095,1885.0,False
26.0,31.0,24.246282418311868,14.630283391381937,1597.5,False
19.0,4.0,23.230245976844767,16.420847265175002,1885.0,False
10.0,13.0,23.698454874266563,13.581963337280015,1827.5,False
18.0,23.0,22.348224228120795,15.734874967953825,1712.5,False
12.0,14.0,24.82840622958907,16.466302314789473,1827.5,False
31.0,28.0,22.098737472137916,15.383493048659298,1655.0,False
5.0,11.0,23.653748338149654,16.07326846136124,2460.0,False
22.0,23.0,24.02484280669358,16.57222753739992,1712.5,False
23.0,11.0,24.600358072013865,15.500952001091132,1712.5,False
7.0,11.0,23.372795565625907,14.372367942010833,2115.0,False
10.0,16.0,23.771151331556567,15.08708804926128,1885.0,False
15.0,29.0,24.349504047765603,16.423116031357612,1712.5,False
26.0,18.0,25.69269916333921,14.584367751792765,1655.0,False
17.0,19.0,24.687888524683327,16.02813850080098,1712.5,False
20.0,3.0,23.01773761028124,14.093167945666313,1770.0,False
23.0,6.0,25.389054482397373,17.221172932758375,1827.5,False
24.0,7.0,22.220257887209538,15.911932500761614,1770.0,False
16.0,24.0,23.089196247938677,15.37308236242819,1655.0,False
17.0,12.0,22.432607136075053,16.746092145507394,1827.5,False
21.0,14.0,23.788154561721036,16.688684208785645,1770.0,False
12.0,19.0,24.54770876301412,13.889292159003832,1712.5,False
25.0,18.0,24.12398128509148,14.728253884112865,1655.0,False
4.0,15.0,25.245048808551978,15.334309087440175,2632.5,False
11.0,2.0,24.269952657348295,14.86215983452024,1885.0,False
23.0,16.0,22.930667785027985,14.769202882138476,1712.5,False
14.0,22.0,24.145687444673708,14.908761189885315,1712.5,False
9.0,12.0,24.941958086130786,14.068197317724362,1885.0,False
10.0,21.0,24.01181345703536,13.977669346019434,1827.5,False
17.0,4.0,23.76787819353356,14.541243195118124,1770.0,False
25.0,27.0,24.116389413599702,13.78032691961906,1597.5,False
7.0,29.0,24.19223268943814,15.540879972675596,2230.0,False
5.0,2.0,23.242228523438527,14.112545070226025,2345.0,False
16.0,16.0,25.416905404233297,13.770268659883174,1655.0,False
30.0,15.0,22.83073205910764,16.84858316023834,1770.0,False
13.0,25.0,22.131328486833148,15.850038024947821,1770.0,False
30.0,17.0,24.965968863429865,17.09344010929716,1712.5,False
26.0,19.0,25.369255083995753,17.433571077037737,1712.5,False
13.0,11.0,24.570945091879832,15.874125455724084,1827.5,False
24.0,7.0,23.875780571650267,16.68390928791976,1827.5,False
20.0,21.0,25.90082178497494,14.138167919315713,1655.0,False
17.0,19.0,23.4830409481748,16.293474802976853,1712.5,False
15.0,24.0,23.623591413178126,15.698216807565226,1712.5,False
24.0,25.0,24.36445098904532,16.205571480436696,1655.0,False
23.0,19.0,23.721707533611387,13.918896789596564,1655.0,False
22.0,17.0,24.221193506753483,17.243260468070815,1770.0,False
34.0,27.0,25.86625485013349,15.169949396719856,1597.5,False
16.0,23.0,22.949994769004135,16.603197148597545,1712.5,False
24.0,26.0,22.594251703177758,17.46244804997672,1712.5,False
25.0,33.0,23.694204933578607,16.993247983564697,1655.0,False
11.0,15.0,24.01599425281472,14.746821935772893,1770.0,False
5.0,21.0,24.85278633749956,15.10790483716338,2460.0,False
15.0,20.0,25.820692722523496,16.094616450050573,1712.5,False
25.0,10.0,24.754681348278268,15.652092637562882,1712.5,False
13.0,19.0,25.948700622457277,15.141201837932206,1712.5,False
21.0,15.0,22.985354773374503,16.113478814863626,1770.0,False
3.0,16.0,22.83556035472266,17.138113477363564,2690.0,False
14.0,10.0,23.226139003595097,14.737983658665717,1770.0,False
19.0,22.0,25.1484956904299,14.013353350991084,1655.0,False
9.0,21.0,22.74605888993588,16.20299825664852,2000.0,False
27.0,17.0,22.784760198673734,15.858379998134701,1712.5,False
10.0,10.0,23.646943042457842,17.1223521216612,1942.5,False
27.0,18.0,23.2701771495853,16.470636944793444,1712.5,False
11.0,8.0,24.585912356575243,15.088411036607445,1827.5,False
33.0,14.0,25.560668131378034,16.033317402024306,1712.5,False
19.0,14.0,22.5546422873676,16.949468157153568,1770.0,False
7.0,26.0,24.187019707797745,14.889892636667827,2172.5,False
7.0,15.0,22.353602870852455,13.55530619426215,2057.5,False
7.0,18.0,22.88597364025118,16.005361961495588,2172.5,False
18.0,26.0,23.23640618558145,13.60370154521548,1597.5,False
24.0,15.0,24.316411782986922,17.249919606535087,1770.0,False
15.0,26.0,24.219515969012296,14.172795398559563,1655.0,False
16.0,9.0,24.572265006719142,14.997054299916426,1770.0,False
18.0,14.0,25.27562566891095,17.285136476525405,1770.0,False
17.0,8.0,22.748919512509723,13.819722379131928,1712.5,False
20.0,18.0,24.97352990984322,13.517370135469449,1655.0,False
16.0,30.0,24.668083819777575,13.914546227722187,1597.5,False
21.0,20.0,22.318844139701195,17.444153870709123,1770.0,False
34.0,19.0,23.378781280210685,17.38691505991725,1712.5,False
14.0,13.0,22.110797395526696,15.038396425817737,1770.0,False
3.0,28.0,22.360737526964467,16.471542509214395,2345.0,False
9.0,16.0,23.135147200226644,16.443733789300754,2000.0,False
18.0,12.0,22.972464657737408,13.899264825020946,1712.5,False
14.0,32.0,25.60069507775517,14.440479696963095,1655.0,False
29.0,15.0,25.575154251499214,17.055929364146508,1712.5,False
19.0,14.0,24.31147007030674,14.16278723866599,1712.5,False
17.0,5.0,24.94014223634442,15.583421427390887,1827.5,False
23.0,10.0,25.998405252531008,14.47660975846225,1712.5,False
12.0,24.0,23.640770791190114,15.73045822671865,1827.5,False
24.0,16.0,24.089701704251624,14.286122796525799,1655.0,False
2.0,29.0,24.604599756180626,14.36299299646227,2575.0,False
19.0,7.0,25.682232849674726,13.687196229230793,1712.5,False
28.0,19.0,25.188066202896525,17.460685551233308,1712.5,False
23.0,21.0,22.257687110106957,13.952380919147375,1655.0,False
25.0,19.0,24.851801136481196,15.162475268323613,1655.0,False
15.0,17.0,23.007742121023362,15.17023192625593,1712.5,False
24.0,18.0,23.019606786166197,14.714504963737518,1655.0,False
18.0,20.0,24.188952980209983,16.67596116098129,1712.5,False
19.0,25.0,24.78520340492231,14.850767646374194,1655.0,False
6.0,14.0,22.636911290033588,16.00180114301275,2287.5,False
11.0,16.0,23.25804592385575,15.67200152553522,1827.5,False
18.0,19.0,24.864484017000226,16.95611553180713,1712.5,False
6.0,13.0,22.608007972839754,16.777930523581585,2345.0,False
22.0,10.0,25.398833905398703,14.371789271767131,1712.5,False
25.0,30.0,23.824171176649706,16.5004471787389,1655.0,False
28.0,11.0,24.343961000834057,16.67027383237859,1770.0,False
8.0,12.0,22.321593593501976,17.17674265478152,2115.0,False
29.0,19.0,25.818004977205256,17.352870412074612,1712.5,False
7.0,7.0,25.63012901988529,16.447876004707418,2172.5,False
16.0,5.0,22.760314864480254,15.299724687590846,1827.5,False
25.0,7.0,24.652409106115588,14.671882676117448,1712.5,False
7.0,9.0,25.17246887492929,16.95865171730039,2172.5,False
4.0,15.0,22.487869607344116,17.162217955026744,2690.0,False
4.0,24.0,24.309814237637056,13.890244729766984,2460.0,False
17.0,14.0,25.401815720553593,15.717290877360469,1770.0,False
24.0,15.0,24.02685638976286,14.016777112241456,1655.0,False
9.0,19.0,25.695141359699242,14.506318861856228,1942.5,False
9.0,13.0,22.19120758768245,15.032784527271104,1942.5,False
18.0,15.0,25.676842731894695,14.744656861337388,1712.5,False
12.0,15.0,25.908872190910486,16.363995748262802,1827.5,False
21.0,14.0,22.623768403892466,13.815864952653492,1655.0,False
29.0,15.0,23.72380078643636,15.955094166390284,1712.5,False
22.0,3.0,24.483059690645334,15.825658115923588,1827.5,False
26.0,26.0,25.572953153155005,16.648779933194298,1655.0,False
17.0,31.0,22.63810469155895,13.886713976621085,1597.5,False
24.0,25.0,23.336111832283233,14.830418500813373,1655.0,False
10.0,3.0,25.191719246804077,16.288413695446472,1942.5,False
7.0,22.0,23.640018250847664,16.346748428263062,2230.0,False
20.0,18.0,24.419773899097763,15.29850317565839,1712.5,False
6.0,8.0,24.240022092866646,15.347077733243186,2230.0,False
26.0,28.0,25.892686782706384,17.35983723845001,1712.5,False
21.0,23.0,22.56612489566727,14.804911948173164,1655.0,False
29.0,9.0,25.79376224835046,14.100458787645461,1655.0,False
13.0,30.0,24.25660286275152,17.311368259965377,1827.5,False
16.0,9.0,25.616609032221305,16.738432573044655,1827.5,False
22.0,16.0,22.471768547396156,14.44825171389495,1655.0,False
12.0,10.0,24.56601205551955,16.929027731584565,1827.5,False
17.0,9.0,25.360440145378174,14.509205663103451,1712.5,False
20.0,30.0,25.147526005654402,16.80978990018134,1655.0,False
31.0,18.0,22.039753290136982,16.014250903848517,1712.5,False
22.0,12.0,23.808821864848802,15.430320881785246,1712.5,False
8.0,23.0,22.461386897474206,17.21229162807836,2172.5,False
16.0,26.0,22.611300431110948,16.73747172059865,1712.5,False
18.0,28.0,24.825150839923403,14.019700299690275,1597.5,False
9.0,28.0,25.82631811812516,16.322275828427472,2057.5,False
15.0,27.0,24.536389764732807,16.658007808827065,1712.5,False
13.0,19.0,22.409508243218237,15.664510496831157,1770.0,False
9.0,14.0,22.97598636742063,14.604273513016462,1942.5,False
17.0,28.0,23.51549758969566,14.437891898812842,1655.0,False
10.0,9.0,22.501430204704977,17.396583882693577,1942.5,False
18.0,10.0,25.391872409500248,15.24717385951688,1770.0,False
10.0,15.0,22.778020732883093,15.575300030867004,1885.0,False
21.0,13.0,22.51820430893498,15.892662928822137,1770.0,False
11.0,19.0,24.90273868861326,13.90252561303014,1770.0,False
27.0,27.0,22.507329405062286,13.825181582342916,1597.5,False
5.0,16.0,23.641277788594053,14.292547631869866,2402.5,False
17.0,18.0,24.06203321900468,13.761316267450592,1655.0,False
13.0,15.0,22.320917174779588,17.093889150281345,1770.0,False
11.0,21.0,24.223152816274116,14.092097083062326,1770.0,False
16.0,8.0,23.920656010199913,14.406276687664361,1770.0,False
25.0,6.0,24.67366511490782,15.64924143788361,1770.0,False
27.0,19.0,22.87658371989467,17.0848169036193,1712.5,False
13.0,17.0,23.426516576253256,13.696124866934452,1712.5,False
10.0,15.0,24.638621356239913,14.363897830543308,1827.5,False
21.0,14.0,22.142386488964256,16.36940166179513,1770.0,False
18.0,6.0,22.46317977117472,15.57671924764534,1827.5,False
11.0,20.0,23.134207325260334,15.87807342645967,1885.0,False
22.0,15.0,22.42542549562875,13.567815219888821,1655.0,False
17.0,16.0,22.158049876021234,16.967220931804526,1770.0,False
20.0,26.0,25.949529690590737,15.814962915295876,1655.0,False
14.0,22.0,23.823039928728857,16.83747135289716,1770.0,False
15.0,11.0,24.13473602039849,17.354979508235118,1827.5,False
10.0,20.0,23.019619585528204,16.42864597709844,1942.5,False
22.0,9.0,22.030748967681916,13.624041951046603,1712.5,False
10.0,11.0,25.002896741632732,16.346117863207436,1885.0,False
23.0,21.0,24.89501192891312,15.753882697424087,1655.0,False
23.0,9.0,25.890162971557587,13.914158374816394,1655.0,False
22.0,13.0,22.084408329619244,14.581708251864375,1712.5,False
4.0,27.0,22.548082937562597,14.175363832940715,2345.0,False
12.0,22.0,24.848564195057115,17.199365553502584,1827.5,False
16.0,28.0,23.32029454937022,16.681133303229018,1655.0,False
18.0,26.0,22.255092526041764,16.30341560229028,1655.0,False
28.0,13.0,23.203832544734706,16.55328255698605,1770.0,False
14.0,19.0,22.35086770197721,15.904984243488368,1712.5,False
26.0,14.0,25.35042302244456,16.921066351077965,1770.0,False
10.0,21.0,25.5077326216184,14.414432593900193,1885.0,False
14.0,14.0,24.547559687948297,14.502018273280457,1712.5,False
6.0,2.0,23.542389024149486,15.866998621933398,2287.5,False
22.0,8.0,25.07515698294505,16.74054159641228,1770.0,False
9.0,23.0,24.526361053356556,16.843153822434886,2057.5,False
12.0,7.0,25.167927916776744,17.40501252241775,1885.0,False
23.0,18.0,24.043629418679423,16.549139498360166,1712.5,False
17.0,25.0,25.833379617962734,14.430971805182871,1655.0,False
4.0,22.0,23.16013477795398,14.42260220046733,2460.0,False
2.0,15.0,24.416739709800908,15.282354979816976,2920.0,False
17.0,11.0,25.232210401243023,16.100603082462623,1770.0,False
13.0,28.0,25.57549127553208,15.551968069352938,1770.0,False
10.0,18.0,25.78699315956143,13.769891857012528,1827.5,False
19.0,15.0,23.58004389058253,15.427603257618783,1712.5,False
11.0,29.0,24.797370916683068,16.768394730702585,1885.0,False
18.0,11.0,23.160788487921614,14.461259249879099,1712.5,False
14.0,16.0,24.59751723045789,16.040130492069665,1770.0,False
10.0,8.0,22.736905220556125,14.578878083439742,1885.0,False
9.0,9.0,23.68580473912911,15.722676059095217,1942.5,False
12.0,15.0,25.680948302727664,16.303915568544742,1770.0,False
5.0,21.0,25.24362526859944,14.328889007872226,2402.5,False
13.0,14.0,23.98602459545588,16.45818852164337,1770.0,False
27.0,20.0,22.587381304195212,16.206073957117745,1712.5,False
24.0,23.0,23.594286401456525,14.751039838804285,1655.0,False
14.0,26.0,22.554715914355604,17.079898776322295,1770.0,False
18.0,6.0,22.27411055260924,16.622056596825225,1885.0,False
18.0,23.0,25.6260455337808,15.584531132943546,1712.5,False
24.0,9.0,23.96572588815605,13.83073836966544,1655.0,False
12.0,21.0,22.357554851408135,15.262486073475998,1770.0,False
13.0,14.0,24.866674365579275,14.819402108046948,1770.0,False
13.0,21.0,22.296726004475893,14.549781639993723,1712.5,False
5.0,11.0,23.584661668574647,16.074294245236644,2460.0,False
13.0,19.0,22.921162171250145,17.186920620393895,1827.5,False
26.0,9.0,22.658521132792863,14.086217044677866,1712.5,False
27.0,10.0,24.134196832020024,16.466548975660988,1770.0,False
8.0,19.0,24.878758453040305,15.986859520790574,2057.5,False
16.0,14.0,23.94875893911115,16.16812903146669,1770.0,False
14.0,21.0,25.283209819569667,16.880742261513063,1712.5,False
16.0,20.0,25.669547702154482,15.001815442701295,1712.5,False
18.0,19.0,25.228724418133535,15.818217422430784,1712.5,False
4.0,21.0,25.825966620574057,14.607294432911157,2575.0,False
25.0,23.0,25.71614388594351,14.636846490416485,1655.0,False
31.0,27.0,25.33006735520489,15.553129852307622,1655.0,False
20.0,7.0,23.17053040241269,13.52920059939682,1712.5,False
20.0,18.0,22.697328258934753,14.492461169906417,1655.0,False
17.0,22.0,24.908045478159387,14.106515105209459,1655.0,False
14.0,11.0,25.382116137090314,13.979471711454263,1712.5,False
9.0,12.0,25.292494074541988,15.038514729798282,1942.5,False
18.0,12.0,24.57448976283228,13.917447236656864,1712.5,False
6.0,18.0,25.319472659007108,14.117157126160258,2230.0,False
24.0,14.0,24.82866477766116,16.17486265085991,1712.5,False
15.0,20.0,24.66146344521167,16.105368495045926,1712.5,False
15.0,19.0,22.18630599063025,17.280072919939055,1770.0,False
13.0,20.0,23.841898111767854,17.181092954293494,1770.0,False
30.0,12.0,22.13538445435811,16.99576139022315,1770.0,False
10.0,22.0,22.369480191799042,16.263817445564747,1942.5,False
9.0,20.0,24.164018612532416,14.566357447582039,1942.5,False
10.0,9.0,22.189916135576908,14.212630963639818,1827.5,False
20.0,11.0,25.6528815308627,17.297671285187477,1770.0,False
33.0,13.0,23.801363828665913,17.3385159599588,1770.0,False
12.0,28.0,24.799866598858195,15.517738126839678,1827.5,False
27.0,13.0,22.59118072985217,15.693654712594356,1712.5,False
13.0,4.0,25.390381000419847,13.521491519160495,1770.0,False
20.0,9.0,23.912267665330905,14.094342385294153,1712.5,False
5.0,5.0,24.235103678451452,15.683977194015213,2402.5,False
16.0,15.0,24.593936719456813,14.227172462175535,1712.5,False
20.0,23.0,24.159593011507525,15.414917367554992,1655.0,False
17.0,16.0,24.252748489019382,16.679663213694585,1770.0,False
12.0,25.0,24.978093315823845,16.703111846711906,1827.5,False
24.0,6.0,25.225885483188765,16.946633248380802,1827.5,False
30.0,16.0,23.22466425367415,14.442848297926165,1655.0,False
16.0,23.0,25.688197180196433,15.227589115503633,1655.0,False
19.0,20.0,23.415586716383014,16.007381676941073,1712.5,False
23.0,25.0,23.089302424791363,15.82434428814129,1655.0,False
12.0,12.0,23.24572168850543,17.496292723956252,1827.5,False
25.0,17.0,23.434060629551315,14.60512566483251,1655.0,False
13.0,20.0,23.267722423238396,13.78535780163256,1655.0,False
23.0,10.0,25.375000707539183,15.05144804512944,1712.5,False
8.0,24.0,24.24461072207193,15.57205430992573,2057.5,False
13.0,13.0,25.870581527749415,15.048956872142794,1770.0,False
17.0,8.0,22.33582230150291,14.777456663217828,1770.0,False
17.0,22.0,24.455920696198866,14.529037662626013,1655.0,False
25.0,21.0,22.384097189332035,15.20993744220115,1655.0,False
33.0,26.0,23.835400338722113,16.256808437585203,1655.0,False
8.0,26.0,23.53094009013355,14.095462681282157,2057.5,False
12.0,13.0,24.72309966044787,16.962135691509122,1827.5,False
14.0,19.0,24.981779253124785,16.06448895467332,1712.5,False
16.0,34.0,22.95237460826279,13.92948201289687,1597.5,False
16.0,12.0,22.774859265887613,13.594078357081841,1712.5,False
25.0,16.0,23.67804173010899,13.705428309366033,1655.0,False
23.0,27.0,22.967949202011496,13.861473601629795,1597.5,False
4.0,8.0,24.706496028484857,16.074156310645805,2632.5,False
16.0,28.0,24.070790599051513,17.263426039164976,1712.5,False
19.0,16.0,25.307908071725592,14.03321377652531,1655.0,False
16.0,26.0,25.925088169114698,14.637329400442132,1655.0,False
9.0,19.0,23.512431458081902,16.963403044160902,2057.5,False
15.0,20.0,25.64798686990325,15.522693677730075,1712.5,False
15.0,23.0,25.108688948617345,15.208530743374013,1655.0,False
10.0,7.0,22.596493646021568,15.392924510946434,1885.0,False
22.0,19.0,25.34371322876802,13.904481674731748,1655.0,False
13.0,28.0,23.926029249210945,14.378358417315399,1712.5,False
18.0,30.0,24.83664348480077,17.348066879246787,1712.5,False
17.0,30.0,24.810446417278797,16.073699241364714,1655.0,False
26.0,19.0,25.543862415950887,14.645140921587398,1655.0,False
9.0,19.0,25.04465881379956,17.287910619665286,2057.5,False
8.0,18.0,25.298494952471568,15.089981068995431,2057.5,False
13.0,19.0,23.283647756548827,14.063455853872469,1712.5,False
15.0,19.0,25.892550103847988,17.361265823405954,1770.0,False
13.0,5.0,24.646368648107135,16.163726251741394,1885.0,False
22.0,8.0,25.094766577914665,16.511261883073207,1770.0,False
12.0,19.0,25.43552514205083,13.590047318910749,1712.5,False
7.0,13.0,22.495132877643595,14.632581739144586,2115.0,False
15.0,13.0,23.345643497957603,17.281710691623864,1827.5,False
23.0,11.0,25.343743885946317,14.122102019593445,1655.0,False
25.0,23.0,25.68792796452904,16.993910799566738,1712.5,False
22.0,30.0,25.02437368821149,16.58187182246075,1655.0,False
18.0,19.0,23.929235726202634,15.014070081024885,1712.5,False
21.0,29.0,23.00448905442468,17.04689213173457,1655.0,False
20.0,26.0,24.10010995970724,17.190827674225982,1712.5,False
12.0,11.0,23.58920089900635,16.967467224759734,1827.5,False
18.0,10.0,25.54252318516929,15.129920388574227,1712.5,False
23.0,11.0,24.269060036565083,15.84854021119649,1770.0,False
13.0,8.0,23.568265407423365,14.72451600153218,1827.5,False
20.0,18.0,23.993919682022245,14.01981270259196,1655.0,False
16.0,13.0,25.73427017489313,17.108447649596403,1770.0,False
17.0,27.0,24.45303391412552,17.424625754609945,1712.5,False
8.0,19.0,22.91591760046253,13.734344354244604,2000.0,False
20.0,14.0,24.00031031615869,16.25095013538696,1770.0,False
25.0,32.0,23.862632947976994,17.296994616289417,1655.0,False
9.0,29.0,23.241617100426314,15.931670861556704,2057.5,False
14.0,23.0,24.94519804708237,13.688382745202475,1655.0,False
6.0,23.0,23.07314779780317,13.55965529075165,2230.0,False
5.0,31.0,23.970195979848825,15.516409599033057,2287.5,False
32.0,19.0,23.76418681174027,17.259780032841945,1712.5,False
16.0,26.0,23.86745066898313,14.615462388101204,1655.0,False
14.0,7.0,24.267102229895094,14.901304958058299,1827.5,False
12.0,18.0,24.73318906423039,16.683976378745218,1827.5,False
31.0,17.0,22.57199937074303,16.706646812067795,1712.5,False
12.0,5.0,23.15330040681532,17.27455611255062,1942.5,False
21.0,7.0,25.091347068918253,16.854687553291036,1827.5,False
13.0,4.0,25.63098140954648,15.875684240167828,1885.0,False
7.0,13.0,22.17862794415009,17.25501840092662,2230.0,False
20.0,6.0,22.29346230040421,15.957672298563878,1827.5,False
2.0,15.0,25.735318723453133,15.906316668753822,2977.5,False
20.0,24.0,22.59176357834574,13.562010162901512,1655.0,False
12.0,19.0,25.91715652214843,15.321828843974727,1770.0,False
22.0,20.0,25.31288852717573,13.671804711007866,1655.0,False
22.0,5.0,22.482817705790623,17.09507825807207,1885.0,False
21.0,25.0,22.410100212892257,13.541882451565002,1597.5,False
4.0,9.0,25.909187719459496,14.728007608924564,2575.0,False
21.0,13.0,23.019291198729075,17.48026649674036,1770.0,False
32.0,17.0,24.154668806622475,16.680260124182823,1712.5,False
12.0,28.0,22.94494281267999,16.53067620577091,1827.5,False
12.0,34.0,24.402698052522855,16.351522906093244,1827.5,False
24.0,23.0,25.36011417564408,13.704962087474488,1597.5,False
10.0,21.0,24.627636745591108,14.652798632974687,1885.0,False
20.0,17.0,22.186466635778565,16.69381361861224,1770.0,False
22.0,20.0,24.380757374535,17.082207777422852,1712.5,False
5.0,9.0,24.644066538399866,14.900223834863809,2402.5,False
18.0,12.0,22.80359200512459,14.537664957176457,1712.5,False
18.0,32.0,25.048471602963176,14.443581338639502,1597.5,False
13.0,31.0,24.507573478516914,15.692255548397283,1770.0,False
26.0,13.0,22.038188708136218,14.66594735892953,1712.5,False
10.0,12.0,25.802220292080012,13.585347168823986,1827.5,False
14.0,11.0,23.78231836143751,15.06299954531525,1770.0,False
25.0,16.0,22.929515832064556,15.714933998021177,1712.5,False
11.0,11.0,22.34479096766738,16.0369722435616,1827.5,False
24.0,20.0,23.497715758405285,14.871818851719688,1655.0,False
7.0,7.0,23.231076444206288,14.755568177659068,2115.0,False
16.0,8.0,23.191812565979124,14.635507002480164,1770.0,False
7.0,12.0,25.17280456530034,15.993301528588521,2172.5,False
20.0,23.0,24.58368462200549,14.634501390587053,1655.0,False
23.0,13.0,22.532212043724016,17.167411265537556,1770.0,False
25.0,16.0,24.832296414780625,14.626749521626062,1655.0,False
31.0,20.0,24.893928021653018,16.663743918205817,1712.5,False
20.0,23.0,24.057074521043425,14.778924183081184,1655.0,False
22.0,13.0,25.983068061415793,16.03896255555508,1712.5,False
17.0,21.0,23.133917092512416,16.296062902153068,1712.5,False
27.0,13.0,22.233822553121534,14.197493399437388,1655.0,False
19.0,19.0,22.115224840597026,15.019864168464686,1712.5,False
26.0,16.0,23.282192231647524,14.01032803122712,1655.0,False
12.0,28.0,23.991671888334608,15.542622571465177,1827.5,False
17.0,32.0,22.31292423636753,17.137682473559842,1655.0,False
21.0,23.0,24.263194436703497,15.884943343057312,1712.5,False
11.0,27.0,25.603482260985192,16.306640514161955,1885.0,False
11.0,9.0,25.18745125895598,14.632215346887882,1827.5,False
31.0,20.0,24.689874255701966,15.37290222748624,1655.0,False
15.0,11.0,24.646926778176173,16.46311508147185,1827.5,False
10.0,12.0,24.921202263331285,14.025205935845609,1827.5,False
14.0,17.0,23.976825537127752,13.986833588238694,1712.5,False
15.0,22.0,23.60719927235134,14.397738415896326,1655.0,False
19.0,21.0,23.22662201245707,14.447198259034655,1655.0,False
28.0,26.0,22.398473459190754,17.34959173566021,1712.5,False
32.0,18.0,24.24865018007163,14.13443372023512,1655.0,False
20.0,28.0,23.890072336716997,13.92061922190153,1597.5,False
21.0,26.0,22.475611581354016,14.050730046545144,1597.5,False
13.0,25.0,23.073078994234788,14.31164417535997,1712.5,False
25.0,11.0,25.14881164072186,14.974878446646846,1712.5,False
11.0,17.0,23.022416195758932,14.288613621649027,1770.0,False
8.0,22.0,23.702876572183936,13.851200714249446,2000.0,False
31.0,31.0,22.645230623430326,14.04647298906109,1597.5,False
25.0,3.0,22.679386447981592,16.658672094593413,1827.5,False
13.0,13.0,25.025382874570656,15.580302187549492,1770.0,False
20.0,14.0,22.26669680458084,16.48352438647146,1770.0,False
16.0,13.0,23.140104575716755,14.206797650627628,1712.5,False
13.0,24.0,25.923377959966817,14.720690732507872,1712.5,False
13.0,6.0,23.903571655555062,17.429221797353815,1942.5,False
9.0,14.0,24.42485337093922,13.842672718756603,1885.0,False
17.0,21.0,24.563158403066026,15.254681535297998,1712.5,False
16.0,15.0,22.784554717223365,14.683082474841674,1712.5,False
17.0,9.0,23.477368375872697,13.529337883834584,1712.5,False
11.0,19.0,23.602826551049375,15.709807483055133,1827.5,False
29.0,17.0,22.92273280359428,15.700021207118244,1712.5,False
19.0,31.0,22.935935247758128,14.781842521518048,1597.5,False
27.0,22.0,24.4314772260077,15.389034236942164,1655.0,False
8.0,32.0,22.433902364046453,15.067790143112317,2115.0,False
19.0,10.0,22.51658178599699,15.356822814200697,1770.0,False
25.0,22.0,24.293208195420636,16.892194264723003,1712.5,False
14.0,18.0,23.797352268508916,16.35589322882242,1770.0,False
11.0,21.0,24.447733863304794,14.62097849543188,1827.5,False
12.0,16.0,22.107838057512406,14.458163981767393,1770.0,False
12.0,11.0,24.819662909105872,16.400870610979737,1827.5,False
16.0,6.0,25.399558567348084,14.398059181738564,1770.0,False
13.0,25.0,24.096561194925652,17.130343455473874,1827.5,False
12.0,24.0,25.36336127837045,16.8312659754792,1827.5,False
20.0,10.0,23.598650610918643,14.510076190244012,1712.5,False
6.0,19.0,22.31569703526427,16.70600101172292,2345.0,False
14.0,22.0,23.51017668207655,14.265390062510068,1655.0,False
20.0,18.0,23.785473553286447,13.59944405118342,1655.0,False
10.0,13.0,25.462150808039407,17.344482422226132,1942.5,False
11.0,26.0,23.338866052660737,16.545402657569063,1885.0,False
11.0,19.0,23.260403301315666,15.4560936680418,1827.5,False
2.0,21.0,25.552069737937526,16.872837674600706,2690.0,False
16.0,20.0,23.003864013065886,13.803285358879918,1655.0,False
5.0,21.0,24.56978614240387,16.458729751904016,2460.0,False
12.0,9.0,23.306534851684958,17.325302936556657,1885.0,False
33.0,28.0,25.805823558738382,16.774362744124648,1655.0,False
28.0,13.0,22.7584997044536,15.226702842633092,1712.5,False
11.0,24.0,24.895753135498722,14.885243706496249,1827.5,False
13.0,26.0,24.200256437063654,17.0696636529335,1827.5,False
16.0,20.0,25.914831278964282,14.666028200143039,1655.0,False
25.0,18.0,25.976225751197358,17.249792726492053,1712.5,False
23.0,8.0,25.17479240169572,14.779397983236521,1712.5,False
9.0,15.0,22.41382426245333,14.000059248688396,1942.5,False
9.0,19.0,23.87602777730684,14.443559488257385,1942.5,False
15.0,7.0,25.418051892426114,15.577933141483479,1827.5,False
26.0,8.0,24.553933164365077,14.02442415093473,1655.0,False
26.0,33.0,25.515877573936486,15.019828623188832,1597.5,False
8.0,14.0,25.19746483998192,17.12342259778571,2115.0,False
18.0,14.0,23.25184192254111,13.875550570585418,1712.5,False
10.0,12.0,22.78026151748647,15.95817689854194,1885.0,False
20.0,19.0,23.290255597384018,15.11505852930772,1712.5,False
27.0,16.0,24.783779964214315,16.08981940963997,1712.5,False
16.0,23.0,23.924259904568952,15.458432360154868,1712.5,False
7.0,17.0,22.17539281736876,17.006820148500204,2230.0,False
18.0,4.0,24.96990792754473,15.109993048172075,1770.0,False
15.0,16.0,22.178787465827455,15.533714032591082,1712.5,False
24.0,6.0,23.637217046591577,14.020548214368635,1712.5,False
14.0,24.0,23.849137496486073,15.461226364343759,1712.5,False
26.0,8.0,24.012107406179233,13.958923386214972,1655.0,False
12.0,11.0,22.556363552961646,15.832519488043088,1827.5,False
10.0,16.0,24.991160725233776,15.209575030449269,1885.0,False
13.0,11.0,25.397488921285827,16.63348401363127,1827.5,False
5.0,17.0,24.79160220715723,15.173907909850772,2402.5,False
13.0,16.0,25.804282616564418,16.02238167622985,1770.0,False
20.0,29.0,23.030002557518102,13.735969480163227,1597.5,False
9.0,7.0,22.642920375547114,16.340073846781348,2000.0,False
8.0,18.0,22.2691810443091,17.329735128647794,2172.5,False
9.0,21.0,24.88607894365622,15.291114927130435,2000.0,False
7.0,9.0,22.648429082121375,13.539396228487877,2057.5,False
26.0,19.0,25.752725698965946,15.91458662323063,1712.5,False
29.0,25.0,24.39340190610776,14.080709099150026,1597.5,False
6.0,23.0,25.216542665188975,15.37187387987358,2287.5,False
22.0,28.0,23.738793652214035,13.629822608628226,1597.5,False
22.0,21.0,24.939383455487807,15.271246559376689,1655.0,False
34.0,15.0,23.77460452555804,16.997943421878066,1712.5,False
14.0,28.0,24.1550552312561,14.041547034149971,1655.0,False
13.0,11.0,25.094326932076246,15.493302892086879,1770.0,False
16.0,18.0,22.952614222169927,14.515488298338337,1712.5,False
25.0,22.0,25.53803805244676,14.54412257556429,1655.0,False
21.0,26.0,24.865195315878452,16.073212344373548,1655.0,False
16.0,27.0,24.986160538383842,16.49310886186894,1712.5,False
12.0,7.0,22.952652026809996,16.993141429086663,1885.0,False
21.0,21.0,22.36050953338193,14.612984817334498,1655.0,False
25.0,11.0,22.29142580502281,13.783104947420806,1655.0,False
15.0,23.0,24.588066239326686,15.269128768779055,1712.5,False
20.0,21.0,22.600009529730784,15.838365083284316,1712.5,False
15.0,10.0,25.996765801578217,16.45832234915751,1827.5,False
16.0,24.0,25.844190644162328,16.524286749406674,1712.5,False
17.0,16.0,22.116707027802768,16.954468898114026,1770.0,False
23.0,17.0,24.900230353757085,13.62465705383771,1655.0,False
31.0,31.0,23.043088214862934,17.42399224135913,1655.0,False
16.0,20.0,23.363599139642123,17.36726267924376,1770.0,False
14.0,18.0,22.96124174816086,13.642188237765843,1655.0,False
14.0,4.0,25.322182492435513,14.753182130439908,1827.5,False
9.0,11.0,25.57500930301828,16.562170493094108,2000.0,False
13.0,5.0,22.16160622702096,15.414041520444524,1885.0,False
7.0,14.0,23.080152452708205,13.518566910214647,2057.5,False
15.0,14.0,23.79479384927234,14.918863152861,1712.5,False
10.0,17.0,24.087288126336034,15.815755776016108,1885.0,False
14.0,20.0,22.350587512573867,17.0183204965633,1770.0,False
23.0,10.0,25.320112771903116,16.817006063700788,1770.0,False
12.0,19.0,25.735919598220285,17.28527763492804,1827.5,False
19.0,27.0,23.6114603318664,15.371712741968771,1655.0,False
27.0,10.0,25.428936319064054,16.69309522272563,1770.0,False
18.0,20.0,24.70541956025426,13.90294237182029,1655.0,False
11.0,6.0,24.366974444322224,15.573831484622684,1885.0,False
14.0,17.0,25.27620059975904,17.166323056711786,1770.0,False
18.0,22.0,23.89211846837011,16.855390433258986,1712.5,False
17.0,5.0,24.190864263923753,16.12243939751626,1827.5,False
9.0,14.0,23.098663438437647,14.09681328669002,1885.0,False
16.0,26.0,24.848739038884407,14.228325039452162,1655.0,False
17.0,11.0,22.63624880699231,16.214609123808025,1827.5,False
12.0,21.0,22.972646258921838,14.802271279284003,1770.0,False
19.0,19.0,23.91968381685386,14.817791789488762,1655.0,False
7.0,10.0,23.54124994335214,16.890491145863525,2172.5,False
14.0,22.0,22.958313348642537,13.581868530740191,1655.0,False
23.0,17.0,22.76755418610655,15.070071492063995,1712.5,False
12.0,8.0,25.44358870723446,14.452881958403722,1770.0,False
19.0,29.0,24.363435589557334,13.608401107898949,1597.5,False
15.0,16.0,23.5095706360482,14.366292522966969,1712.5,False
13.0,22.0,25.383121803798392,14.236989977915377,1712.5,False
27.0,11.0,25.30064194684613,15.517896978849945,1712.5,False
14.0,9.0,22.44354822761531,15.240766921838109,1827.5,False
12.0,22.0,24.26914250565292,15.386798102112907,1770.0,False
27.0,20.0,23.22245166692965,17.011645167686854,1712.5,False
22.0,12.0,24.163339498763804,15.477713486751448,1712.5,False
20.0,22.0,24.871995268574896,16.05601881804462,1712.5,False
6.0,17.0,22.034030359859468,16.08993313175906,2345.0,False
9.0,14.0,24.05427004230278,15.567497582814669,1942.5,False
19.0,23.0,23.16692936023898,14.719097127066846,1655.0,False
11.0,19.0,24.136043600632586,17.11263440041269,1885.0,False
11.0,17.0,22.439368576313356,15.252702078980025,1827.5,False
23.0,23.0,25.270265672940987,15.784511931264564,1655.0,False
13.0,17.0,24.174673808004123,15.736577298815721,1712.5,False
7.0,29.0,22.84425380174666,16.810552166994864,2230.0,False
5.0,24.0,25.078738915800095,15.63848333990683,2460.0,False
16.0,14.0,22.151129713277964,15.327611530767967,1770.0,False
19.0,16.0,24.371293558461808,15.340244099775685,1712.5,False
26.0,30.0,24.00704650646266,16.619794376654543,1655.0,False
8.0,27.0,22.158580061040283,14.819900432313258,2057.5,False
11.0,11.0,22.998821892914545,17.239404561572634,1885.0,False
17.0,12.0,22.30856176352356,16.886415830271048,1827.5,False
14.0,14.0,24.929547730017063,14.053390397200044,1712.5,False
16.0,26.0,24.823083879815837,14.768956083973947,1655.0,False
28.0,28.0,22.35719187219316,17.12247946353836,1712.5,False
17.0,23.0,22.436828738634617,14.613485397206077,1655.0,False
15.0,12.0,25.521128854229012,14.770633021047963,1712.5,False
32.0,26.0,22.803389772011865,14.369823941435463,1597.5,False
7.0,5.0,23.21464428487069,13.717576213455304,2057.5,False
28.0,15.0,24.737120657574934,15.413824510358655,1712.5,False
17.0,14.0,22.24289289035655,16.519412063222337,1770.0,False
17.0,17.0,25.79062604703313,16.139989635163737,1712.5,False
28.0,18.0,22.09203602838052,13.610499888762916,1655.0,False
17.0,11.0,25.39657004506307,15.593531625460347,1770.0,False
15.0,11.0,23.44362422623182,14.821156544778272,1770.0,False
12.0,23.0,22.600159689309336,16.067154743277968,1827.5,False
20.0,7.0,23.509964316281664,15.12063929697901,1770.0,False
18.0,16.0,25.891366197942144,17.422120341198497,1770.0,False
11.0,11.0,24.115911141112555,16.81380066534294,1885.0,False
21.0,13.0,22.237120746221866,16.301483650619943,1770.0,False
19.0,12.0,25.766167462282517,15.562668245279657,1712.5,False
15.0,21.0,22.574246218530046,15.864451512284905,1712.5,False
2.0,16.0,22.21875044160082,15.268542153302802,2805.0,False
16.0,13.0,22.181703632590303,16.67862868339819,1770.0,False
3.0,24.0,25.305339590908083,17.132936548747583,2517.5,False
7.0,7.0,22.612076837565088,17.49638045369628,2230.0,False
15.0,22.0,22.715931578874716,15.895321193752173,1712.5,False
7.0,12.0,25.776461402133513,16.227541718943723,2172.5,False
12.0,28.0,24.446444581577115,15.099450048599826,1770.0,False
20.0,3.0,23.141676644940578,13.533892788987176,1712.5,False
13.0,18.0,24.345818979070504,16.312947076960292,1770.0,False
34.0,19.0,22.972370074037467,17.236141740268774,1712.5,False
27.0,18.0,23.97706071161207,16.93849820506312,1712.5,False
18.0,24.0,23.33848981633325,17.01448309235663,1712.5,False
30.0,8.0,24.490506148360332,15.108503780294013,1712.5,False
26.0,15.0,25.03523468267453,16.354206121569,1712.5,False
13.0,25.0,23.394030074601872,16.053719917324987,1770.0,False
22.0,26.0,22.57565211055282,15.663739224263823,1655.0,False
9.0,17.0,23.42296242066968,14.106479289866943,1942.5,False
20.0,18.0,25.032619535194325,15.801768229374696,1712.5,False
16.0,22.0,25.148326882628776,14.694363689698621,1655.0,False
4.0,23.0,25.142203829144492,16.31435667924977,2517.5,False
12.0,26.0,25.898289651070645,17.279409711890867,1827.5,False
29.0,25.0,25.29913126154357,16.41063121041685,1655.0,False
13.0,15.0,25.874292122360924,14.538115657884584,1712.5,False
10.0,20.0,24.507169536597317,15.360991362161151,1885.0,False
10.0,16.0,22.917393474237926,15.75946286046131,1942.5,False
16.0,8.0,24.432785176978825,16.404611323736216,1827.5,False
25.0,24.0,22.791336222655858,14.091390042493993,1655.0,False
22.0,19.0,22.34130501367141,15.602370096327972,1712.5,False
15.0,6.0,23.205298028627766,16.940545952232206,1885.0,False
11.0,20.0,23.451102223544687,13.610352208002702,1770.0,False
6.0,13.0,24.835551746545995,16.41032146451105,2287.5,False
16.0,7.0,23.452306845043385,17.02174598545824,1885.0,False
24.0,19.0,22.012593604783994,16.683054826073946,1712.5,False
21.0,22.0,25.667765202675557,17.227356476142674,1712.5,False
15.0,17.0,24.357616763593857,16.63084195193927,1770.0,False
18.0,3.0,22.84303230160688,15.572092668936769,1827.5,False
15.0,18.0,23.00915050211215,15.407737148316329,1712.5,False
18.0,3.0,22.49656094638985,13.627358720682345,1770.0,False
17.0,28.0,25.62618699288371,13.574397468322639,1597.5,False
20.0,12.0,22.920834352181483,16.057875540699325,1770.0,False
17.0,26.0,25.762588542129567,14.601610057851795,1655.0,False
29.0,3.0,23.057245432970078,14.728381451046934,1712.5,False
15.0,8.0,25.19700478580474,16.72826262893398,1827.5,False
4.0,16.0,22.041808609666496,13.94508555657726,2575.0,False
12.0,22.0,23.93309438086885,14.635338513008527,1770.0,False
17.0,29.0,23.476858132019704,16.240154294499096,1655.0,False
17.0,17.0,23.33834303573552,13.622264904467645,1655.0,False
18.0,14.0,25.96862517476111,15.579156869011449,1712.5,False
21.0,6.0,24.883466845482424,13.841843689112284,1712.5,False
12.0,18.0,23.02311167640003,16.546627127272345,1827.5,False
20.0,14.0,25.009767019363082,16.038329782661716,1712.5,False
21.0,27.0,22.5182750889702,15.934207785758915,1655.0,False
15.0,16.0,25.703713816561873,14.38514022272247,1712.5,False
15.0,22.0,23.705544898676376,16.398794799469965,1712.5,False
10.0,25.0,22.762651647832694,14.706716618521359,1885.0,False
15.0,8.0,23.091281936602236,15.783259147249773,1827.5,False
23.0,16.0,22.620595359603776,13.868118990349714,1655.0,False
27.0,26.0,25.722231978583608,13.884346075272292,1597.5,False
18.0,15.0,23.223574450125557,14.275960920452668,1712.5,False
13.0,18.0,22.57140354869374,14.364020245469376,1712.5,False
20.0,26.0,25.251603099449312,14.005729693746682,1597.5,False
22.0,12.0,22.853036486707612,13.972993792164315,1712.5,False
14.0,27.0,22.37660140016376,17.016124011625443,1770.0,False
24.0,15.0,24.67357964659751,15.718533589656335,1712.5,False
7.0,18.0,22.02962273985723,15.988708101559736,2172.5,False
3.0,13.0,25.32968237470087,14.6512870580423,2862.5,False
9.0,17.0,24.25083826004584,13.721949477311778,1885.0,False
10.0,6.0,22.98727368631898,17.373094935422866,2000.0,False
26.0,7.0,23.894375028897375,13.716112566086462,1655.0,False
15.0,15.0,23.049659800428614,16.790506161802643,1770.0,False
12.0,14.0,24.131428485897278,16.16034572684145,1770.0,False
15.0,19.0,24.286576484816607,15.1300840578443,1712.5,False
15.0,5.0,25.086728639721883,16.486389215391377,1885.0,False
13.0,10.0,23.864349680302468,16.558929527418545,1827.5,False
9.0,11.0,25.14655124776556,17.0131670574031,2000.0,False
20.0,15.0,22.27697467350902,15.679701246973995,1712.5,False
9.0,12.0,25.68537172723588,14.35482884859595,1885.0,False
23.0,9.0,22.742034891970768,15.790315135039323,1770.0,False
11.0,18.0,25.34630935842571,13.897260353996213,1770.0,False
21.0,22.0,23.97852713489951,15.004915955110075,1655.0,False
24.0,20.0,22.41886962477806,15.941466170804343,1712.5,False
9.0,12.0,23.439209630355577,14.507548495986907,1942.5,False
7.0,25.0,25.6733224580376,16.960330995445872,2230.0,False
29.0,19.0,25.33885582159906,17.404207381339585,1712.5,False
16.0,19.0,24.889263123412096,13.803640280854488,1655.0,False
19.0,11.0,23.519383523947063,14.323570704896653,1712.5,False
4.0,12.0,24.35516325402422,15.3920464145858,2632.5,False
13.0,16.0,22.928487883747792,13.65176570383435,1712.5,False
17.0,12.0,24.591374053189142,13.871709727355093,1712.5,False
26.0,20.0,23.043761302372936,17.102560494439707,1712.5,False
12.0,13.0,25.316027278107445,13.682119378005753,1712.5,False
23.0,10.0,24.817992899191225,14.489937010664008,1712.5,False
20.0,9.0,23.544358470041217,15.194530827222149,1770.0,False
8.0,9.0,24.637927727076892,13.581836867304977,1942.5,False
13.0,15.0,23.3005446147467,16.74237520240759,1770.0,False
12.0,2.0,22.622611797437145,16.820031072396453,2000.0,False
16.0,17.0,22.940735794211903,15.078680961389011,1712.5,False
19.0,13.0,23.086752136064913,14.307135813083704,1712.5,False
15.0,18.0,22.90646646217798,17.069432144948262,1770.0,False
12.0,28.0,24.71342400038106,16.214224341046062,1827.5,False
21.0,26.0,24.958645434859935,15.59544712054172,1655.0,False
18.0,18.0,23.82855681470346,15.069591231055803,1712.5,False
17.0,15.0,25.951175540988856,15.657107388346471,1712.5,False
18.0,21.0,25.564082421114165,14.498046157349313,1655.0,False
11.0,28.0,22.348200740050217,15.298400306753102,1885.0,False
20.0,16.0,23.841802625232567,16.243590889545228,1712.5,False
15.0,8.0,25.63390683412061,15.145435459292628,1770.0,False
14.0,22.0,22.881056833538977,16.239818289865436,1712.5,False
9.0,3.0,23.513584102129478,16.454902263420777,2057.5,False
18.0,22.0,25.78778982453786,16.514847657915062,1712.5,False
19.0,7.0,25.104249498756115,15.776711708260333,1770.0,False
14.0,8.0,25.329300003418847,14.237551918900127,1770.0,False
25.0,23.0,25.51793510959317,16.30223877461245,1712.5,False
25.0,20.0,22.684702689651584,16.77712423547345,1712.5,False
8.0,18.0,24.797096069264114,13.877155353718681,2000.0,False
21.0,24.0,25.211205160463322,17.083863893303853,1712.5,False
15.0,25.0,22.90591799344774,17.265202767278303,1712.5,False
35.0,16.0,22.173439429864075,16.172943759164145,1712.5,False
11.0,33.0,22.71342325711993,13.944259534838054,1827.5,False
13.0,14.0,24.965611484833065,16.114763181644406,1770.0,False
16.0,10.0,24.77716254922813,14.92427363456693,1770.0,False
12.0,25.0,25.566904591466702,14.714582269785783,1770.0,False
21.0,15.0,23.267812085317274,13.647056041926058,1655.0,False
16.0,26.0,24.486976244939676,16.399336346413136,1712.5,False
11.0,6.0,22.10717362127245,15.766719726227748,1885.0,False
17.0,8.0,25.74033722093255,15.303172391069964,1770.0,False
26.0,5.0,24.217970424785037,15.054753637270423,1712.5,False
23.0,19.0,24.993541390793364,15.147408890363973,1655.0,False
17.0,24.0,23.13526381134479,15.312378619803354,1655.0,False
13.0,15.0,22.327817492473045,15.409954452004264,1770.0,False
10.0,8.0,22.251288234990902,13.890722404866821,1827.5,False
26.0,14.0,25.258641571331285,15.021284020564883,1655.0,False
21.0,14.0,22.607783805627715,13.756146756450159,1655.0,False
18.0,19.0,25.29600740574522,16.603723597084596,1712.5,False
26.0,20.0,23.061062657349925,15.588957784297799,1712.5,False
9.0,8.0,24.165088194987128,16.698060746402152,2000.0,False
20.0,15.0,23.047666371349933,15.217280005656235,1712.5,False
11.0,19.0,22.20033525446335,14.112393496198877,1770.0,False
9.0,12.0,24.169115628928594,14.698302181137255,1942.5,False
16.0,15.0,23.46848164254118,14.435442615338669,1712.5,False
15.0,19.0,23.740439931275265,15.259615742010354,1712.5,False
29.0,15.0,24.406235615902368,16.655643411193832,1712.5,False
13.0,5.0,23.254642829470068,13.966532210133993,1827.5,False
24.0,11.0,24.255221730909156,15.100400698578422,1712.5,False
22.0,23.0,24.63109274572043,13.867164706853023,1655.0,False
20.0,12.0,22.358179735749466,15.06582406736651,1712.5,False
28.0,24.0,23.40038626781141,15.8300897534489,1655.0,False
15.0,16.0,22.359789192692478,13.775899107644182,1712.5,False
15.0,16.0,22.027734350589856,13.766567343010916,1712.5,False
10.0,23.0,22.20492061082027,16.422040446200597,1942.5,False
12.0,15.0,24.36885915680277,15.129991033519133,1770.0,False
26.0,12.0,22.337221082265497,14.905529075856018,1712.5,False
16.0,8.0,25.47400636605915,16.245278928250798,1827.5,False
14.0,20.0,25.037776321537827,13.839053402639339,1655.0,False
11.0,16.0,22.03527308366255,16.938859856159745,1885.0,False
16.0,24.0,24.292980785013956,16.601704043031205,1712.5,False
21.0,16.0,22.041007650188522,15.058579051371954,1712.5,False
13.0,15.0,22.43677925431362,15.37482975865986,1770.0,False
22.0,13.0,25.952997106123895,15.090862208425245,1712.5,False
19.0,11.0,23.828092777185006,16.64092085242601,1770.0,False
23.0,24.0,22.108844806798277,13.61597575512847,1597.5,False
12.0,8.0,25.401258074367984,16.18555460442075,1827.5,False
19.0,27.0,25.66937932149627,14.710191010637272,1655.0,False
10.0,5.0,24.193533759226508,16.61818848733019,1942.5,False
14.0,17.0,24.823768408920483,17.435635348667482,1770.0,False
21.0,6.0,25.120484547470355,14.6159129344685,1712.5,False
19.0,23.0,24.93868707030245,15.28340695980296,1655.0,False
10.0,11.0,23.978088485774137,15.690363239998996,1885.0,False
25.0,18.0,25.330737757090834,15.704196299005822,1712.5,False
6.0,27.0,24.109314083253864,14.126282671258867,2287.5,False
18.0,20.0,23.038013068745446,15.832984662094248,1712.5,False
32.0,10.0,22.016268459394333,16.39565005391576,1770.0,False
17.0,23.0,23.4343596979159,17.276113936057705,1712.5,False
23.0,16.0,22.330342685759472,16.401520457132428,1770.0,False
18.0,4.0,22.25310567454091,15.913227792055855,1885.0,False
23.0,16.0,23.876896926015068,14.433003089412619,1655.0,False
20.0,24.0,25.77469766738435,13.891680636807834,1655.0,False
21.0,15.0,22.42205771221688,16.037338525362426,1770.0,False
11.0,22.0,23.094999999987145,16.000730899313268,1885.0,False
22.0,21.0,25.32031264026622,16.857435389857578,1712.5,False
12.0,16.0,23.607318585401114,15.284408312884876,1770.0,False
31.0,13.0,25.03521492494881,14.18817359006512,1655.0,False
11.0,21.0,24.169337323010513,14.398907027735508,1827.5,False
12.0,14.0,24.415725251390356,15.405595617788494,1770.0,False
25.0,10.0,22.644573454973198,14.748210659807961,1712.5,False
12.0,13.0,23.409128823588485,14.221068541204554,1770.0,False
14.0,26.0,24.487021760941957,13.931405088088592,1655.0,False
21.0,13.0,22.10707278627506,15.149403683357825,1712.5,False
10.0,12.0,22.753306058965535,14.850073168823066,1885.0,False
10.0,9.0,23.545978434910793,17.361101880279296,1942.5,False
16.0,6.0,24.69837835511543,16.925651020943917,1885.0,False
12.0,31.0,24.038355144169444,14.233965632980265,1770.0,False
12.0,17.0,24.874928530963977,16.513413381250054,1827.5,False
3.0,21.0,24.90744818148505,15.420791341099452,2632.5,False
14.0,23.0,22.124218953576953,17.20439455799558,1770.0,False
13.0,14.0,25.60684965305679,15.932820816503122,1770.0,False
5.0,23.0,25.296860608571382,14.315973711397238,2402.5,False
19.0,30.0,23.084273277362087,14.2838730938721,1597.5,False
19.0,22.0,23.93809968079461,17.36919672011728,1712.5,False
7.0,21.0,23.232599806156756,17.17310576065178,2230.0,False
13.0,15.0,25.6265686365599,15.431436769700376,1770.0,False
26.0,25.0,23.53127596615846,15.755761508257851,1655.0,False
18.0,8.0,23.584212531143926,15.688391395363496,1770.0,False
15.0,22.0,25.647648149921352,16.55390824109367,1712.5,False
16.0,14.0,24.402775578615888,15.397943696886284,1770.0,False
11.0,18.0,22.55147846496376,13.990520601027557,1770.0,False
24.0,26.0,24.504067364378628,14.797133740719554,1655.0,False
27.0,19.0,25.177790975364914,15.77310415699112,1655.0,False
27.0,4.0,23.351364667775456,14.904297553975198,1770.0,False
11.0,21.0,24.108022193248086,16.75419390148925,1885.0,False
13.0,28.0,24.507366216546707,17.2916200124751,1827.5,False
10.0,19.0,24.041666860239825,14.467992407314505,1885.0,False
13.0,25.0,25.996498037877313,17.056584396532195,1770.0,False
14.0,24.0,24.027171388291123,16.362827344394745,1712.5,False
19.0,25.0,24.573491968944033,15.8478219981194,1655.0,False
11.0,14.0,25.17435774624719,14.021562448050371,1770.0,False
28.0,16.0,22.54633273786701,15.143800847638326,1712.5,False
8.0,25.0,22.17564127992116,17.48141001950652,2172.5,False
3.0,27.0,25.891959435029076,16.093405625902538,2517.5,False
25.0,9.0,24.92903659900588,15.866733601462265,1770.0,False
21.0,10.0,23.573127902096566,13.642468900118253,1655.0,False
14.0,14.0,22.070675182977958,14.78355333438197,1770.0,False
18.0,23.0,22.66559880383094,15.452623160078772,1655.0,False
11.0,26.0,22.03899117073185,16.06665932803628,1885.0,False
10.0,18.0,23.585829065025603,16.928463753499962,1942.5,False
16.0,8.0,24.21942134037328,15.332273969278944,1770.0,False
14.0,13.0,22.64233280437968,14.59781383062543,1770.0,False
19.0,25.0,24.559429238839115,14.62512847055265,1655.0,False
11.0,14.0,25.816965010104454,14.051243665424138,1770.0,False
20.0,8.0,25.961801847930644,14.082155184172594,1712.5,False
22.0,13.0,25.33266572599779,14.721274762828212,1712.5,False
10.0,24.0,23.775535633164345,16.566338276320224,1942.5,False
6.0,16.0,24.18963751229162,15.152882564705653,2287.5,False
15.0,10.0,24.01322790535478,16.9382672603533,1827.5,False
23.0,13.0,22.622666901759796,17.296612649888658,1770.0,False
20.0,29.0,25.417656684101456,13.80168059652749,1597.5,False
21.0,15.0,24.703163747708185,16.34329149987088,1712.5,False
15.0,16.0,24.5517424647558,13.841063547039736,1712.5,False
12.0,10.0,22.881324673345915,13.786912644410052,1770.0,False
17.0,13.0,22.61263719507218,14.6030770062149,1712.5,False
11.0,24.0,25.492105908138196,13.906410233064195,1770.0,False
21.0,23.0,22.71765579448886,16.151887298986686,1712.5,False
11.0,15.0,22.29487387142901,16.364478255957604,1885.0,False
13.0,26.0,24.502420804518756,16.057057089023687,1770.0,False
17.0,14.0,24.817373029238098,15.80142747108521,1770.0,False
16.0,25.0,22.478489641245368,16.62495641316613,1712.5,False
19.0,5.0,22.82743762127594,16.590313636753862,1885.0,False
15.0,14.0,25.15505518024616,16.981024096873515,1770.0,False
28.0,25.0,25.718340798938083,16.27278321173457,1655.0,False
25.0,27.0,23.90595486815928,14.923497455882647,1655.0,False
26.0,22.0,25.1680198914096,15.59872215982849,1655.0,False
19.0,20.0,23.27760047151632,15.462400094068336,1712.5,False
19.0,24.0,24.812935762936046,13.931467422570861,1655.0,False
19.0,21.0,24.228881837685876,16.746972371806958,1712.5,False
15.0,12.0,25.37284365431397,17.15141542331715,1827.5,False
13.0,16.0,25.103604383404942,17.43763556295262,1770.0,False
18.0,20.0,23.136543527143015,14.491870640763333,1655.0,False
4.0,18.0,22.59782088379655,13.882560778819492,2575.0,False
3.0,26.0,25.230627090297546,13.944167406952232,2517.5,False
25.0,16.0,22.131170283980854,16.717187893356293,1770.0,False
6.0,10.0,24.716155249626997,16.026966739828946,2287.5,False
17.0,11.0,23.90365697654855,16.524480576579588,1770.0,False
19.0,25.0,22.301197222507287,17.120785613954727,1712.5,False
11.0,3.0,24.754244888693183,14.40507703557614,1885.0,False
27.0,26.0,23.931496347194763,14.956341253898623,1655.0,False
11.0,6.0,25.440405320977383,16.669484387777977,1885.0,False
26.0,15.0,22.834527716442818,14.5375675866876,1655.0,False
22.0,23.0,22.009198287339338,15.524163427593127,1655.0,False
12.0,15.0,22.521947271447594,15.273802693290762,1770.0,False
9.0,24.0,23.078440131287543,15.881220643041598,2000.0,False
13.0,8.0,24.608977473661582,17.452811478478118,1885.0,False
15.0,17.0,23.450572910063183,13.914860025800706,1712.5,False
12.0,18.0,22.47298765322118,15.438569534031295,1770.0,False
34.0,26.0,25.926293852678658,17.33594724873958,1712.5,False
11.0,8.0,22.43290978084599,14.891507510512053,1827.5,False
24.0,14.0,23.420481372133295,16.46238924367352,1770.0,False
10.0,20.0,25.506417025966904,17.217081699016237,1942.5,False
31.0,31.0,24.61046149434059,14.462429693250584,1597.5,False
11.0,25.0,23.27919164736861,13.825521015582058,1770.0,False
15.0,25.0,25.881387118574832,13.802772114858524,1655.0,False
18.0,17.0,24.004394217230935,13.79197449680867,1655.0,False
9.0,18.0,22.032439583478094,14.902083411095907,1942.5,False
24.0,25.0,22.024653344605348,14.00485852194463,1597.5,False
12.0,26.0,25.764037318346958,15.120103332203483,1770.0,False
17.0,23.0,23.124722521903152,16.51651031097684,1712.5,False
18.0,24.0,25.248259864144273,14.692904789851971,1655.0,False
19.0,26.0,22.17424008753827,15.417672727679122,1655.0,False
6.0,8.0,22.587668437125025,14.009475187641268,2172.5,False
10.0,13.0,25.42711803935949,16.2931588477651,1885.0,False
10.0,31.0,25.976365267362127,14.770699144973545,1885.0,False
13.0,17.0,22.20769172596108,14.040903061312122,1712.5,False
9.0,10.0,22.67054789347575,17.31868222739369,2000.0,False
28.0,17.0,24.891647563207577,16.578489807647358,1712.5,False
17.0,19.0,24.118011825133994,16.10931081257591,1712.5,False
19.0,24.0,23.623864184458164,16.391998574707713,1712.5,False
14.0,24.0,22.7778701518086,15.201969280795879,1712.5,False
12.0,6.0,25.781741434484438,14.693324396261868,1827.5,False
17.0,16.0,22.689074209867073,15.49994664542725,1712.5,False
13.0,4.0,23.060998263221,16.801032067131356,1942.5,False
14.0,26.0,23.297192496838946,17.35517074971888,1770.0,False
16.0,10.0,22.554332785675918,15.92112521703849,1827.5,False
17.0,19.0,24.144932224936742,15.005438523602812,1712.5,False
32.0,18.0,23.365300302907436,16.372823965741468,1712.5,False
11.0,19.0,24.43139000214249,16.28827116322408,1885.0,False
16.0,18.0,23.471432350740326,14.489857088428645,1712.5,False
9.0,21.0,22.465694116112484,15.242056105285835,2000.0,False
14.0,19.0,25.490389508523247,14.036054470296499,1655.0,False
21.0,8.0,24.03860829252913,15.10911335199772,1770.0,False
10.0,14.0,23.287401959934684,16.55099521943156,1942.5,False
18.0,17.0,22.065459009098316,14.75561097444466,1712.5,False
15.0,13.0,24.39138588353307,16.032130837123905,1770.0,False
6.0,22.0,25.13001731991679,14.81059869867847,2287.5,False
28.0,13.0,24.60024500086851,14.088414690154485,1655.0,False
15.0,24.0,25.150877259330237,16.465550220944017,1712.5,False
23.0,9.0,22.619943351677676,15.857248974816097,1770.0,False
15.0,22.0,25.886811914463056,16.801830650930658,1712.5,False
28.0,10.0,22.84533315225034,16.215816429100133,1770.0,False
13.0,17.0,23.06711839829375,16.768768621362543,1770.0,False
15.0,13.0,24.049318250995007,14.119792318538028,1712.5,False
22.0,19.0,22.02078210789474,15.95833469280088,1712.5,False
14.0,11.0,23.769793952474075,14.969514359977879,1770.0,False
14.0,23.0,22.78290110085128,16.486025877727077,1770.0,False
33.0,18.0,24.99607247368102,15.820344180198715,1655.0,False
18.0,30.0,25.031013536726856,13.716720393391219,1597.5,False
20.0,21.0,24.4629393785618,15.634183904800015,1712.5,False
19.0,19.0,23.686740701280947,16.477165335994904,1712.5,False
24.0,24.0,23.24093606771564,14.551153562124544,1655.0,False
25.0,11.0,25.30984789939605,16.118106027356358,1712.5,False
18.0,19.0,24.02837447685492,16.863703079512316,1712.5,False
13.0,15.0,23.985867143783373,13.760670174973422,1712.5,False
4.0,22.0,22.453731555530617,15.812089483988515,2460.0,False
19.0,4.0,22.873532191423664,17.050403591579474,1885.0,False
24.0,15.0,23.4419571676733,14.005679558197384,1655.0,False
16.0,20.0,24.795411371135366,14.576990699860964,1712.5,False
10.0,16.0,25.381083964785635,16.003696157813337,1885.0,False
13.0,12.0,25.971441107319837,15.840735560566927,1770.0,False
17.0,16.0,23.709728405810406,16.673584488748453,1770.0,False
24.0,25.0,23.812817388927094,16.016211500369,1655.0,False
10.0,11.0,25.064242164488093,15.803380061208216,1885.0,False
19.0,14.0,23.28490790570006,15.307405547688099,1712.5,False
22.0,32.0,24.162071904056482,13.812997127272988,1597.5,False
28.0,27.0,24.708069292544177,15.864353243491255,1655.0,False
8.0,5.0,22.94499884281853,14.126503324201897,2000.0,False
28.0,17.0,23.118359797541405,17.483397963988025,1770.0,False
19.0,7.0,23.424762548756263,13.814000328226868,1712.5,False
22.0,28.0,24.310739340117777,13.802865214971495,1597.5,False
6.0,16.0,23.0816618139849,16.649317728258804,2345.0,False
17.0,15.0,22.832671130031976,13.904661025960724,1712.5,False
19.0,12.0,22.598032863091255,15.120305114929517,1770.0,False
13.0,18.0,25.23723959141375,17.20999611140548,1770.0,False
15.0,9.0,25.543885989055234,16.651529871238537,1827.5,False
18.0,23.0,25.618887782920055,14.431368781563775,1655.0,False
18.0,16.0,25.286534682445,14.504119464168863,1712.5,False
5.0,18.0,22.549156892704517,15.869081019557331,2460.0,False
15.0,25.0,22.391007765218976,15.445756556089622,1655.0,False
11.0,10.0,23.996657316894993,13.966985444619548,1770.0,False
27.0,10.0,24.085707812233327,14.13458936080122,1655.0,False
31.0,15.0,24.931292769840276,16.711585327308576,1712.5,False
13.0,23.0,22.891523014624838,14.879163049476546,1712.5,False
10.0,6.0,25.723798679431567,16.696049007509156,1942.5,False
11.0,23.0,23.239719171980866,14.25930917980931,1827.5,False
16.0,17.0,24.31123580365391,15.897730114203451,1712.5,False
26.0,18.0,25.45685442968715,15.520434912143998,1655.0,False
17.0,18.0,24.09379243394898,14.805541907198455,1712.5,False
6.0,6.0,25.01422977933335,15.934308154848877,2230.0,False
5.0,12.0,24.99610480162921,13.998139370760732,2345.0,False
11.0,22.0,25.16008498603974,16.925873611484274,1885.0,False
25.0,15.0,25.244193060187754,16.473533381273484,1712.5,False
19.0,18.0,23.569851789274626,14.64789330384371,1712.5,False
18.0,29.0,23.45422497050487,15.82060708872492,1655.0,False
13.0,6.0,25.213992400660544,17.108675617240085,1885.0,False
28.0,16.0,24.318841571330193,15.18921916296949,1655.0,False
14.0,14.0,24.4308531353379,14.95336643983481,1712.5,False
24.0,8.0,23.64766900317628,16.695788476231836,1770.0,False
27.0,29.0,22.806458634694025,13.504744083475474,1597.5,False
16.0,30.0,23.827722277025355,16.245492944374806,1655.0,False
27.0,13.0,25.878585863076275,14.363224244864266,1655.0,False
12.0,29.0,23.163467516991908,16.276987977118218,1827.5,False
20.0,5.0,23.088032965496552,15.251604017993436,1770.0,False
7.0,31.0,22.52313670275627,13.581180900203558,2115.0,False
16.0,24.0,23.924721764039308,16.99703940331128,1712.5,False
11.0,11.0,23.15412158357663,15.686159029606696,1827.5,False
6.0,18.0,24.748494923985795,14.754404971896317,2230.0,False
2.0,23.0,22.540498326675007,16.313518551680527,2517.5,False
13.0,13.0,22.989249930782265,15.483762006539562,1770.0,False
18.0,14.0,22.24740419791836,13.639794379972475,1712.5,False
16.0,19.0,22.165883618639093,16.10102560390967,1712.5,False
13.0,9.0,25.256573890009435,17.378126459651646,1885.0,False
33.0,9.0,25.623512418502102,14.387917721504543,1655.0,False
29.0,12.0,25.055555341475156,16.951704378237213,1770.0,False
9.0,22.0,25.460653880903187,15.983979653958738,2000.0,False
15.0,14.0,22.346384590148094,13.811593543998626,1712.5,False
20.0,17.0,25.592537124718206,16.419899915566138,1712.5,False
22.0,11.0,23.864159345883127,15.265960617522623,1712.5,False
14.0,11.0,25.074575291723395,16.674935901985396,1827.5,False
22.0,20.0,24.46302915367025,16.04298224551231,1712.5,False
9.0,8.0,23.39947926431256,13.511138658506166,1885.0,False
14.0,20.0,23.05919613087802,14.005188825850984,1655.0,False
21.0,15.0,22.472520649173486,14.909758480055437,1712.5,False
19.0,20.0,23.650604405924156,15.42741727013605,1712.5,False
24.0,14.0,23.976410864518176,17.228509149029804,1770.0,False
6.0,25.0,25.932460376975747,16.787888831625466,2345.0,False
10.0,6.0,22.149161905314912,16.70646183305965,1942.5,False
6.0,26.0,24.360596648876292,15.658305580297743,2345.0,False
11.0,12.0,24.09997928771348,13.871454820693398,1770.0,False
2.0,6.0,22.091584761241823,16.483230046739028,3380.0,False
17.0,18.0,23.31896932401008,13.846193288637759,1655.0,False
17.0,11.0,23.691709692016623,13.865790859538432,1712.5,False
20.0,16.0,23.977079046956835,14.520343848112885,1712.5,False
15.0,23.0,22.933824343961838,17.19025494038887,1712.5,False
2.0,23.0,22.13640087958971,16.499675140568623,2517.5,False
20.0,19.0,23.175372451439216,13.806610204877918,1655.0,False
6.0,31.0,25.34544736973435,17.175641817925495,2287.5,False
25.0,16.0,25.231431505137536,16.633500720432377,1712.5,False
4.0,5.0,22.723003098006664,15.914571153099622,2632.5,False
17.0,24.0,24.585200662630633,14.007848111213834,1655.0,False
27.0,11.0,25.694589499094686,14.780491394205367,1655.0,False
18.0,10.0,22.688430763794063,14.70272729485225,1770.0,False
19.0,7.0,22.514705360831385,16.060188561177743,1827.5,False
20.0,13.0,22.088585067026813,15.851478485822696,1770.0,False
9.0,13.0,22.689645858784928,14.60896397511004,1942.5,False
20.0,13.0,25.255810311302355,14.744396959569357,1712.5,False
26.0,18.0,25.255958960648414,15.57376686128993,1655.0,False
31.0,22.0,24.16180830811604,16.881626387736365,1712.5,False
16.0,28.0,23.334257907735715,14.00490014096238,1655.0,False
14.0,8.0,25.227121676007933,16.402952285311535,1827.5,False
22.0,9.0,22.780060973822295,17.48269689391982,1827.5,False
17.0,18.0,22.559415960392165,16.49893152028476,1770.0,False
12.0,8.0,22.356840871731045,15.266284460529032,1827.5,False
10.0,14.0,25.405303786089643,16.42669827896089,1942.5,False
10.0,19.0,24.85937192087715,16.942745885639432,1942.5,False
16.0,23.0,24.49834513531768,16.57400039893789,1712.5,False
10.0,11.0,24.9098698488435,13.55103000782757,1827.5,False
4.0,20.0,22.57391476880899,14.025974060217855,2517.5,False
6.0,19.0,23.539156349964784,13.928570442952738,2230.0,False
28.0,25.0,25.25646091765655,13.627303782430591,1597.5,False
7.0,13.0,25.6670620379244,16.358092005834525,2172.5,False
7.0,22.0,24.052382535689365,14.569493780411317,2115.0,False
16.0,22.0,22.488245784331916,16.387826426265747,1712.5,False
12.0,12.0,25.914069329650797,16.164393758717495,1827.5,False
30.0,19.0,23.58011416556304,15.594444616406788,1655.0,False
27.0,20.0,23.275978656349714,13.738856894310564,1597.5,False
15.0,12.0,22.47996366285991,14.72122489078386,1770.0,False
16.0,16.0,22.05051848397886,13.608458997173964,1712.5,False
14.0,15.0,24.414693356607923,17.14008096488396,1770.0,False
5.0,23.0,24.449724074537677,14.734534464663316,2402.5,False
13.0,2.0,22.93696454688824,13.879798213102845,1827.5,False
9.0,17.0,22.64794702458863,13.510072465408694,1885.0,False
8.0,10.0,24.112035201995734,15.946050660851403,2057.5,False
18.0,20.0,23.741627420234476,15.983876198569234,1712.5,False
8.0,20.0,23.214616152116797,17.479701170574668,2172.5,False
8.0,17.0,22.872931447896885,14.654436750311103,2057.5,False
16.0,17.0,25.437223433031907,13.686100786221836,1655.0,False
16.0,13.0,25.935311836422,16.61752942040416,1770.0,False
9.0,13.0,23.422326929530893,14.718327827011205,1942.5,False
2.0,22.0,24.792523144392668,14.82263616231311,2690.0,False
11.0,9.0,25.46218885731503,17.130937355327845,1885.0,False
12.0,23.0,22.107747123261845,15.801481107751293,1827.5,False
23.0,20.0,25.63225952198474,15.101398593496379,1655.0,False
27.0,26.0,23.99659597147917,17.302230831658953,1712.5,False
15.0,12.0,24.22699704160936,14.56116464583689,1712.5,False
15.0,17.0,24.15949327859,13.58591164743629,1655.0,False
21.0,5.0,22.971708773635793,14.423501133703434,1770.0,False
19.0,27.0,25.12896576396285,13.676503862943857,1597.5,False
10.0,20.0,24.929353490142805,15.13098937719603,1885.0,False
8.0,19.0,22.38316939607333,16.82426623424135,2115.0,False
15.0,22.0,24.251166298006172,17.400718294615366,1712.5,False
18.0,13.0,25.828104806820363,16.30128367985206,1770.0,False
9.0,19.0,25.484629773704835,17.204459636930455,2057.5,False
13.0,23.0,24.50361748539498,15.134128124424716,1712.5,False
13.0,8.0,22.79477337504427,14.710837931674337,1827.5,False
12.0,30.0,23.388892520106808,14.116900914288388,1770.0,False
16.0,26.0,22.60143227784409,15.503522797490623,1655.0,False
20.0,30.0,25.287722459958395,14.80775222270875,1655.0,False
17.0,24.0,25.114683325090052,13.930150786884612,1655.0,False
11.0,13.0,25.641433229342706,17.22766020784188,1885.0,False
8.0,18.0,22.25358218988372,13.994815224440867,2000.0,False
24.0,9.0,25.85885392659797,16.458957647995916,1770.0,False
16.0,22.0,25.865709346329172,13.772300285406743,1655.0,False
6.0,10.0,24.69763917420145,15.608465867946055,2230.0,False
12.0,25.0,25.526992998560033,16.19921012743847,1827.5,False
23.0,12.0,23.753751492730565,14.438137926482252,1712.5,False
22.0,10.0,23.25361720402229,13.802598594240097,1712.5,False
26.0,7.0,22.61747382401934,15.873458413682108,1770.0,False
19.0,21.0,22.126317879659016,15.911627586877902,1712.5,False
15.0,10.0,22.167989410898947,14.747929995648073,1770.0,False
15.0,11.0,24.766266830416384,15.004773400777069,1770.0,False
11.0,10.0,23.346298662041164,13.682423061403568,1770.0,False
20.0,13.0,22.216246698229014,14.683154351884557,1712.5,False
18.0,29.0,22.448809238344616,17.030409900180672,1655.0,False
10.0,16.0,24.6611350598564,14.185178040164933,1827.5,False
26.0,12.0,25.754720861208565,15.372207577578408,1712.5,False
14.0,10.0,23.63191276927164,16.20730488466008,1827.5,False
6.0,4.0,25.110630269977996,16.71152903290144,2287.5,False
13.0,14.0,25.894327240456324,13.824596677107218,1712.5,False
26.0,8.0,24.83319719557714,15.867344496383664,1770.0,False
27.0,5.0,24.892025733338336,16.009160695837274,1770.0,False
16.0,8.0,24.46360317672688,14.289525433586052,1770.0,False
30.0,13.0,25.91070605875373,13.62339406823174,1597.5,False
26.0,22.0,23.19922413742271,16.877467593697627,1712.5,False
24.0,7.0,25.131953803842872,15.260279328295006,1712.5,False
25.0,20.0,23.66031224884852,13.743117072912327,1655.0,False
14.0,19.0,22.621678568362384,15.812114834901204,1712.5,False
22.0,26.0,24.957489498925888,15.007651841760133,1655.0,False
18.0,10.0,25.3176076588446,13.82080524069487,1712.5,False
21.0,23.0,25.45439647778036,14.648444929274916,1655.0,False
10.0,25.0,25.68751397979033,14.807324493232864,1885.0,False
21.0,31.0,24.97964637292668,15.799619925316163,1655.0,False
30.0,24.0,24.110474220562807,15.113334152034032,1655.0,False
13.0,9.0,25.75478170559802,13.927968711338915,1770.0,False
32.0,29.0,22.83826270460724,16.041341675373612,1655.0,False
14.0,24.0,22.309239053697652,16.415196753027246,1770.0,False
11.0,11.0,23.72650288150346,15.529211888989293,1827.5,False
8.0,10.0,24.328874350181685,13.753402973540418,1942.5,False
23.0,28.0,24.719957539863326,13.912899175829494,1597.5,False
18.0,10.0,25.26168787391639,17.278583517119156,1827.5,False
13.0,23.0,22.10702657982626,14.257461430152564,1712.5,False
19.0,15.0,25.20818536404297,14.729978226105803,1712.5,False
14.0,21.0,24.400514717926303,16.250054863171822,1712.5,False
16.0,8.0,25.81179080175098,16.667342463916018,1827.5,False
25.0,21.0,23.3915896918816,17.144075681142443,1712.5,False
20.0,17.0,24.4679138378744,15.080743019103727,1712.5,False
22.0,27.0,25.06619362513574,17.469168016775228,1712.5,False
18.0,10.0,24.065581683013257,13.915562128443527,1712.5,False
33.0,8.0,22.623630293478207,16.80613702405879,1770.0,False
12.0,11.0,22.19919908807992,14.58842461155717,1770.0,False
12.0,7.0,22.445602645356686,17.248363685922847,1942.5,False
8.0,31.0,23.97961832939111,16.976785239177147,2172.5,False
18.0,9.0,24.558435094025167,16.54908242771915,1827.5,False
19.0,11.0,24.28208426326472,15.91498981997646,1770.0,False
21.0,24.0,24.85166456736953,14.357825355194759,1655.0,False
14.0,12.0,22.155978574297862,15.347701442130843,1770.0,False
3.0,11.0,22.54536288611639,13.639143298988714,2805.0,False
19.0,20.0,25.04456043579436,16.337614295187347,1712.5,False
34.0,15.0,25.124729473910232,13.96351706981282,1655.0,False
13.0,24.0,24.809175337270933,14.533152934187438,1712.5,False
10.0,19.0,24.981720173060836,14.480198366607253,1885.0,False
13.0,13.0,25.85376034600932,16.651794623296762,1770.0,False
15.0,18.0,25.776874695012122,15.102591240434789,1712.5,False
12.0,25.0,24.577927362602722,15.638163910391675,1827.5,False
14.0,14.0,23.27733831495029,14.334474224564518,1712.5,False
19.0,22.0,22.05643956350372,14.836408456361415,1655.0,False
14.0,15.0,24.52643248363553,15.547595772294162,1770.0,False
15.0,17.0,23.72521538734827,14.276815558009936,1712.5,False
5.0,22.0,22.588109807192843,16.25925000574535,2402.5,False
28.0,6.0,22.861030992018375,15.297069513154149,1770.0,False
15.0,16.0,25.746117263639952,17.43460166698344,1770.0,False
13.0,8.0,22.26489016262405,14.486121586299772,1827.5,False
7.0,21.0,25.149883102451465,15.08423840047399,2172.5,False
19.0,19.0,25.608197324584303,17.19865153074189,1712.5,False
25.0,13.0,24.753390098713133,17.043989553154873,1770.0,False
5.0,7.0,22.245366565262405,15.43667918931715,2402.5,False
9.0,28.0,25.38341169126884,13.994374253553453,1942.5,False
9.0,13.0,24.613155764243647,15.135125516928731,1942.5,False
19.0,12.0,23.108131597487553,15.849322487210546,1770.0,False
28.0,8.0,24.518621531424053,14.516916550651478,1712.5,False
15.0,18.0,22.546171139872715,14.264531512476712,1712.5,False
14.0,12.0,24.830590211852645,15.625750650139416,1770.0,False
22.0,25.0,25.611982472634544,14.20409596844523,1655.0,False
22.0,20.0,24.086725058473498,16.99813895131503,1712.5,False
12.0,2.0,25.80842380417679,13.796963491431008,1827.5,False
10.0,18.0,23.75237987128171,17.449602701917758,2000.0,False
14.0,12.0,25.430268127125817,15.651772040051188,1770.0,False
23.0,4.0,25.094593663509094,17.434249282152823,1827.5,False
21.0,19.0,22.353718057373126,16.506064202398807,1712.5,False
20.0,11.0,25.650610311731015,14.111592340344203,1712.5,False
24.0,27.0,25.641710615366453,14.40975011120997,1597.5,False
12.0,18.0,23.4056634635828,13.92778761539077,1712.5,False
14.0,11.0,25.173755526701047,16.41634116882664,1827.5,False
5.0,31.0,22.89854977994171,14.174633891486982,2287.5,False
26.0,17.0,22.121572343631858,16.358318779471453,1712.5,False
18.0,10.0,22.8317485244668,16.937993962516853,1827.5,False
13.0,17.0,23.935951356574883,15.146857775720234,1712.5,False
7.0,30.0,22.231070013934765,16.144150039604238,2172.5,False
21.0,15.0,22.640024732445617,17.080783127012765,1770.0,False
22.0,15.0,25.801751973526333,16.512502440367975,1712.5,False
20.0,16.0,23.975363644666647,14.023042478204687,1655.0,False
11.0,13.0,25.292402119125857,14.670048935750414,1770.0,False
27.0,10.0,22.82649099697036,15.642550466523799,1770.0,False
22.0,18.0,22.35408677236311,14.557076542980894,1655.0,False
20.0,27.0,25.122192224042884,15.523695213853093,1655.0,False
20.0,22.0,23.395335314395478,17.31132301176855,1712.5,False
27.0,8.0,23.83921774143009,15.312668264515814,1712.5,False
28.0,15.0,25.968516101822296,14.546679396529155,1655.0,False
18.0,3.0,23.266122303696893,14.08631471511603,1770.0,False
15.0,13.0,23.89258316914663,17.10439001210596,1827.5,False
14.0,20.0,24.539245326871047,14.419172756405132,1712.5,False
24.0,13.0,22.35627512291242,14.274480393676473,1712.5,False
19.0,25.0,24.865728412058417,15.704549127882458,1655.0,False
7.0,16.0,23.806924081100142,15.346844207565383,2172.5,False
9.0,20.0,22.70005791013491,15.042659565648524,2000.0,False
27.0,26.0,23.722167438801808,15.814606730525858,1655.0,False
26.0,20.0,23.842671390406053,15.777623546738702,1712.5,False
29.0,27.0,24.562947899633286,13.773610072664027,1597.5,False
15.0,24.0,25.748535265546135,15.159674648601904,1655.0,False
23.0,18.0,25.060262355448035,16.383946464191048,1712.5,False
24.0,13.0,23.52980016164142,15.026716587668059,1712.5,False
13.0,13.0,25.878592861102902,17.49063739052975,1827.5,False
9.0,26.0,25.163324689293187,14.44154024388363,1942.5,False
34.0,6.0,22.111807224290487,15.485457144938792,1770.0,False
5.0,29.0,22.466345655680378,16.195717122089516,2287.5,False
18.0,13.0,22.872044648179134,15.691450741871403,1770.0,False
20.0,22.0,22.334014332027465,13.65629248770357,1655.0,False
20.0,14.0,23.941708876867928,15.554664747991861,1712.5,False
12.0,29.0,23.362872168768664,17.365708676653362,1885.0,False
21.0,5.0,25.891701854925433,15.126655532661356,1770.0,False
11.0,14.0,23.89094438900469,13.964715514878353,1770.0,False
24.0,26.0,22.848619440702937,13.58503362666016,1597.5,False
11.0,12.0,25.882923376964712,15.149059276236322,1827.5,False
21.0,12.0,24.055527165696272,14.241187274460685,1712.5,False
23.0,27.0,22.29223908534664,16.83879498661879,1655.0,False
10.0,24.0,22.323498484074097,17.309029894479146,2000.0,False
12.0,8.0,24.701170727773512,17.26212029068813,1885.0,False
23.0,18.0,23.979183556110062,14.998118136540198,1655.0,False
7.0,11.0,24.496923257795583,15.319028243227558,2115.0,False
11.0,11.0,25.39864003276886,14.760318912194442,1827.5,False
16.0,19.0,24.725534443904827,14.016209826361477,1655.0,False
28.0,9.0,25.447159432101913,15.736155209331711,1712.5,False
18.0,16.0,24.9707539598206,14.244821010105067,1655.0,False
15.0,12.0,24.697599011975626,13.737632790187808,1712.5,False
31.0,25.0,22.53879496542261,16.89773330325841,1712.5,False
16.0,18.0,23.931310451499755,16.69406396834118,1770.0,False
15.0,11.0,23.732370770668695,17.20512968990306,1827.5,False
15.0,28.0,24.162781393207474,14.809623069715444,1655.0,False
13.0,24.0,23.56457144065977,16.9828821814295,1827.5,False
13.0,12.0,24.481748993922245,15.09380772009576,1770.0,False
20.0,30.0,23.56982349774495,13.79111771060779,1597.5,False
5.0,12.0,24.23047154398341,15.331364419482522,2402.5,False
20.0,13.0,23.5795012395314,15.71514461216621,1770.0,False
11.0,15.0,25.607069413291903,15.228370075438512,1827.5,False
15.0,10.0,23.493662722799264,16.641743465121102,1827.5,False
9.0,20.0,24.923730030930926,14.907311105441735,1942.5,False
18.0,18.0,24.454940677756234,17.18424406707273,1770.0,False
21.0,27.0,23.542094111767337,13.796653491951918,1597.5,False
14.0,12.0,25.23052427379013,16.38162935394426,1770.0,False
10.0,10.0,25.710268677634687,17.215911917329407,1942.5,False
11.0,14.0,25.041937327783536,15.712648832882321,1827.5,False
24.0,9.0,25.794352183537757,17.01471318785801,1770.0,False
12.0,29.0,23.745226767458906,16.267324746098982,1827.5,False
23.0,21.0,25.654960226591154,13.558117339140821,1597.5,False
14.0,23.0,25.50489188381862,16.184978577655954,1712.5,False
10.0,22.0,25.049549261320955,16.126246638105737,1942.5,False
21.0,12.0,25.34080278061532,13.50010985933464,1655.0,False
16.0,9.0,24.920534558441123,15.136642910824861,1770.0,False
5.0,15.0,24.049233849153,13.65519766824763,2345.0,False
30.0,24.0,24.20967660456776,14.671995189989516,1655.0,False
9.0,14.0,23.6707471106562,17.44632991575743,2057.5,False
14.0,3.0,24.65717075395627,17.261136732843493,1942.5,False
15.0,20.0,23.29915951113443,16.23943708737023,1712.5,False
16.0,11.0,24.958637909843983,14.9674083461266,1770.0,False
23.0,17.0,24.020461442261972,15.085807719953413,1712.5,False
3.0,4.0,23.412751661223403,13.652858749282384,2805.0,False
28.0,17.0,22.5889116728211,14.853139672743758,1655.0,False
19.0,15.0,23.022103635991435,16.637538125565,1770.0,False
29.0,26.0,24.560801451726906,15.57741181469812,1655.0,False
24.0,21.0,23.479397222220012,15.406711104235523,1655.0,False
28.0,5.0,22.132676504767282,13.864391682628908,1712.5,False
19.0,23.0,23.318952118848088,17.176001908557534,1712.5,False
14.0,23.0,23.465430795917843,14.632292877618143,1655.0,False
16.0,20.0,22.937203523080807,15.031611239436787,1712.5,False
20.0,28.0,23.145260114950453,14.822839410782393,1655.0,False
15.0,23.0,24.819709712915408,14.814936410020039,1655.0,False
21.0,11.0,24.985065815521395,15.89729581900424,1770.0,False
8.0,14.0,25.835595863967715,16.008129373015155,2057.5,False
24.0,14.0,22.472353061881595,15.894248422259292,1712.5,False
11.0,17.0,23.246900017475117,13.773992508120301,1770.0,False
29.0,29.0,22.308178103923343,17.378149929764117,1655.0,False
10.0,19.0,24.453214935606873,16.355950784262873,1942.5,False
9.0,13.0,22.06555317321522,17.03091473430349,2057.5,False
24.0,29.0,22.821425365373727,14.138677302574727,1597.5,False
24.0,21.0,24.347920178843808,17.22843228065518,1712.5,False
22.0,12.0,23.43495458942077,16.38672266612256,1770.0,False
30.0,27.0,24.17750503636293,15.502862945878565,1655.0,False
12.0,14.0,24.560950033856944,13.59253004952262,1712.5,False
24.0,17.0,25.355760271433375,14.51274308030802,1655.0,False
14.0,16.0,23.571500885268065,16.85496547344497,1770.0,False
17.0,28.0,23.11558765855448,15.016726798680235,1655.0,False
16.0,12.0,24.15522053404719,16.21310690952765,1770.0,False
3.0,14.0,22.278725230697717,16.423172119899224,2805.0,False
18.0,20.0,22.167656891046814,16.602598831701833,1712.5,False
22.0,26.0,23.808948940039595,15.029409131867762,1655.0,False
10.0,8.0,22.872315000132907,17.13933351286814,1942.5,False
28.0,11.0,22.028866300853473,14.668799836339002,1712.5,False
17.0,29.0,24.717481842025535,16.84425839328778,1655.0,False
10.0,23.0,25.26462214698172,15.198932281618058,1885.0,False
19.0,14.0,22.591514281823788,14.436915411706583,1712.5,False
11.0,14.0,24.255609096805593,14.873797406050265,1827.5,False
6.0,16.0,25.935939811285117,16.698253755224947,2287.5,False
20.0,20.0,23.075022733594963,15.959482269768323,1712.5,False
8.0,18.0,24.92325892848016,14.046714836790894,2000.0,False
8.0,23.0,22.648410310453812,13.995869038939446,2057.5,False
22.0,6.0,25.72837192633292,16.248803227222414,1770.0,False
6.0,24.0,22.0017343407429,14.457969094648512,2287.5,False
24.0,6.0,23.178920720917638,14.334637939670413,1712.5,False
23.0,26.0,25.905730073693352,16.498007067691095,1655.0,False
9.0,6.0,24.682760952006515,14.790614691583615,1942.5,False
17.0,9.0,22.84738239759336,13.77322103971247,1712.5,False
8.0,10.0,25.165462327265764,15.199339486334623,2000.0,False
19.0,11.0,25.592342318241332,15.77671481697871,1770.0,False
6.0,15.0,23.949084682949223,15.905956788024596,2287.5,False
29.0,20.0,22.624094612830582,13.73402163243254,1597.5,False
11.0,26.0,23.03437208893124,15.31423723863966,1885.0,False
20.0,17.0,25.772456469182963,14.938247973163236,1712.5,False
9.0,17.0,22.64441118818267,15.295739011601697,2000.0,False
11.0,13.0,23.247627347807725,13.666789209830915,1770.0,False
16.0,23.0,22.58215069848452,14.682427641995753,1655.0,False
18.0,8.0,22.422423644682134,16.07383415500756,1827.5,False
34.0,13.0,24.088100234360233,14.00366544581053,1655.0,False
5.0,8.0,23.58683716517782,17.336881555292408,2460.0,False
1.0,11.0,22.184673747297193,17.475643000433706,3150.0,False
14.0,18.0,22.580779506825824,14.94176920082422,1712.5,False
14.0,9.0,22.150633518349842,16.22382174530591,1827.5,False
26.0,8.0,22.098359798552103,16.04137409146883,1770.0,False
27.0,24.0,22.713880375228513,14.168659262639576,1597.5,False
26.0,9.0,24.974597169402834,15.052776437895416,1712.5,False
9.0,19.0,22.059079872836435,17.422585170277237,2057.5,False
15.0,14.0,23.217909699440636,14.010697068908597,1712.5,False
22.0,27.0,24.259152284151327,15.800707087583834,1655.0,False
13.0,21.0,24.974814273743775,15.896722976489151,1770.0,False
20.0,6.0,24.711567595836218,14.170101710523602,1712.5,False
12.0,27.0,25.953697767202478,15.640992585374812,1827.5,False
13.0,15.0,23.10250904968631,17.169848373909936,1770.0,False
25.0,13.0,22.00055491201038,13.962624847106609,1655.0,False
12.0,20.0,22.152877103514953,14.258971977982512,1770.0,False
30.0,21.0,22.3900748416801,14.522514324958065,1655.0,False
13.0,13.0,25.900950754336016,16.50391833840259,1770.0,False
4.0,14.0,24.280193177206993,15.809005671508299,2632.5,False
12.0,10.0,25.197474135691714,15.514188109257027,1827.5,False
10.0,18.0,25.94031606400328,16.66825684093937,1942.5,False
17.0,30.0,25.37707153955631,17.41306857972209,1712.5,False
8.0,15.0,23.630463505461663,14.283832205396477,2000.0,False
19.0,33.0,25.503525742084882,16.748201675313414,1655.0,False
26.0,10.0,23.735003666025662,14.980353482853523,1712.5,False
14.0,23.0,22.45587217789358,14.08396489503564,1655.0,False
10.0,28.0,24.19252540390269,14.526080403711187,1885.0,False
15.0,20.0,25.662989363151475,15.097185932365877,1712.5,False
23.0,8.0,25.138153198517628,17.096643568657072,1770.0,False
18.0,13.0,23.607708673390967,15.41363812478401,1770.0,False
8.0,7.0,25.4194651366826,15.957212250403089,2000.0,False
17.0,19.0,23.85672997917594,13.632937861090994,1655.0,False
16.0,34.0,24.738298907671876,13.756026846861289,1597.5,False
13.0,14.0,23.3325406750471,17.25333053582418,1827.5,False
8.0,10.0,22.77885602704498,16.85327125135586,2115.0,False
31.0,12.0,23.253881615146707,15.458562602718999,1712.5,False
10.0,18.0,25.500654525877273,14.30159303501749,1827.5,False
11.0,18.0,25.959083939145206,13.660702484641897,1770.0,False
9.0,11.0,23.055667321785567,17.40139540749609,2057.5,False
18.0,22.0,22.661453651451676,13.522689151521876,1655.0,False
16.0,7.0,22.28433091609842,14.450591141315426,1770.0,False
12.0,19.0,25.01527822495544,16.235611891616845,1827.5,False
15.0,15.0,24.11200102184792,17.251593024840282,1770.0,False
20.0,9.0,24.224400803749152,13.9682372366045,1712.5,False
13.0,19.0,22.180825545771896,16.595563995874954,1770.0,False
27.0,20.0,22.324227965966056,14.827072523139076,1655.0,False
13.0,15.0,25.658491958574253,16.218873705919272,1770.0,False
11.0,23.0,24.306923297855487,13.88653292159234,1770.0,False
29.0,17.0,22.87682672493562,16.959267307590885,1712.5,False
24.0,13.0,22.829845186112422,16.328895735841602,1770.0,False
14.0,29.0,22.963612744585127,17.322407357810523,1770.0,False
25.0,29.0,22.25503156380955,15.509676630242897,1655.0,False
17.0,8.0,22.199053006506283,17.050765320871015,1885.0,False
14.0,29.0,24.8799413985045,15.661594509189712,1712.5,False
25.0,23.0,23.055027257792815,15.55115674367749,1655.0,False
22.0,8.0,23.537859981074618,13.87844168486374,1712.5,False
13.0,17.0,24.149451700747996,16.756677907940453,1770.0,False
19.0,5.0,23.28025637771952,15.148810075315062,1770.0,False
14.0,18.0,23.91514565299269,15.900100177361137,1712.5,False
2.0,28.0,25.460042616780786,16.10276651499526,2575.0,False
30.0,14.0,22.976397925819423,16.599245208692707,1770.0,False
17.0,17.0,25.165038692489514,15.801377251426121,1712.5,False
18.0,11.0,23.05579461893065,15.979642192923981,1770.0,False
19.0,17.0,22.747790431350456,15.583018658401683,1712.5,False
18.0,23.0,22.29063499760307,15.955806891986064,1712.5,False
13.0,11.0,24.736806084964268,15.27691605336373,1770.0,False
31.0,18.0,23.64653523121662,16.605646059965796,1712.5,False
19.0,14.0,25.081707655677594,16.74202899182743,1770.0,False
20.0,22.0,22.530684524132262,15.568430294875387,1712.5,False
16.0,21.0,24.41340221304059,14.08651215723239,1655.0,False
13.0,21.0,22.05194817890021,14.993991889666514,1712.5,False
7.0,14.0,22.935319938716354,16.85975467859167,2230.0,False
14.0,18.0,24.438588811985777,17.166996008639575,1770.0,False
10.0,20.0,22.224154707282082,14.568212006950652,1885.0,False
20.0,20.0,23.508914993848823,17.264410401018107,1712.5,False
26.0,18.0,24.246651280106683,14.606852970983505,1655.0,False
13.0,25.0,24.910346255850435,17.175507370986157,1827.5,False
14.0,12.0,24.822624219873646,17.241742104150045,1827.5,False
20.0,6.0,22.59272239964209,15.519327635272989,1827.5,False
9.0,30.0,22.3006814128006,17.30220861695569,2115.0,False
28.0,6.0,23.5054335991992,15.697089463456527,1770.0,False
14.0,27.0,22.96322416204073,15.015561152112234,1712.5,False
8.0,19.0,23.22276557926754,16.740638021010753,2115.0,False
10.0,28.0,23.369938595454137,13.93408840604795,1885.0,False
28.0,18.0,23.588711229203046,14.366620273397304,1655.0,False
12.0,24.0,24.074401665593623,14.353000422103252,1770.0,False
20.0,21.0,22.037214934910295,15.98829411431096,1712.5,False
10.0,17.0,23.192009457795937,16.3354913006509,1942.5,False
11.0,14.0,23.057468559478295,16.84970165410937,1885.0,False
26.0,2.0,22.944892130232716,17.099447858385265,1885.0,False
9.0,12.0,25.154476791517318,17.000190065941776,2000.0,False
4.0,29.0,23.005191986609233,16.227978387658624,2287.5,False
17.0,12.0,22.60385856422264,17.159306709840386,1827.5,False
25.0,22.0,25.40730402454804,14.602178166704052,1655.0,False
13.0,17.0,23.531765985729944,16.401103704909126,1770.0,False
9.0,13.0,22.736135988673944,13.806669726858921,1885.0,False
32.0,33.0,25.004831422637434,14.000913698959664,1597.5,False
20.0,6.0,24.628697313887944,14.404488576211893,1712.5,False
25.0,18.0,25.781199068074578,13.910706969507535,1655.0,False
22.0,16.0,25.51118231827634,17.36266338642137,1770.0,False
21.0,7.0,24.777261447783186,15.364976917869553,1770.0,False
15.0,11.0,22.643964502095105,17.126817441911196,1827.5,False
13.0,21.0,23.93272495375245,15.406527791901672,1712.5,False
21.0,8.0,22.475154760841253,16.298704755606938,1827.5,False
21.0,23.0,24.19759312248933,14.786859183762132,1655.0,False
29.0,19.0,25.66713422778569,17.30266181161707,1712.5,False
18.0,8.0,22.015291788228467,13.639577847180732,1712.5,False
13.0,13.0,25.504059185058622,16.289618324883886,1770.0,False
16.0,9.0,24.157272297035473,17.30151997195353,1827.5,False
19.0,23.0,22.60499807956605,16.6525945190414,1712.5,False
15.0,17.0,25.42346296671414,16.810385116165275,1770.0,False
23.0,2.0,24.147585390500446,14.696652079841467,1770.0,False
18.0,17.0,23.792662808464005,15.307391960462159,1712.5,False
3.0,16.0,23.998872676762954,14.044723721546926,2747.5,False
18.0,19.0,22.58948630279466,15.00562226151066,1712.5,False
19.0,5.0,22.450952700235067,13.533741072526484,1712.5,False
27.0,5.0,24.64622585085514,16.6150784229402,1770.0,False
15.0,14.0,25.521647476180956,17.31204938900931,1770.0,False
18.0,20.0,24.777834844440896,16.3033974028413,1712.5,False
16.0,20.0,25.36314075976081,16.741190374611776,1712.5,False
17.0,13.0,25.379086560785904,15.553878901901182,1770.0,False
7.0,11.0,22.128162295174803,14.266673881197793,2115.0,False
27.0,20.0,25.083819596020902,16.383261846435413,1712.5,False
27.0,5.0,25.088370282101994,14.697135219582922,1712.5,False
17.0,18.0,23.399907864020683,15.338100019007234,1712.5,False
18.0,15.0,23.63939604002654,17.102671378821565,1770.0,False
6.0,12.0,24.981960000502667,14.991748529944118,2230.0,False
18.0,17.0,25.946218963481826,14.657478070626388,1712.5,False
15.0,11.0,25.95130064575988,13.62677801494592,1712.5,False
21.0,18.0,23.895371445650127,16.30582749363465,1712.5,False
6.0,9.0,25.158202961815967,14.36087967565295,2172.5,False
21.0,15.0,23.86424597052269,16.057666525092856,1712.5,False
13.0,17.0,25.46383659362148,14.96641669560411,1712.5,False
20.0,5.0,24.598910644074383,16.650702738558508,1827.5,False
19.0,19.0,25.746561563697906,17.059577923451887,1712.5,False
11.0,22.0,25.9889606454007,14.442812954297471,1827.5,False
15.0,30.0,23.320750641371504,16.669244402439567,1712.5,False
24.0,11.0,25.917295253248493,14.1112551493617,1655.0,False
19.0,11.0,24.770051867322824,14.063709381386117,1712.5,False
7.0,13.0,22.95234480091613,15.213782609797407,2115.0,False
16.0,26.0,22.01244779967931,14.798038005473474,1655.0,False
13.0,15.0,24.73535396941468,17.448631084093996,1770.0,False
19.0,13.0,22.889518722241327,16.715915935544025,1770.0,False
19.0,22.0,22.925514484186383,17.060947545127764,1712.5,False
3.0,5.0,24.208672259408026,14.04399062746071,2805.0,False
19.0,17.0,22.123703686774142,16.355843827041216,1770.0,False
22.0,16.0,23.665477020760818,15.91713722361516,1712.5,False
22.0,19.0,25.197493888602942,13.896957003462392,1655.0,False
6.0,21.0,22.10904095523515,16.67465437672962,2345.0,False
13.0,13.0,24.49576631618603,16.91512720406804,1827.5,False
15.0,19.0,22.633518633127103,17.15637198441749,1770.0,False
10.0,17.0,25.451357497536215,17.259282145424905,1942.5,False
15.0,9.0,23.562747715604285,13.93124227656016,1770.0,False
7.0,26.0,25.24848931607,17.0286891518245,2230.0,False
8.0,22.0,24.895281056075433,17.28144007668967,2115.0,False
20.0,28.0,25.511340503831974,16.263176780076623,1655.0,False
12.0,21.0,24.067439579535105,14.235405343711697,1770.0,False
21.0,12.0,23.94445202071268,15.103350684739501,1712.5,False
6.0,15.0,22.149722129462514,13.86044097915445,2230.0,False
18.0,15.0,24.135256350839402,13.516985781918443,1655.0,False
15.0,5.0,24.087905469909593,17.180248337929854,1885.0,False
23.0,15.0,24.42557913021072,17.389353638286273,1770.0,False
23.0,14.0,22.524086554925347,17.177171561784505,1770.0,False
14.0,2.0,24.159871638779766,14.515850332013626,1827.5,False
19.0,25.0,23.816129218960256,15.984443721999536,1655.0,False
11.0,9.0,24.383903964986278,15.49879050015724,1827.5,False
18.0,17.0,24.64220033229182,15.484190286324303,1712.5,False
7.0,23.0,23.445693635326652,15.213335287724025,2172.5,False
15.0,19.0,24.016212257666933,17.26472182247554,1770.0,False
10.0,10.0,23.58039127720227,16.663557583329517,1942.5,False
26.0,19.0,25.061959733813353,16.887474269611136,1712.5,False
16.0,22.0,25.18569479377757,13.638442701731671,1655.0,False
18.0,25.0,23.171765588359968,15.147800668471538,1655.0,False
14.0,13.0,23.038183752964592,15.891913060211282,1770.0,False
13.0,5.0,24.713292424561836,16.134886042141076,1885.0,False
11.0,19.0,25.09606482126928,17.079519088343545,1885.0,False
27.0,11.0,22.043461966312734,14.168011683798767,1712.5,False
23.0,23.0,23.709743925888905,13.860146854667079,1597.5,False
9.0,20.0,23.230923513653718,17.072795456994783,2057.5,False
22.0,23.0,25.066081815702404,15.526476967259958,1655.0,False
15.0,30.0,22.574162898483337,15.656862252510543,1712.5,False
4.0,18.0,25.112986012003173,17.06000263472221,2632.5,False
17.0,27.0,24.64562646780583,16.499239889227173,1712.5,False
9.0,19.0,25.37171829489957,16.423017956928852,2000.0,False
11.0,10.0,25.960973389627803,14.244113844783213,1827.5,False
21.0,23.0,23.906220480200894,15.985641170305684,1712.5,False
12.0,21.0,24.797645978901162,15.300284908267079,1770.0,False
26.0,31.0,24.839843753842374,15.944165994898583,1655.0,False
20.0,12.0,25.37829299741916,15.802708710555118,1770.0,False
24.0,14.0,24.072500727443014,13.605119899640613,1655.0,False
19.0,24.0,22.430590962272156,14.87550162188243,1655.0,False
26.0,6.0,25.917451820357954,15.331212828253033,1712.5,False
14.0,19.0,22.227349378295486,15.500887686518478,1712.5,False
17.0,17.0,25.849498027482817,13.897877078575068,1655.0,False
17.0,10.0,23.021432902741175,17.09415560545095,1827.5,False
27.0,10.0,23.969935684051237,14.83726277082026,1712.5,False
10.0,24.0,25.802646014975146,15.457687901655083,1885.0,False
18.0,4.0,24.70664216052584,16.15490965734677,1827.5,False
22.0,22.0,24.34224538082068,16.376326544335004,1712.5,False
14.0,22.0,23.303571435533886,15.012110062291633,1712.5,False
26.0,20.0,23.16962417849753,14.01645130518824,1655.0,False
14.0,15.0,22.131110656370346,14.329270676932909,1712.5,False
10.0,5.0,24.345328907805282,14.160207429758499,1885.0,False
18.0,23.0,23.72040506232518,14.47655121807847,1655.0,False
15.0,9.0,22.897204787802426,15.914585325331196,1827.5,False
4.0,13.0,23.5368564975487,15.643035281843915,2632.5,False
7.0,29.0,25.76376883248422,14.17452179129937,2172.5,False
11.0,13.0,25.393600473773475,16.226066017530243,1827.5,False
22.0,12.0,23.72162919620864,13.754818797059048,1655.0,False
26.0,31.0,25.919812106275494,17.13842808727003,1655.0,False
17.0,7.0,23.848471091863424,15.76476332711847,1827.5,False
8.0,10.0,23.396567512860393,15.86166929950932,2057.5,False
17.0,15.0,23.55168243819499,14.643575365665644,1712.5,False
25.0,23.0,25.498466746042872,15.54654801207943,1655.0,False
22.0,26.0,23.071019002363926,15.205029162832233,1655.0,False
13.0,22.0,22.888411051829507,17.302985784341743,1827.5,False
9.0,31.0,25.84218929661214,13.804885829633589,1942.5,False
27.0,4.0,24.93707563199891,15.334942542565342,1770.0,False
25.0,19.0,25.055123259064537,16.666069401914406,1712.5,False
6.0,8.0,24.96116159541764,15.678308363377024,2230.0,False
24.0,27.0,24.731629451514642,15.76087184705498,1655.0,False
8.0,28.0,22.364991870297573,17.144862458626964,2172.5,False
6.0,13.0,25.01471538889048,15.00277113917191,2230.0,False
22.0,24.0,22.995687600543683,13.508257422123673,1597.5,False
17.0,19.0,22.529621056834433,17.202685654605375,1770.0,False
15.0,8.0,25.932011967263236,13.632238993223968,1712.5,False
27.0,19.0,22.11145513363574,16.689616495628343,1712.5,False
25.0,31.0,22.126544374294074,14.05837687372907,1597.5,False
6.0,13.0,23.239650129768332,13.58273675096866,2172.5,False
19.0,2.0,25.3768082529058,14.918680949169097,1770.0,False
23.0,31.0,25.911776485326698,16.956225707023833,1655.0,False
18.0,15.0,22.474110891529875,13.647751476274202,1655.0,False
32.0,15.0,23.581759335387797,14.550720429861936,1655.0,False
20.0,21.0,24.937207314079078,14.6161969124756,1655.0,False
8.0,19.0,24.58211299119488,13.879227730041158,2000.0,False
11.0,13.0,22.93350671566346,13.870232174170859,1770.0,False
24.0,8.0,23.316823760307663,17.132722460623803,1827.5,False
34.0,24.0,24.377498607439623,16.281182619882905,1655.0,False
8.0,16.0,22.141626228457373,14.744550140894894,2057.5,False
8.0,20.0,25.032915909419394,14.453283125839615,2000.0,False
22.0,25.0,23.101619677099652,13.671524851546934,1597.5,False
7.0,4.0,25.313384737290818,14.935148924919108,2115.0,False
7.0,25.0,24.73467536728315,14.70453826470198,2172.5,False
26.0,22.0,24.581658083466447,17.16831923431127,1712.5,False
23.0,29.0,25.069444483776532,14.382034260469178,1597.5,False
26.0,12.0,22.30053808646709,15.120588976887007,1712.5,False
20.0,13.0,23.039882927523564,16.22805634449245,1770.0,False
13.0,20.0,24.086949870562908,14.784721499285418,1712.5,False
27.0,28.0,25.10862533461154,16.62714383956111,1655.0,False
13.0,33.0,25.396223010632852,16.405025699620296,1770.0,False
12.0,15.0,23.528414618941696,13.641875800168066,1712.5,False
26.0,17.0,25.174590604433746,16.923322511242414,1712.5,False
20.0,10.0,22.88109644054726,14.955600286774429,1770.0,False
27.0,21.0,22.329740972696307,13.883422972348718,1655.0,False
10.0,24.0,22.98633370026883,16.293382394329914,1942.5,False
29.0,23.0,25.612592649695465,16.488586593457992,1655.0,False
19.0,14.0,24.17614568235421,13.784038791398627,1655.0,False
20.0,30.0,23.92539644038003,14.915682620911099,1655.0,False
27.0,9.0,24.973338759777036,17.081921954306946,1770.0,False
14.0,16.0,22.040371725980226,16.1777518774203,1770.0,False
21.0,18.0,22.47321247478868,15.635686798191431,1712.5,False
19.0,17.0,22.398410903045487,15.516451953390783,1712.5,False
23.0,22.0,22.48666844429961,15.933665330303581,1712.5,False
27.0,19.0,23.81380145879525,16.112083740854963,1712.5,False
20.0,7.0,23.122731658259017,13.77534631509066,1712.5,False
7.0,10.0,25.14290003117172,14.836593160045734,2115.0,False
10.0,17.0,25.356156471029582,15.606607808867768,1885.0,False
29.0,21.0,25.69975738885334,16.421365892064397,1712.5,False
30.0,17.0,22.784249596802397,16.471098906763352,1712.5,False
30.0,14.0,24.011406737564844,15.92203732885617,1712.5,False
5.0,6.0,22.194791276570037,15.846099322627124,2402.5,False
14.0,23.0,22.959632500536827,14.971003407315747,1712.5,False
22.0,17.0,24.460309482103106,16.83880026608275,1712.5,False
22.0,17.0,23.689569261271412,17.16560091904661,1770.0,False
7.0,16.0,24.762796988559156,16.8852696430932,2230.0,False
19.0,12.0,25.356909522216295,16.987683975462282,1770.0,False
9.0,12.0,22.238140435537133,17.13524031360252,2000.0,False
16.0,6.0,25.754451873368236,14.308254542030491,1770.0,False
12.0,21.0,22.169613314665188,15.55550628673232,1827.5,False
6.0,12.0,25.926674890221932,15.638161190931983,2287.5,False
7.0,13.0,24.550526900368478,15.44169961642589,2115.0,False
27.0,33.0,22.173200077149115,16.893954078276757,1655.0,False
22.0,15.0,23.574515272702726,14.800155732948216,1712.5,False
28.0,17.0,23.032833828869606,14.145254825143287,1655.0,False
16.0,15.0,25.194289390468622,14.597202453998772,1712.5,False
15.0,13.0,22.90182067716638,14.072510602720522,1712.5,False
14.0,3.0,25.30485005381237,15.119160180328885,1827.5,False
19.0,25.0,23.249365601745783,13.96724439978718,1655.0,False
14.0,16.0,25.956574684954287,13.850303053275,1712.5,False
22.0,21.0,23.08163642834157,15.304020998048845,1655.0,False
23.0,30.0,24.739843212900922,15.904562992981404,1655.0,False
26.0,2.0,25.200775027219397,15.930567516717232,1770.0,False
12.0,20.0,22.865837659645273,13.869146613004936,1712.5,False
17.0,9.0,22.303022979948697,17.386299801738637,1885.0,False
11.0,16.0,24.204989926277523,13.986985154789178,1770.0,False
5.0,25.0,24.7083162521618,16.141853857053412,2402.5,False
21.0,7.0,25.269104735677345,17.05456198718636,1827.5,False
17.0,32.0,23.091055784858742,17.03906416837696,1655.0,False
21.0,18.0,25.48914356943154,15.54851586490457,1712.5,False
7.0,15.0,25.663066595621366,14.609811205098673,2115.0,False
33.0,4.0,25.11674791159126,16.8114779166587,1770.0,False
33.0,18.0,22.03038739917159,15.950359184833184,1712.5,False
16.0,16.0,22.34886559168231,16.664186378590426,1770.0,False
25.0,11.0,25.990949415262076,15.099968135330407,1712.5,False
12.0,16.0,24.935794777260732,17.153714640396185,1827.5,False
22.0,3.0,24.507166547577995,17.218370676487,1885.0,False
26.0,34.0,25.605448032440602,16.449388382846184,1655.0,False
24.0,14.0,22.158565860965478,17.270267324261553,1770.0,False
24.0,16.0,25.0295114496482,15.31399283024829,1712.5,False
16.0,23.0,24.618710279677202,14.2778544803577,1655.0,False
24.0,21.0,25.392883325779692,16.12361618645252,1712.5,False
20.0,26.0,25.111616934529422,16.113460357769622,1655.0,False
9.0,29.0,23.93972342286453,15.465288102721336,2000.0,False
8.0,10.0,22.283873811581238,14.542474247449345,2000.0,False
23.0,15.0,25.637606161891906,15.997371810912835,1712.5,False
19.0,20.0,25.054008983632563,14.223118954920732,1655.0,False
17.0,6.0,23.425584258979946,16.513195813738733,1827.5,False
27.0,21.0,25.935712988938057,17.12724813030395,1712.5,False
20.0,3.0,23.244432880810393,14.166484823441275,1770.0,False
15.0,27.0,23.482242449044424,16.78108522143304,1712.5,False
15.0,21.0,25.898702795527793,14.293888068100767,1655.0,False
19.0,18.0,24.672444308238138,15.501697142753859,1712.5,False
22.0,15.0,25.516779624944714,17.216984467936626,1770.0,False
18.0,32.0,25.551016586940012,13.83084287025494,1597.5,False
17.0,22.0,24.14579334367937,13.859066880217943,1655.0,False
21.0,24.0,23.067867278315024,17.334893934166896,1712.5,False
21.0,24.0,25.389783442422008,14.135397421518048,1655.0,False
24.0,4.0,24.007550268338697,14.868190514916515,1770.0,False
6.0,6.0,24.257404146932867,15.335976000830952,2230.0,False
22.0,11.0,24.165471853531557,13.526783916557127,1655.0,False
17.0,20.0,22.03835224163766,14.252321568007087,1655.0,False
7.0,19.0,22.183476419655534,16.813621681825293,2230.0,False
20.0,13.0,24.46553730369708,15.575415357737214,1712.5,False
21.0,31.0,25.1777494347769,15.075591960595947,1655.0,False
17.0,8.0,23.828154336615697,16.227878710915316,1827.5,False
23.0,23.0,22.76163319073149,14.799076656986216,1655.0,False
13.0,16.0,23.626541624803252,15.254153788811932,1712.5,False
11.0,15.0,25.073294206933575,17.474905410069677,1885.0,False
14.0,4.0,22.434485548978742,16.597144598018353,1942.5,False
15.0,21.0,24.24079554635336,15.715893220549294,1712.5,False
21.0,23.0,24.808851185604517,15.606981840865382,1655.0,False
25.0,13.0,23.66333176691311,16.87708783599092,1770.0,False
21.0,17.0,24.4050484788084,15.90346779749223,1712.5,False
10.0,19.0,25.533907783282643,14.85711461896549,1885.0,False
14.0,14.0,22.85125292682922,15.171166825863725,1770.0,False
10.0,19.0,22.54033262621649,14.233558780743998,1885.0,False
20.0,15.0,22.243393204724562,17.338082320630164,1770.0,False
12.0,26.0,24.904852293677408,16.108825244362098,1827.5,False
17.0,21.0,25.602123329762186,15.094281683032229,1712.5,False
23.0,8.0,24.761574505228296,14.939551684454312,1712.5,False
20.0,23.0,25.905811476549065,17.127969256460144,1712.5,False
13.0,14.0,24.832442944511612,14.941262214695175,1770.0,False
14.0,28.0,23.153979079169446,16.525459177810678,1770.0,False
20.0,19.0,23.02235751546609,16.84170529684785,1712.5,False
17.0,5.0,24.666677468475665,17.139201356619402,1885.0,False
8.0,22.0,24.703246708695428,14.992207417395973,2057.5,False
26.0,9.0,24.095249326484158,16.56130761322373,1770.0,False
17.0,26.0,24.107556328163962,14.807527067343988,1655.0,False
16.0,29.0,23.666565730893865,17.276076501323015,1712.5,False
11.0,21.0,23.399684117206426,13.54464064673822,1770.0,False
14.0,17.0,24.5362100468216,15.780761798131529,1712.5,False
14.0,19.0,24.99006918416697,15.539807747575717,1712.5,False
12.0,15.0,25.25362293442555,17.01048990996777,1827.5,False
18.0,7.0,23.231347279357184,14.365249007781479,1770.0,False
16.0,28.0,25.430936945140125,13.8491516051503,1655.0,False
26.0,14.0,23.21096884381696,16.885758250139425,1770.0,False
29.0,13.0,23.219512862332227,14.900407581695958,1712.5,False
11.0,11.0,25.224009182494733,14.79967699013039,1827.5,False
8.0,33.0,25.877501738249503,13.921241869858374,2057.5,False
23.0,29.0,25.728902779853115,17.180235649341473,1712.5,False
33.0,14.0,22.444317330682424,16.03183131843129,1712.5,False
25.0,12.0,23.153906457429294,16.268735106077145,1770.0,False
4.0,23.0,25.039586103444577,17.091751992121516,2517.5,False
12.0,15.0,25.224974383370306,16.875418108211086,1827.5,False
6.0,30.0,24.01706611618887,15.307255483167928,2287.5,False
24.0,27.0,22.064411112162055,14.13908816616254,1597.5,False
18.0,22.0,24.007390293270028,16.189255610608864,1712.5,False
17.0,8.0,22.124587692276638,16.102860923474708,1827.5,False
18.0,21.0,23.12558177917819,13.688318340131435,1655.0,False
12.0,32.0,24.62744020145793,17.097605383268636,1885.0,False
19.0,14.0,22.538409598632974,14.840956965930786,1712.5,False
5.0,26.0,24.849958174861662,15.215118989968119,2402.5,False
19.0,15.0,24.485544945449252,15.555125582165635,1712.5,False
22.0,31.0,23.71877687438522,17.14807694563408,1655.0,False
20.0,20.0,23.48862020710934,14.181959482252624,1655.0,False
14.0,8.0,25.65866560068334,14.974759177179589,1770.0,False
24.0,16.0,24.212682647637084,15.50536202467772,1712.5,False
21.0,6.0,25.555598172303906,17.467594905812113,1827.5,False
9.0,15.0,23.649769013652165,15.259004188496242,1942.5,False
11.0,27.0,24.378560721471153,15.09415124873189,1827.5,False
19.0,12.0,25.818434807320756,17.24010724245466,1770.0,False
13.0,29.0,22.49634398823123,16.14597944517271,1770.0,False
9.0,8.0,23.051122662858095,14.154297046341705,1885.0,False
10.0,20.0,25.66677577262778,14.203207446176815,1827.5,False
10.0,30.0,23.688017648845353,16.07781074313394,1942.5,False
16.0,20.0,23.088141553437026,15.368221384600293,1712.5,False
19.0,27.0,25.989358846281117,13.53587222689392,1597.5,False
10.0,33.0,22.408837232390812,15.294368324040995,1942.5,False
21.0,19.0,24.44617204242848,17.25878124133153,1770.0,False
13.0,23.0,25.15229814439937,16.489515541520827,1770.0,False
13.0,5.0,25.146955991911117,15.734410036545707,1885.0,False
11.0,15.0,23.76736807696443,14.28078446175301,1770.0,False
23.0,13.0,22.17584413681827,14.842560244430029,1712.5,False
30.0,24.0,25.364108362159033,17.4865571325483,1712.5,False
16.0,20.0,25.21094989702222,16.136214652221398,1712.5,False
5.0,19.0,22.949523009404363,14.605150308257711,2402.5,False
12.0,28.0,23.362109694769813,16.451963349097745,1827.5,False
10.0,8.0,24.050369324460313,13.86545948528187,1827.5,False
25.0,29.0,22.45657483065384,14.982329488213427,1655.0,False
7.0,8.0,25.28225810839794,14.416523286633163,2057.5,False
30.0,14.0,25.68839988442897,17.084032339334296,1712.5,False
18.0,19.0,23.232777325558146,16.44058205545166,1712.5,False
17.0,14.0,25.69611786134338,15.489999449209073,1712.5,False
25.0,20.0,25.203478048703534,15.131200479616297,1655.0,False
5.0,23.0,24.911301776014625,16.934348794181993,2460.0,False
23.0,24.0,25.8766148560264,14.281726762462332,1655.0,False
8.0,10.0,23.298600646732297,13.799051223271924,1942.5,False
25.0,10.0,25.662571188735875,16.90708312955485,1770.0,False
17.0,6.0,22.39361439043569,16.9259844778882,1885.0,False
6.0,16.0,23.912056601261074,14.472305725392816,2230.0,False
24.0,9.0,24.20804503818498,14.281135304668194,1712.5,False
5.0,13.0,22.491242468262,16.385228690243558,2460.0,False
9.0,25.0,24.94941602426014,14.073540687885917,1942.5,False
23.0,29.0,23.900715855328286,15.987803988003408,1655.0,False
16.0,24.0,23.8221617580348,16.304938459686994,1712.5,False
26.0,2.0,24.32575866337176,15.987919805333366,1770.0,False
19.0,18.0,22.538846721689833,15.207713494701329,1712.5,False
19.0,10.0,22.800100641207763,16.764710869571864,1827.5,False
13.0,14.0,22.722737707288687,17.219933877924817,1827.5,False
9.0,15.0,25.807730389830297,16.322834726640956,2000.0,False
30.0,29.0,25.092759531263127,15.17580501169046,1597.5,False
8.0,19.0,24.116787901318098,17.482805270873893,2115.0,False
17.0,12.0,24.637820525491584,15.297663362504672,1770.0,False
12.0,19.0,24.599912424561037,13.96505370269636,1712.5,False
12.0,29.0,23.049380040450007,14.23032890495584,1770.0,False
18.0,6.0,22.346431347655095,14.891777748414235,1770.0,False
23.0,24.0,24.219755047280504,14.1844666624201,1655.0,False
23.0,11.0,23.052169957254485,16.613169754408577,1770.0,False
26.0,10.0,25.493886595248505,13.556422795305743,1655.0,False
13.0,27.0,22.9442121768273,15.123533201168204,1770.0,False
16.0,2.0,24.29144590078117,17.012828386565804,1942.5,False
3.0,22.0,23.680371607596193,13.970946939128591,2575.0,False
22.0,7.0,24.971611307844697,15.804335275021286,1770.0,False
13.0,19.0,25.802984869013322,17.23539593749784,1770.0,False
18.0,19.0,23.646284278582186,13.786385293702946,1655.0,False
10.0,25.0,22.17741811000736,14.898903037744624,1885.0,False
24.0,24.0,24.645725564542392,13.650647066669487,1597.5,False
24.0,20.0,22.51673949312981,16.228777299739548,1712.5,False
26.0,14.0,22.418006016903796,15.169997255549076,1712.5,False
6.0,10.0,24.646232545307623,17.28928553978232,2345.0,False
33.0,19.0,22.411249341891438,16.265159739168833,1712.5,False
12.0,17.0,22.515108527029707,15.907762290287408,1827.5,False
13.0,7.0,23.756322921281768,17.141289292262822,1885.0,False
12.0,30.0,23.809304344935942,14.018649108340089,1770.0,False
12.0,13.0,25.654857223733803,16.633779917933687,1827.5,False
18.0,2.0,23.104536851981315,16.41921891246712,1885.0,False
12.0,27.0,23.603740430903606,16.19300386526914,1827.5,False
15.0,18.0,24.83008410542818,16.052307117051583,1712.5,False
20.0,22.0,25.308079744856766,13.99749199983532,1655.0,False
24.0,10.0,23.396481471382817,16.7561734987722,1770.0,False
21.0,15.0,24.52430968007232,16.04061625970867,1712.5,False
18.0,19.0,24.496743549309297,16.585891916080357,1712.5,False
9.0,12.0,23.21283048902972,17.004360348511028,2000.0,False
24.0,21.0,22.474484779581164,15.669703936917957,1712.5,False
5.0,12.0,24.730068335600112,17.32754094767105,2517.5,False
12.0,11.0,23.07227227156256,13.936805521608136,1770.0,False
6.0,3.0,23.273129451406408,13.516151461604341,2172.5,False
20.0,13.0,24.28942069493867,14.819774456552233,1712.5,False
14.0,12.0,22.64323575712613,14.366200379120047,1770.0,False
20.0,22.0,22.965993194905266,15.714439557097888,1712.5,False
14.0,18.0,23.78431526778483,14.621181585714645,1712.5,False
16.0,10.0,25.513933116334783,16.25255054551261,1770.0,False
16.0,18.0,25.089024498647575,17.281314017879087,1770.0,False
6.0,11.0,23.270387414521533,16.577025857309383,2287.5,False
15.0,15.0,23.208275546889734,15.181007406530355,1712.5,False
19.0,26.0,25.949379648369554,17.442011751082386,1712.5,False
17.0,21.0,24.61353709354128,16.58472954306706,1712.5,False
7.0,20.0,24.742136129730426,16.743526328935502,2230.0,False
20.0,13.0,22.220497301549635,14.318996185948361,1712.5,False
13.0,9.0,22.419890134929204,16.24759786336577,1827.5,False
4.0,22.0,23.177814540014758,13.78254149006359,2517.5,False
10.0,18.0,25.36804448937077,14.441237653780435,1827.5,False
17.0,19.0,25.642677318494837,13.565751182466183,1655.0,False
13.0,31.0,22.764117383790076,16.320944570891882,1827.5,False
21.0,14.0,24.856787068902772,13.583784887478934,1655.0,False
12.0,23.0,25.496550524516614,15.296707105147243,1770.0,False
23.0,18.0,25.515603617923603,16.09546941404292,1712.5,False
13.0,12.0,23.835229059891322,14.719982222111847,1770.0,False
19.0,6.0,23.035113954921766,14.969121773103868,1770.0,False
23.0,19.0,25.82513579849146,16.972636035354387,1712.5,False
15.0,13.0,23.106332553809803,17.105652166974238,1827.5,False
6.0,21.0,23.01078024438896,16.934800232108646,2345.0,False
17.0,21.0,22.8227315224148,16.499737724662666,1712.5,False
33.0,16.0,24.130141842449575,14.610117410262614,1655.0,False
30.0,17.0,22.42873740546071,13.798708544747612,1655.0,False
11.0,19.0,24.28275067950463,15.454781512591365,1827.5,False
22.0,16.0,25.774757162590294,17.19757182097503,1770.0,False
14.0,26.0,24.01987686834502,14.39349457242113,1655.0,False
10.0,7.0,25.861390334645435,14.338197559080715,1885.0,False
20.0,31.0,25.622813783233614,16.618595209729094,1655.0,False
17.0,5.0,25.169206666686254,15.867952745877087,1827.5,False
17.0,11.0,24.432228996809787,15.117199505115053,1770.0,False
24.0,21.0,25.522711471366776,16.950681101079148,1712.5,False
14.0,7.0,24.219935168722806,15.830113054702911,1827.5,False
20.0,12.0,22.828805254395927,17.18107020268914,1827.5,False
14.0,10.0,25.700717899391343,14.972600984257166,1770.0,False
6.0,21.0,24.008759520031592,15.276302008762531,2287.5,False
14.0,18.0,25.630992297650604,13.797214045276807,1655.0,False
29.0,7.0,23.572583465169565,14.970757688586945,1712.5,False
16.0,16.0,23.34289726249912,14.218857084773624,1712.5,False
8.0,11.0,25.063965294507607,13.631328427398739,1942.5,False
20.0,30.0,24.537781829413383,14.523047624073541,1597.5,False
30.0,8.0,23.75889973991042,15.46250655655659,1712.5,False
27.0,18.0,25.514356296783916,14.489431037903133,1655.0,False
18.0,16.0,24.06630645399028,13.936354423001582,1655.0,False
14.0,18.0,22.051164510670866,15.306136150543765,1712.5,False
18.0,30.0,24.772815426921074,14.09138928350801,1597.5,False
24.0,14.0,22.252626685589124,13.84397285052599,1655.0,False
25.0,22.0,23.924409163819476,17.34073062123062,1712.5,False
24.0,16.0,22.768318111571052,15.403825085753533,1712.5,False
16.0,20.0,22.967933993986552,16.70930937763334,1712.5,False
9.0,14.0,25.91926079955329,14.183136231469287,1885.0,False
18.0,11.0,22.453917251821412,15.34619953235397,1770.0,False
10.0,7.0,25.030828819311786,13.859698500758018,1827.5,False
6.0,8.0,24.54978050760979,15.147202959747792,2230.0,False
17.0,30.0,22.780170793127724,16.805599094653033,1655.0,False
20.0,23.0,25.741351729062984,17.070990512417573,1712.5,False
25.0,12.0,22.805665804630408,15.576024387973542,1712.5,False
23.0,17.0,24.062338806156912,14.64560912079197,1655.0,False
25.0,21.0,25.16208776077469,16.433876788853805,1712.5,False
22.0,14.0,25.054284605822232,16.055713534674016,1712.5,False
21.0,15.0,23.278832020884472,15.381906177524776,1712.5,False
3.0,21.0,25.35708946560831,15.401454145439486,2632.5,False
19.0,11.0,25.848386480057485,15.472856790897392,1712.5,False
9.0,17.0,23.896079297811752,14.85696908303086,1942.5,False
6.0,11.0,24.609261198571662,15.575883154054738,2287.5,False
10.0,2.0,23.458056310174538,13.729495629675291,1885.0,False
24.0,20.0,23.41633132414917,15.78073529918569,1712.5,False
22.0,21.0,23.878863463278755,15.484818428062786,1655.0,False
29.0,33.0,22.78853238322338,15.182250640492835,1597.5,False
31.0,10.0,24.757606087080383,14.795974702996727,1712.5,False
26.0,22.0,22.662300179006092,15.987121363216705,1655.0,False
9.0,29.0,22.02072400843543,15.439901192862187,2000.0,False
26.0,19.0,23.757904415159537,13.90335849552363,1655.0,False
25.0,30.0,22.305681125252136,14.99781075276309,1597.5,False
26.0,33.0,24.249755053342028,13.806021566971724,1597.5,False
9.0,23.0,24.081476214576362,15.016677652019396,2000.0,False
8.0,34.0,22.549057591365838,15.631327595727674,2115.0,False
28.0,19.0,22.983987552071152,15.064115852723543,1655.0,False
10.0,17.0,22.09780887362429,14.866520083168847,1885.0,False
14.0,28.0,24.375812411861038,14.62459716836968,1655.0,False
16.0,24.0,23.171464778591087,15.02709001377073,1655.0,False
9.0,8.0,24.851938756896857,13.777242797015248,1885.0,False
4.0,13.0,24.519303518633635,17.47560301057472,2690.0,False
33.0,12.0,23.4943503623335,15.721356547444802,1712.5,False
26.0,25.0,22.086892698123812,16.044703000650976,1655.0,False
27.0,12.0,23.28065775330621,14.23256260902037,1655.0,False
13.0,13.0,23.29945510142124,17.193619046675792,1827.5,False
11.0,17.0,23.330820296623024,15.78465612358387,1827.5,False
15.0,7.0,25.813773751824503,15.15749577113733,1770.0,False
16.0,30.0,22.658238520616415,16.352856108759624,1655.0,False
3.0,16.0,23.080238350223457,14.717401553358961,2747.5,False
23.0,11.0,25.32959581093803,17.238562751820126,1770.0,False
33.0,12.0,25.700630096702458,14.177256497671726,1655.0,False
17.0,23.0,23.873142412713776,16.832442038936385,1712.5,False
15.0,19.0,24.160195142520756,17.366433263465844,1770.0,False
15.0,16.0,22.211433534264774,15.466970362441476,1712.5,False
8.0,14.0,25.23215371633583,17.006639597974957,2115.0,False
12.0,27.0,24.378241478460975,13.786251375144117,1712.5,False
17.0,23.0,23.916040237487557,15.982355663525674,1712.5,False
15.0,21.0,23.21030232833716,14.924930527452219,1712.5,False
17.0,16.0,23.77508394026841,14.957245498272318,1712.5,False
25.0,31.0,24.941248127521725,15.301453309180316,1597.5,False
11.0,21.0,22.323096593224253,15.88710550876553,1885.0,False
5.0,15.0,24.027256779858913,15.964054024039815,2460.0,False
5.0,30.0,22.138552259925255,14.61309048009415,2230.0,False
9.0,27.0,25.089011780429374,15.03578384699744,2000.0,False
18.0,22.0,22.84407155476649,14.498105023120628,1655.0,False
24.0,22.0,25.61355074721421,16.030161190278605,1655.0,False
26.0,15.0,23.904378312029436,13.908139333557086,1655.0,False
19.0,17.0,23.82905490573457,15.194297929034494,1712.5,False
15.0,11.0,23.441407809817548,17.413949508803682,1827.5,False
10.0,18.0,24.06544360284896,17.455113276884497,2000.0,False
15.0,14.0,23.352111626178342,15.571853013664137,1770.0,False
14.0,14.0,23.439698520372943,14.489840039077334,1712.5,False
26.0,29.0,22.782450938813824,15.833983727009961,1655.0,False
16.0,10.0,23.380857799033866,15.453843142549978,1770.0,False
11.0,24.0,25.246860397299763,13.669946842226986,1770.0,False
13.0,13.0,22.98276332466723,17.45637877372947,1827.5,False
9.0,5.0,25.28507245919188,14.808669002757206,1942.5,False
28.0,5.0,25.44525088116331,15.097118549032906,1712.5,False
6.0,15.0,24.665337580831427,15.554244109078017,2287.5,False
3.0,16.0,22.122735699204696,17.021479790688716,2690.0,False
10.0,13.0,24.244134026416138,16.696478385831874,1942.5,False
24.0,20.0,25.332595611152108,14.322200584650389,1655.0,False
17.0,16.0,23.463133371708427,16.36578523281484,1770.0,False
19.0,7.0,23.131289171650188,16.998258845510506,1827.5,False
14.0,14.0,23.285507219849585,16.357055664281674,1770.0,False
7.0,8.0,23.69230558879967,14.056737294442415,2057.5,False
25.0,6.0,22.280676701769593,15.655594010459641,1770.0,False
11.0,11.0,22.950740397216283,16.85423173996832,1885.0,False
5.0,21.0,24.587740206219326,14.282468328097515,2402.5,False
18.0,21.0,23.889936967948717,15.65414917674158,1712.5,False
7.0,25.0,22.98936537000395,16.178201953840812,2230.0,False
8.0,22.0,25.72351663019017,16.041479924829776,2115.0,False
23.0,17.0,23.18216954111811,13.926416154334468,1655.0,False
16.0,13.0,22.517271491437803,14.609823282540063,1712.5,False
12.0,3.0,22.797393464835555,15.708531440026867,1942.5,False
14.0,20.0,23.186339226450563,14.335052811025431,1712.5,False
21.0,13.0,24.090236287160632,14.834848200243345,1712.5,False
7.0,12.0,22.265282719854945,15.160305379604248,2115.0,False
8.0,31.0,25.419768302014738,13.554496005209158,2000.0,False
19.0,10.0,25.509906577456878,15.54169179059058,1770.0,False
19.0,5.0,23.27340236823955,17.479026252714263,1885.0,False
31.0,29.0,25.101249700733828,15.1330713659816,1597.5,False
14.0,13.0,24.398770929535612,14.59719356652137,1712.5,False
7.0,15.0,25.381776031046797,14.51198154676972,2115.0,False
17.0,7.0,23.10786519980743,15.560697725052673,1827.5,False
19.0,15.0,24.440942962301545,15.324041752735923,1712.5,False
9.0,31.0,22.2907792299264,16.947940604222243,2057.5,False
18.0,21.0,22.037808212023148,16.05697896738907,1712.5,False
11.0,16.0,25.498791540964497,15.094608601031357,1827.5,False
25.0,13.0,23.178191121425286,15.042987466361978,1712.5,False
24.0,14.0,23.781643035585404,15.688762362687328,1712.5,False
15.0,19.0,22.927117536448815,14.513472254250404,1712.5,False
30.0,12.0,25.507229824992507,15.191382426919153,1712.5,False
31.0,10.0,23.53813678788935,14.640160436381032,1712.5,False
9.0,21.0,22.716475017640363,15.561864810994058,2000.0,False
14.0,26.0,24.431971542907135,15.686409495595626,1712.5,False
19.0,27.0,22.82185330433284,16.887237041623205,1712.5,False
7.0,25.0,23.042759544977148,14.504708632973554,2172.5,False
14.0,17.0,24.691180218323826,17.118899722364823,1770.0,False
12.0,23.0,25.836877789112194,15.641073389249804,1770.0,False
29.0,28.0,25.019239472373222,16.407333924887904,1655.0,False
15.0,4.0,22.496569520536582,15.94668631395267,1885.0,False
22.0,15.0,23.25022884633075,16.816155455698382,1770.0,False
15.0,11.0,25.185459803252563,16.152558702173415,1770.0,False
9.0,34.0,23.10058944162353,13.544294127431446,1942.5,False
25.0,28.0,24.960278214255293,15.06110116067942,1655.0,False
1.0,23.0,23.8871697664105,17.253456906151673,2805.0,False
6.0,13.0,25.53763410984301,15.305810384572373,2230.0,False
14.0,29.0,23.436596382247338,16.813538558873205,1770.0,False
20.0,5.0,25.738285826704175,16.975839205085766,1827.5,False
14.0,10.0,23.629738724415574,14.83031184225685,1770.0,False
7.0,19.0,24.90494284397174,16.93089883614156,2230.0,False
13.0,23.0,22.780778229680376,15.009739982571206,1712.5,False
12.0,26.0,24.123157802113944,13.601441716039895,1712.5,False
3.0,13.0,23.240540057527276,16.277629924973592,2862.5,False
17.0,15.0,22.050906197802497,16.781157126895966,1770.0,False
8.0,16.0,23.749095021737183,15.306430062135853,2057.5,False
13.0,5.0,22.689985644882704,14.193637449573593,1827.5,False
19.0,25.0,25.834340987224817,15.961139128782417,1655.0,False
21.0,14.0,25.234355073079772,16.453027215559036,1770.0,False
12.0,11.0,24.958100502085923,16.11926780916628,1827.5,False
14.0,15.0,23.813328126784757,14.923170560512688,1712.5,False
12.0,21.0,23.036419296683263,14.97331759644332,1770.0,False
30.0,26.0,23.297452201195537,15.69638969551739,1655.0,False
11.0,11.0,22.817456654017647,14.273574701716184,1827.5,False
10.0,10.0,24.207554642556723,16.884705811765414,1942.5,False
16.0,29.0,25.24510559827444,13.909276182967854,1597.5,False
10.0,18.0,22.749643508131815,15.446198717960678,1885.0,False
10.0,14.0,22.01818979814293,16.93775609783787,1942.5,False
8.0,11.0,22.502426066708686,15.617671988132392,2057.5,False
19.0,33.0,23.84372859729215,16.543797815986174,1655.0,False
19.0,21.0,22.074384126369843,14.458310158429406,1655.0,False
20.0,11.0,23.61307151019448,15.28204988109434,1770.0,False
23.0,8.0,22.444632296637014,16.352240467664842,1770.0,False
13.0,11.0,22.431065675578225,17.053320915328893,1827.5,False
28.0,12.0,24.850444067456287,16.07218249322606,1712.5,False
22.0,8.0,25.997988837426202,14.47106602021296,1712.5,False
23.0,11.0,22.777926474847302,14.085171259310036,1712.5,False
21.0,8.0,22.918356468585888,16.866159287356894,1827.5,False
14.0,14.0,23.18567293545321,15.71614355450237,1770.0,False
13.0,16.0,25.14043736719374,14.235488249070327,1712.5,False
15.0,16.0,24.02357505802605,15.442706942629286,1712.5,False
8.0,24.0,24.282708051137384,14.005290596355524,2000.0,False
16.0,12.0,24.18602860166441,13.920686594870311,1712.5,False
6.0,26.0,25.749485412870158,17.17990769803409,2345.0,False
2.0,27.0,22.13941187894362,15.678508688360589,2517.5,False
28.0,30.0,22.63166242089441,14.495650514710524,1597.5,False
20.0,10.0,23.52845192841952,17.025067157038674,1827.5,False
18.0,12.0,23.952123877843196,17.495536951995962,1827.5,False
14.0,19.0,22.45574763951118,17.036808083115933,1770.0,False
18.0,9.0,25.57267863737563,16.49036522026545,1770.0,False
26.0,7.0,24.711435644226384,17.348267633737496,1827.5,False
20.0,7.0,25.728973431438515,14.289548922858403,1712.5,False
19.0,19.0,25.763204959824606,17.01077449164807,1712.5,False
16.0,23.0,24.050132217609566,14.934957896177217,1655.0,False
14.0,12.0,25.412032954512,13.628951615898423,1712.5,False
21.0,28.0,24.947018366573943,13.629511769975943,1597.5,False
31.0,23.0,23.442032687035272,14.251337402807524,1597.5,False
15.0,7.0,24.62939711918559,16.61795544533078,1827.5,False
15.0,15.0,25.810989673012386,17.086687107457973,1770.0,False
15.0,7.0,25.0560361503389,14.011849186231233,1770.0,False
15.0,27.0,24.83764847464833,16.88153043311499,1712.5,False
32.0,22.0,22.887485973681784,16.521889743409197,1712.5,False
21.0,20.0,25.32451396360583,13.708896401455645,1655.0,False
14.0,20.0,23.558659011846274,16.425558205489455,1712.5,False
14.0,13.0,24.496311671437105,13.65351692408804,1712.5,False
15.0,28.0,24.71090841006114,14.550332125167674,1655.0,False
5.0,28.0,24.06096570668857,15.62363759984179,2345.0,False
17.0,22.0,22.662341000612425,17.137035747970245,1712.5,False
24.0,16.0,24.789825012159238,13.921407150678153,1655.0,False
20.0,6.0,22.98896929610102,14.893221441560588,1770.0,False
11.0,5.0,23.061458257904476,15.807667394403396,1885.0,False
21.0,9.0,22.507165981742695,16.460821015161695,1827.5,False
21.0,18.0,24.47976906601965,17.161554566831327,1770.0,False
12.0,23.0,22.46962296535025,15.375400470662482,1827.5,False
19.0,29.0,23.38086729921838,16.863597835377295,1655.0,False
19.0,10.0,25.558088792853837,15.968086785469495,1770.0,False
25.0,12.0,23.812264118719373,14.316215885402034,1655.0,False
9.0,6.0,25.57801886618816,15.81835046252034,1942.5,False
11.0,32.0,23.970867863612433,14.755270433897737,1827.5,False
16.0,23.0,22.715335233421662,16.31456966202615,1712.5,False
6.0,16.0,25.03566278715025,14.63816350930937,2230.0,False
15.0,18.0,23.413789754488427,14.551376627922338,1712.5,False
23.0,18.0,25.865642419959165,17.281453145975025,1712.5,False
9.0,12.0,23.048516901788076,17.13479778573158,2000.0,False
16.0,10.0,25.288589690352378,15.306980884204098,1770.0,False
32.0,13.0,23.975441402296465,16.56186989160975,1712.5,False
17.0,12.0,25.368529064145548,17.428250063064073,1827.5,False
17.0,18.0,22.73214492333185,13.854500477966273,1655.0,False
18.0,13.0,24.53467393155561,15.924660998284201,1770.0,False
10.0,21.0,22.452742636142958,14.513990146585861,1885.0,False
9.0,18.0,25.22206338489676,16.700060156645726,2000.0,False
20.0,17.0,22.942614502003853,13.90564345250761,1655.0,False
15.0,29.0,23.710301912581894,16.655241845879345,1712.5,False
13.0,13.0,24.623901825568225,14.302437310733161,1712.5,False
5.0,19.0,23.912858516678487,15.32407743604412,2460.0,False
25.0,1.0,25.115587726879625,16.755283123691814,1827.5,False
5.0,22.0,24.75268203850171,13.769853948704391,2402.5,False
22.0,17.0,22.521623013758774,17.212679100269124,1770.0,False
14.0,11.0,25.093851244021547,14.369393447287234,1770.0,False
18.0,2.0,23.693929259525028,15.502912371341306,1827.5,False
12.0,21.0,24.391030900327024,16.438276661851695,1827.5,False
10.0,20.0,22.866292798556128,13.993988380831667,1885.0,False
17.0,20.0,23.69236636950625,15.934982535667784,1712.5,False
21.0,15.0,25.268644475619883,15.562269748969433,1712.5,False
11.0,19.0,25.70504548166481,15.843336915075357,1827.5,False
15.0,18.0,25.754783369602045,16.149981254722643,1712.5,False
16.0,12.0,24.800355355871524,15.182512151827092,1770.0,False
11.0,17.0,22.315641539439373,14.695076839670332,1827.5,False
18.0,17.0,23.770533227577275,14.235413890272808,1655.0,False
9.0,24.0,22.77228475393536,17.256263952830547,2057.5,False
17.0,15.0,24.79045825825321,15.10550315632219,1712.5,False
8.0,15.0,22.645484570103644,14.628897350110055,2000.0,False
16.0,32.0,25.91030487025451,13.710186645663914,1597.5,False
13.0,27.0,22.778142735361886,16.504825692175146,1827.5,False
16.0,12.0,22.210854890222844,15.610982516767795,1770.0,False
15.0,27.0,25.37418761105493,14.26385683014501,1655.0,False
27.0,9.0,22.809085154876165,17.07349536407867,1827.5,False
16.0,25.0,22.096050993971264,17.235122458618783,1712.5,False
24.0,10.0,24.192310151472455,17.022705244686616,1770.0,False
11.0,15.0,25.87693508648513,15.743884152993346,1827.5,False
14.0,32.0,23.06999058941007,14.993119018208509,1712.5,False
7.0,8.0,23.634891920488073,14.147542946332209,2057.5,False
15.0,25.0,22.948667622823773,15.008973250223088,1655.0,False
20.0,16.0,24.231939832361757,15.94868251967264,1712.5,False
25.0,8.0,23.29115668222963,14.4062134793749,1712.5,False
18.0,29.0,24.36545409662411,15.355850887587968,1655.0,False
19.0,17.0,23.912083732372423,15.792371479020415,1712.5,False
10.0,26.0,25.715661086299942,16.425737955594656,1942.5,False
5.0,26.0,24.680069987429043,13.865404465343854,2402.5,False
23.0,4.0,24.73037622801555,16.967985041323324,1827.5,False
10.0,12.0,23.94586712795767,15.324297631497107,1885.0,False
8.0,14.0,23.212580326263094,15.82772419823063,2057.5,False
28.0,17.0,23.255852922470673,17.26126712580082,1770.0,False
30.0,7.0,24.015966011891265,14.171914853531794,1655.0,False
19.0,15.0,22.767644716409112,17.037944086176356,1770.0,False
14.0,24.0,22.529707157001695,16.717721698143514,1770.0,False
24.0,10.0,23.489460331899753,17.476109465366186,1827.5,False
11.0,21.0,22.521901839182057,15.072169138261222,1827.5,False
15.0,16.0,22.923046337677874,14.007388425843075,1712.5,False
14.0,7.0,24.140095124878684,13.556704615274665,1770.0,False
27.0,10.0,25.160379231129053,16.67038355216588,1770.0,False
28.0,9.0,22.899086348047078,14.046384769816827,1655.0,False
20.0,19.0,25.16665793349439,14.724048470802513,1655.0,False
8.0,7.0,22.062166460640306,17.44926015021158,2115.0,False
16.0,24.0,25.988090927617698,15.268379795909023,1655.0,False
12.0,24.0,24.067755803764697,14.424822812826537,1770.0,False
26.0,7.0,23.9035494060967,16.512934231748588,1770.0,False
9.0,26.0,24.602223409947317,14.586214737040805,1942.5,False
6.0,30.0,23.900703655066607,15.624087501406546,2287.5,False
21.0,6.0,23.63208914500528,14.129327949770243,1712.5,False
16.0,29.0,23.483933167646832,15.34333169752928,1655.0,False
25.0,13.0,25.911332042622874,13.934470840168341,1655.0,False
7.0,20.0,25.445986873295794,16.592378859111502,2230.0,False
23.0,10.0,24.009642331658956,14.960556081895199,1712.5,False
5.0,24.0,25.345810481050997,14.775214768164078,2402.5,False
5.0,25.0,22.596357518083327,17.475143220748055,2345.0,False
16.0,31.0,24.117779865177685,16.818810105496613,1712.5,False
11.0,33.0,23.80068492590096,15.715701021721744,1885.0,False
18.0,7.0,23.299528520538352,17.276848946977495,1885.0,False
5.0,20.0,25.67375977846045,14.345594925865887,2402.5,False
5.0,12.0,25.329973053346123,15.793941726272038,2402.5,False
21.0,9.0,25.62834380767402,17.21622901542412,1827.5,False
11.0,9.0,24.540867723825592,15.778826119550084,1827.5,False
20.0,28.0,23.504884812712394,14.73195913106606,1655.0,False
22.0,20.0,25.02725027925362,16.74662404975209,1712.5,False
6.0,6.0,22.434267900768546,14.055240507424331,2172.5,False
22.0,32.0,25.412318319543687,14.108001192631455,1597.5,False
12.0,24.0,22.1151172635666,16.424499559811604,1827.5,False
15.0,13.0,25.272849537549078,13.777327398052188,1712.5,False
7.0,16.0,24.815762017316512,13.70252313101371,2057.5,False
25.0,21.0,22.353841695834532,15.016298885908316,1655.0,False
18.0,20.0,22.587991391732462,15.091625990139004,1712.5,False
17.0,16.0,23.80956581592765,15.378601266677453,1712.5,False
30.0,17.0,23.199499574375018,16.46292861777185,1712.5,False
14.0,6.0,25.46917062825088,15.775411825169423,1827.5,False
26.0,17.0,22.77133439910896,16.354194309050385,1712.5,False
21.0,14.0,23.668319844356066,13.699578186780741,1655.0,False
28.0,13.0,23.041884115009225,14.76281301251018,1712.5,False
27.0,12.0,22.508728653891094,17.365627650075407,1770.0,False
33.0,20.0,23.038965672569024,15.211061009408542,1655.0,False
9.0,15.0,25.439948386263975,14.389966684796274,1885.0,False
23.0,15.0,24.862000562984107,17.46834477410647,1770.0,False
23.0,10.0,25.65696004134561,15.145272560093613,1712.5,False
19.0,30.0,23.621117315405815,15.41512741724377,1655.0,False
13.0,11.0,22.96165074950809,14.39518876771671,1770.0,False
30.0,15.0,22.105270144731566,16.12541229553299,1712.5,False
11.0,11.0,23.980631718745652,14.328920292955333,1827.5,False
17.0,21.0,22.15891337438244,15.939694278658292,1712.5,False
17.0,15.0,22.017099948790825,16.529756979881554,1770.0,False
10.0,15.0,24.418832561210706,16.109591329844946,1885.0,False
21.0,26.0,22.65930387564816,13.861529077757774,1597.5,False
8.0,22.0,24.239115410059696,13.819096385531008,2000.0,False
21.0,17.0,24.294090809203894,16.869406189694534,1770.0,False
25.0,16.0,24.895356642013304,17.118236407070466,1770.0,False
14.0,30.0,23.53251460897781,14.042641473689496,1655.0,False
21.0,30.0,24.820622024230012,15.001840749034379,1655.0,False
10.0,21.0,23.463861853757937,16.116267445315366,1942.5,False
25.0,22.0,22.391148388716864,16.84192380625112,1712.5,False
29.0,27.0,23.23996035251549,17.135940836113907,1655.0,False
10.0,30.0,22.030269317338394,16.294731021599215,2000.0,False
21.0,7.0,23.849845166630658,14.089898073196082,1712.5,False
17.0,34.0,24.96124467016866,16.573403843663158,1655.0,False
17.0,21.0,25.138990225762182,16.936099735328142,1712.5,False
21.0,18.0,22.928386879430168,14.90522388118131,1712.5,False
16.0,15.0,22.422572504300213,15.476610713921511,1770.0,False
19.0,14.0,22.741720287841297,14.165530436450311,1712.5,False
11.0,23.0,25.93485192108443,14.718077998578066,1827.5,False
14.0,20.0,23.248411036597094,16.9791984604378,1770.0,False
25.0,11.0,23.71713782040279,13.85538892312686,1655.0,False
8.0,19.0,22.302506261951546,16.54969249160382,2115.0,False
18.0,9.0,25.157321212997232,13.890548296256048,1712.5,False
10.0,17.0,23.793961402077883,14.670481662028207,1885.0,False
25.0,18.0,22.349591575446563,15.829649623250472,1712.5,False
18.0,19.0,23.89176768988887,13.513253548989534,1655.0,False
15.0,9.0,24.85309848787579,16.201489969627414,1827.5,False
12.0,8.0,23.89215156042688,14.764780672620265,1827.5,False
15.0,12.0,25.874531039114224,16.494281240112592,1770.0,False
30.0,19.0,25.486655009918696,17.40094701871985,1712.5,False
17.0,28.0,24.05922796151978,15.16595636420804,1655.0,False
16.0,23.0,25.762030834113276,13.61998357809442,1655.0,False
22.0,22.0,25.245551190479116,16.895566307321637,1712.5,False
14.0,14.0,23.473080043365375,14.59831339615987,1712.5,False
15.0,8.0,25.085639347718782,14.094465936535055,1770.0,False
14.0,26.0,24.02340933600443,17.016847928237144,1770.0,False
9.0,17.0,24.156446899028666,14.430118812756843,1942.5,False
21.0,8.0,24.082484080873297,15.921141166993685,1770.0,False
26.0,17.0,25.214714161596753,14.515934581231063,1655.0,False
27.0,20.0,25.674297762867944,16.349832779933365,1712.5,False
26.0,13.0,23.27807074512553,16.094986368637777,1712.5,False
16.0,3.0,24.567684297335123,15.536672853349982,1827.5,False
13.0,19.0,24.513635461569592,15.720099614838086,1712.5,False
19.0,5.0,25.54998903019647,14.408974122828246,1712.5,False
29.0,15.0,23.78884674753818,13.58770721634421,1655.0,False
21.0,24.0,22.760642127714654,16.70283561801676,1712.5,False
16.0,34.0,22.812343516173534,17.057205139352707,1712.5,False
20.0,14.0,22.20510595294062,16.61147716486849,1770.0,False
23.0,4.0,22.402913979316253,16.33169974641151,1827.5,False
28.0,16.0,23.20487828743707,15.387696512787839,1712.5,False
22.0,12.0,22.410251697488867,15.835612411929088,1770.0,False
15.0,26.0,25.484365712549632,16.2665088217559,1712.5,False
12.0,21.0,23.448074177661187,13.604912667410296,1712.5,False
17.0,15.0,23.473869299565212,15.194682136756272,1712.5,False
13.0,22.0,25.030025492982542,14.398746028640193,1712.5,False
29.0,14.0,23.205350501594886,14.957796368585438,1712.5,False
17.0,17.0,24.86072910633077,16.496926846995397,1770.0,False
16.0,28.0,25.289692022195943,14.953545399231091,1655.0,False
14.0,11.0,23.44071215372701,16.456378986310387,1827.5,False
19.0,13.0,23.91124774472423,17.387325950822156,1770.0,False
17.0,26.0,23.288915814523413,17.19353116124392,1712.5,False
9.0,16.0,23.692656845161302,16.810899423095222,2000.0,False
26.0,13.0,24.322988596014532,16.911963237519377,1770.0,False
14.0,5.0,23.398558861536966,15.07572927822142,1827.5,False
15.0,15.0,23.85653195424097,16.42632954651109,1770.0,False
11.0,17.0,23.984894790841064,16.168054628662972,1885.0,False
18.0,15.0,22.098015161696278,17.431568594049388,1770.0,False
21.0,12.0,22.65459587003975,15.799594031711873,1770.0,False
26.0,14.0,24.165497439721996,15.219064357731826,1712.5,False
6.0,19.0,22.010602657966473,16.849067360636216,2345.0,False
31.0,26.0,24.816774568120948,16.49829339509689,1655.0,False
21.0,20.0,25.621859956927675,13.99944683440411,1655.0,False
13.0,19.0,25.018276492316517,15.885120756482575,1712.5,False
11.0,24.0,23.256604814432265,15.869226697904327,1885.0,False
13.0,10.0,23.799363880686638,16.026499418581377,1827.5,False
26.0,13.0,24.602867184281884,17.265992358533158,1770.0,False
13.0,6.0,24.721747754522422,15.90814248595986,1827.5,False
16.0,14.0,25.90998759913746,16.98007542137921,1770.0,False
21.0,34.0,23.9719233969996,14.933523259439461,1597.5,False
26.0,14.0,22.998139332548046,13.729515818583799,1655.0,False
20.0,25.0,23.448767369307923,15.000890956776043,1655.0,False
22.0,7.0,25.689771828952736,15.63067763110434,1770.0,False
10.0,16.0,24.530838305925613,16.83328551125836,1942.5,False
26.0,14.0,25.45700562067139,16.0273952345796,1712.5,False
12.0,11.0,24.896342362259187,15.268808276094322,1770.0,False
9.0,14.0,25.861721383326675,15.347490430994332,1942.5,False
31.0,20.0,24.00492022761693,17.4866291145338,1712.5,False
11.0,16.0,25.799621037540405,14.065375352361086,1770.0,False
9.0,25.0,25.543560869753385,14.322064311371035,1942.5,False
19.0,27.0,25.372377865342038,16.001125974751808,1655.0,False
13.0,16.0,25.756372971535857,16.305621942609225,1770.0,False
9.0,31.0,24.102150567090053,15.079916810065054,2000.0,False
19.0,7.0,24.97131647608833,13.628527231057692,1712.5,False
22.0,12.0,24.22134307884817,15.588047779631045,1712.5,False
23.0,15.0,25.105043832706766,14.07744059036401,1655.0,False
10.0,18.0,25.05500998284749,13.724193246151573,1827.5,False
18.0,17.0,25.033616767838858,14.879038533157631,1712.5,False
24.0,18.0,23.713796547497818,14.042610871825358,1655.0,False
10.0,27.0,25.18515149730462,15.255987851187898,1885.0,False
11.0,12.0,25.505957349000376,16.546777854645608,1827.5,False
2.0,24.0,24.545020097447953,13.688184146630999,2632.5,False
17.0,18.0,23.81861173925839,15.499566038674057,1712.5,False
11.0,16.0,25.412993022470065,15.487921650703253,1827.5,False
21.0,13.0,25.113801278287948,13.507101473942893,1655.0,False
30.0,13.0,23.87840037777725,16.453004296851336,1712.5,False
11.0,15.0,24.31947621392849,13.858943635528531,1770.0,False
20.0,22.0,24.743301012263775,17.228221326191054,1712.5,False
11.0,16.0,24.75328633119637,16.057458078426215,1827.5,False
4.0,10.0,23.24414854860098,14.651264527068065,2575.0,False
22.0,22.0,23.170766675198955,17.20112405325687,1712.5,False
15.0,20.0,25.54938758435821,15.101842084593658,1712.5,False
29.0,29.0,25.748044560055977,14.541042329577527,1597.5,False
17.0,17.0,23.608260507473226,15.038003025696817,1712.5,False
10.0,20.0,25.653507576161203,15.946347764197279,1942.5,False
16.0,16.0,23.882769034121658,16.39438794803643,1770.0,False
11.0,20.0,22.668809519351154,16.147288110297673,1885.0,False
26.0,15.0,24.93152178714738,17.18494678199753,1770.0,False
21.0,9.0,22.18354035607431,17.32468499936349,1827.5,False
14.0,32.0,22.45566548124453,14.288251236889336,1712.5,False
17.0,21.0,25.764022316392982,17.150169605493094,1712.5,False
20.0,19.0,24.070486952776182,13.926727463017585,1655.0,False
23.0,16.0,23.06550547931361,17.32756712810038,1770.0,False
7.0,21.0,23.921637918894834,14.53737938832597,2115.0,False
4.0,9.0,24.312710531796355,14.563156612531355,2575.0,False
8.0,13.0,24.5556619655738,15.18618220420399,2000.0,False
15.0,9.0,23.39288928085174,14.226969153939645,1770.0,False
16.0,9.0,23.54961184028348,16.810874609303657,1827.5,False
9.0,4.0,24.19905294195298,13.998949920575301,1942.5,False
15.0,22.0,24.506658196387715,15.257155214648602,1712.5,False
16.0,11.0,25.685425833257728,17.12862404305105,1827.5,False
8.0,24.0,23.569104570215558,16.041556394377015,2115.0,False
27.0,27.0,25.498748887071812,15.92865937831241,1655.0,False
18.0,10.0,25.972872563817816,17.47857689571549,1827.5,False
15.0,21.0,23.356013964331343,13.590196329589443,1655.0,False
17.0,16.0,22.109137853727255,14.779174740420778,1712.5,False
13.0,28.0,24.417484888394732,14.00007287158456,1712.5,False
25.0,16.0,25.61459066448161,14.238309115881458,1655.0,False
18.0,14.0,22.213555900886554,14.36401799410998,1712.5,False
16.0,13.0,22.788599373625008,16.00756044226921,1770.0,False
27.0,27.0,24.70460171967083,14.58842809517487,1597.5,False
25.0,11.0,25.238611564794912,16.156738034547498,1712.5,False
24.0,24.0,22.34656089636091,16.452278602142012,1712.5,False
11.0,11.0,23.45495144125531,15.107651208769035,1827.5,False
10.0,19.0,22.954954135582067,15.645309097591724,1942.5,False
20.0,16.0,25.85950577187712,14.028368696410114,1655.0,False
16.0,8.0,24.729875313955237,16.510557459879518,1827.5,False
20.0,9.0,23.902554003107333,15.17647313499404,1770.0,False
22.0,13.0,25.44940915767299,16.838540818547568,1770.0,False
13.0,22.0,24.150649295585474,15.604878078784374,1770.0,False
13.0,21.0,25.645336452789717,16.287058573578605,1770.0,False
16.0,11.0,22.95523353501214,14.934330773808568,1770.0,False
12.0,16.0,22.109353591878232,14.987078516528854,1770.0,False
20.0,8.0,23.714953915862786,15.24603376625711,1770.0,False
22.0,21.0,22.817108972958952,16.04413682274744,1712.5,False
16.0,23.0,25.342924280587727,15.526134325842364,1712.5,False
21.0,26.0,24.131694391987217,16.717105796898718,1712.5,False
17.0,26.0,23.154654506767585,13.719189529042787,1655.0,False
21.0,14.0,25.094295576942997,17.102170901023985,1770.0,False
11.0,12.0,24.10754153213294,17.204146665111182,1885.0,False
22.0,27.0,24.01117878153274,14.476302755428703,1655.0,False
21.0,9.0,22.72315912590941,13.903105400967195,1712.5,False
12.0,6.0,25.98086093817552,15.787424907148507,1827.5,False
18.0,13.0,24.636072284374254,13.756680682329126,1655.0,False
25.0,22.0,25.419294000984355,14.41886259005898,1655.0,False
12.0,21.0,25.038929364793756,15.530264116059666,1770.0,False
22.0,32.0,24.011735451781824,15.955245727047089,1655.0,False
29.0,14.0,22.038926347590234,14.277219304279978,1655.0,False
25.0,12.0,24.66668080723533,17.230951848164487,1770.0,False
15.0,14.0,22.402977252006554,14.225292388095479,1712.5,False
19.0,23.0,25.845860140192144,14.114623188560437,1655.0,False
33.0,11.0,22.997059854506183,14.149279938103634,1655.0,False
18.0,29.0,23.4693318420848,17.21809904632114,1655.0,False
8.0,17.0,24.206237757599542,17.01508407909163,2115.0,False
6.0,23.0,24.01045786538928,13.63216345702264,2230.0,False
23.0,24.0,24.620591768054283,16.40646128626934,1712.5,False
15.0,16.0,25.133790476635898,13.793954885246984,1712.5,False
12.0,22.0,25.03057585597945,13.80124217547718,1712.5,False
14.0,14.0,25.63234240276064,13.804080808549637,1712.5,False
22.0,24.0,23.879665906092974,16.818483913262433,1712.5,False
16.0,24.0,24.136690576931063,15.209742530354463,1655.0,False
26.0,18.0,25.496308819331414,15.728117952615444,1712.5,False
22.0,11.0,23.129324487043988,13.623254667224206,1655.0,False
31.0,31.0,22.983680736624198,17.103566796547657,1655.0,False
26.0,29.0,22.03649402892824,17.428090649304682,1712.5,False
12.0,19.0,24.95392209270399,14.440714272540351,1712.5,False
20.0,32.0,24.75034263746728,16.126060731792613,1655.0,False
4.0,17.0,23.106881277789725,16.215211821929465,2632.5,False
33.0,14.0,22.519661885927007,17.365120970613834,1770.0,False
12.0,16.0,22.170123697937495,15.435064595426644,1770.0,False
20.0,6.0,23.951451551546686,14.451658381807835,1770.0,False
25.0,17.0,22.77392915410654,14.941130537132727,1655.0,False
10.0,20.0,25.173588489621324,16.058446840917586,1942.5,False
25.0,8.0,25.800134916207103,15.389948472265498,1712.5,False
3.0,12.0,25.10743772930447,13.817629720351814,2805.0,False
16.0,21.0,25.406381573634363,16.729464926477085,1712.5,False
16.0,23.0,25.963169235251595,16.957075058865016,1712.5,False
14.0,32.0,24.963241792005128,15.413328669475582,1712.5,False
18.0,12.0,24.26929466905861,15.593881530730444,1770.0,False
27.0,25.0,25.24004491859866,15.466293118516761,1655.0,False
13.0,10.0,24.25540666410359,15.618984784500471,1827.5,False
18.0,9.0,23.730060349380025,13.910489354002436,1712.5,False
26.0,21.0,22.130019921321335,15.234531549299572,1655.0,False
23.0,16.0,24.571921572011526,15.291501207599989,1712.5,False
5.0,23.0,25.590072131886156,17.490857340096632,2460.0,False
29.0,13.0,24.772605928304994,13.69461269417885,1655.0,False
6.0,11.0,23.616585102801153,14.748555701551462,2230.0,False
18.0,17.0,24.46759756408179,15.48398107296725,1712.5,False
18.0,8.0,25.251824693650494,16.888941381609186,1827.5,False
23.0,13.0,25.056960538762297,15.344948460067261,1712.5,False
9.0,10.0,23.9647137839673,14.664025791601855,1885.0,False
10.0,13.0,23.446707779872884,15.641072848026347,1885.0,False
22.0,22.0,23.587455099314447,14.688107217193444,1655.0,False
9.0,9.0,25.63163658309431,15.693285889830111,1942.5,False
16.0,19.0,22.67941470952251,16.25944103539693,1712.5,False
21.0,18.0,25.451918368878243,15.623129418390075,1712.5,False
20.0,17.0,22.781134861899616,15.938540864639542,1712.5,False
11.0,16.0,25.92355899933778,13.6548697667679,1770.0,False
13.0,20.0,23.7933717421415,16.135200317688533,1770.0,False
30.0,25.0,24.933721823096235,17.378701578730414,1712.5,False
16.0,10.0,24.917497746032637,15.46657901642768,1770.0,False
6.0,24.0,25.09012421219287,16.710832929175872,2345.0,False
11.0,6.0,25.15758343313695,15.695621361118953,1885.0,False
14.0,16.0,22.156298928748495,16.315994894456566,1770.0,False
34.0,17.0,23.093337453299174,14.739648618281556,1655.0,False
13.0,11.0,22.91883795043752,17.367456591145395,1827.5,False
5.0,8.0,24.794372912466322,14.36057992965519,2345.0,False
17.0,7.0,24.73326982010524,14.136390491493454,1770.0,False
7.0,5.0,23.188133936694463,13.682097568226249,2057.5,False
12.0,18.0,25.174167733633947,15.664762249713135,1770.0,False
33.0,10.0,23.24648229942039,15.975603641751848,1712.5,False
21.0,24.0,23.37174088197067,16.098087892114627,1712.5,False
6.0,27.0,23.595403438995582,14.188925939093778,2287.5,False
16.0,13.0,24.97835883741223,16.105748366238675,1770.0,False
10.0,10.0,22.04711172572816,14.160426258503499,1827.5,False
9.0,15.0,25.62586100501642,16.519972624284797,2000.0,False
18.0,26.0,24.768219744748805,14.60097837369495,1655.0,False
17.0,15.0,24.34639351918087,15.188183669629993,1712.5,False
22.0,8.0,22.94932657241118,14.968908177521959,1770.0,False
26.0,32.0,25.142053271997046,14.97089218151949,1597.5,False
12.0,17.0,25.49115258734335,16.383773929516405,1827.5,False
28.0,14.0,24.006186880361113,17.491091680396426,1770.0,False
17.0,26.0,23.169843297012328,15.609319006185267,1655.0,False
12.0,28.0,23.522213464076692,15.104155574654857,1770.0,False
25.0,17.0,23.665004050423935,14.674796451127369,1655.0,False
5.0,13.0,23.22366152365148,15.997912916364793,2460.0,False
18.0,16.0,24.848754067545542,15.304732860790875,1712.5,False
21.0,11.0,23.368697231679167,16.591343473679665,1770.0,False
13.0,16.0,25.284868836431638,15.926756556060417,1770.0,False
25.0,11.0,23.854764159701023,15.147685553028323,1712.5,False
12.0,19.0,24.515840721265427,17.31204501313067,1827.5,False
25.0,22.0,25.791809272830406,13.545058302114843,1597.5,False
7.0,30.0,23.78421468528643,16.25795209845932,2230.0,False
10.0,25.0,22.681384829563974,15.143165827948094,1942.5,False
14.0,7.0,24.199689279586693,13.986487329046177,1770.0,False
25.0,11.0,23.986702105217933,13.870781807518613,1655.0,False
9.0,17.0,25.130333202756827,16.09727594747772,2000.0,False
26.0,12.0,25.440797853182335,14.09109260177492,1655.0,False
11.0,4.0,24.850479078788656,16.924304181360096,1942.5,False
16.0,22.0,25.885818828243785,14.743711945219397,1655.0,False
14.0,14.0,23.076778715641012,14.875371442927657,1770.0,False
8.0,7.0,22.956782240366174,16.140497742234913,2057.5,False
29.0,17.0,23.165147241781874,14.380655529646814,1655.0,False
15.0,31.0,24.683629157286585,13.528156838730869,1597.5,False
20.0,20.0,22.93016406129567,15.28331736053339,1712.5,False
18.0,10.0,22.35366969647154,15.611519113423423,1770.0,False
17.0,17.0,25.910888734366797,15.283582121766118,1712.5,False
19.0,27.0,23.25844305200076,15.331966819982672,1655.0,False
27.0,6.0,22.889578703903734,16.162955592767617,1770.0,False
21.0,19.0,23.434996008941905,16.882755148384085,1712.5,False
17.0,21.0,22.633700572229607,14.962022250150296,1712.5,False
19.0,21.0,22.143071256315967,16.6603742113658,1712.5,False
19.0,9.0,23.221534270303593,13.750735064981429,1712.5,False
15.0,27.0,23.351451743068417,15.4210434235704,1655.0,False
19.0,13.0,25.24406495175574,15.004607684139007,1712.5,False
16.0,6.0,23.742547063291454,15.363762313297853,1827.5,False
22.0,7.0,24.94700910482756,13.865911425583182,1712.5,False
30.0,16.0,24.94285043751502,14.055317299180807,1655.0,False
30.0,5.0,25.155968313846614,14.673919840933273,1712.5,False
24.0,23.0,25.674035537629802,14.594126505247251,1655.0,False
19.0,25.0,23.9945253376129,15.040386330164738,1655.0,False
22.0,4.0,22.415813192540828,15.329035508479537,1827.5,False
10.0,24.0,22.154651771130222,14.384690064120361,1885.0,False
16.0,31.0,22.747638149919478,15.976881745822098,1655.0,False
12.0,5.0,25.316846587385538,15.003286246831141,1827.5,False
2.0,21.0,24.29739799612593,13.740541122702759,2690.0,False
30.0,34.0,22.560472977262375,14.474786844457636,1597.5,False
25.0,23.0,22.530544951778353,15.740589175411863,1655.0,False
17.0,17.0,25.566011751740607,15.927508631774048,1712.5,False
12.0,26.0,24.0801214388855,16.698643479361056,1827.5,False
21.0,21.0,22.68759062991668,14.481914640107396,1655.0,False
15.0,13.0,25.58699045947411,15.748859784243187,1770.0,False
23.0,11.0,24.882908697228867,15.404420876404464,1712.5,False
34.0,17.0,23.911074841284034,16.894060696607248,1712.5,False
14.0,14.0,23.860261746864857,16.419966941547088,1770.0,False
12.0,14.0,24.69060716973564,14.027941830966355,1712.5,False
12.0,10.0,23.35323678174006,17.335096604781747,1885.0,False
8.0,25.0,25.999640654775323,14.920858556528191,2057.5,False
15.0,21.0,25.13821829895246,17.318365555168896,1712.5,False
4.0,14.0,24.563839420228803,14.640884191212919,2575.0,False
8.0,12.0,24.749809761967438,15.375755300081199,2000.0,False
12.0,9.0,25.984335496276454,15.701855257451081,1827.5,False
10.0,8.0,22.043126577909895,13.754366811439107,1827.5,False
22.0,19.0,22.09129867605168,16.3626625426158,1712.5,False
8.0,8.0,25.14011148034809,13.91884145785459,1942.5,False
25.0,30.0,22.837567841047854,14.156651108446402,1597.5,False
11.0,13.0,24.740666261166805,14.660968815021386,1770.0,False
8.0,5.0,24.013361764674794,17.342985177685108,2115.0,False
3.0,25.0,23.274680502260345,17.39246512587416,2460.0,False
21.0,14.0,22.925360060236486,15.457265769002818,1712.5,False
12.0,14.0,25.10698357488731,15.633284425058408,1770.0,False
17.0,9.0,22.683927658951582,14.347372469408468,1770.0,False
8.0,20.0,22.63488404504236,15.172166582155636,2057.5,False
32.0,14.0,23.767730439875756,17.437673097413096,1770.0,False
9.0,24.0,22.477107185718452,16.663168296076382,2057.5,False
15.0,19.0,24.56604741236568,16.289595968494886,1712.5,False
25.0,26.0,25.967883118243954,14.61365965683453,1597.5,False
12.0,19.0,24.991653163719523,16.552236996350295,1827.5,False
12.0,23.0,24.412939817698632,17.366215628815333,1885.0,False
24.0,21.0,23.578553975293048,17.45181301951604,1712.5,False
12.0,16.0,25.951958633027207,15.899168607293458,1770.0,False
2.0,20.0,25.519773003511183,14.142928191136864,2805.0,False
15.0,20.0,25.28236317966881,17.356280227452135,1770.0,False
3.0,3.0,22.920026718705188,15.665514996902818,2920.0,False
27.0,21.0,22.49432277461882,13.653362305837447,1597.5,False
19.0,12.0,22.711764287029357,13.825988102291328,1712.5,False
18.0,17.0,23.03475637766459,15.80903174089481,1712.5,False
11.0,8.0,22.326795308423442,16.8411753484615,1885.0,False
21.0,4.0,25.55368931667152,17.266085711741344,1827.5,False
20.0,4.0,22.740804326484962,17.27774444372016,1885.0,False
6.0,10.0,22.906438352810746,15.814457815361857,2287.5,False
26.0,4.0,25.552633422987615,17.425636843705963,1827.5,False
18.0,9.0,25.8325728037201,14.09838437648495,1712.5,False
23.0,18.0,22.887124502742225,13.878670602681966,1655.0,False
12.0,15.0,23.17673637196251,13.62111154886218,1712.5,False
9.0,31.0,25.20041158894413,16.59652843024523,2057.5,False
21.0,24.0,25.881055550256818,17.16638778251824,1712.5,False
23.0,9.0,24.598704389148622,16.859334831907763,1770.0,False
15.0,15.0,23.770338736515228,17.258544762104062,1770.0,False
4.0,15.0,24.698318168963205,15.69227139929599,2632.5,False
24.0,14.0,25.121134043267933,16.552165769393103,1712.5,False
11.0,16.0,22.45062361473409,14.846839493181688,1827.5,False
14.0,20.0,23.741193420209637,16.5663155755069,1712.5,False
19.0,19.0,25.42920825427649,16.512183995026167,1712.5,False
8.0,14.0,24.82169869646486,15.242411509683034,2057.5,False
7.0,21.0,22.61509723605018,13.67506259831691,2115.0,False
4.0,13.0,25.02085276902121,14.565051834854403,2575.0,False
27.0,24.0,24.669764456425934,17.040740150811626,1712.5,False
13.0,30.0,23.058595074695802,15.849066635175387,1770.0,False
20.0,13.0,23.37601152922947,15.120372991937693,1712.5,False
32.0,23.0,23.257625979696495,17.289581317824883,1712.5,False
20.0,24.0,25.97299414921386,14.965767586048594,1655.0,False
17.0,16.0,22.734885499301857,14.812331717466872,1712.5,False
17.0,7.0,25.317661203082316,16.581984086194698,1827.5,False
14.0,23.0,24.12254167869657,14.92121851956491,1655.0,False
19.0,15.0,25.522086739231852,15.28493288805133,1712.5,False
30.0,11.0,25.92744454096682,16.389832129157913,1712.5,False
23.0,19.0,25.844332371738922,15.220480725412424,1655.0,False
15.0,15.0,25.417012201154854,14.789151766063672,1712.5,False
14.0,7.0,23.654288854526186,13.561555345011266,1770.0,False
26.0,32.0,23.08508775744546,16.94227865971083,1655.0,False
9.0,12.0,23.277989570762553,15.606815172050508,1942.5,False
25.0,17.0,24.612552125555602,16.90532749043172,1712.5,False
12.0,20.0,23.367442224992356,15.971368504193514,1827.5,False
21.0,8.0,23.739554575446526,14.302665526921546,1712.5,False
24.0,22.0,22.318945573077876,14.952643804045612,1655.0,False
16.0,20.0,25.084046490561523,15.1690327041716,1712.5,False
11.0,16.0,22.44587743571457,16.458903946465043,1885.0,False
25.0,17.0,23.34810620936134,15.692692769832634,1712.5,False
14.0,29.0,24.36173588890838,16.046014026423336,1712.5,False
13.0,27.0,24.124699404297473,16.51232067759378,1770.0,False
17.0,8.0,25.572522249692213,14.595445299023107,1770.0,False
15.0,14.0,24.63475254820149,17.027967193052735,1770.0,False
20.0,17.0,25.156179114308383,15.313107799859488,1712.5,False
9.0,28.0,23.213783701656027,16.14448756701497,2057.5,False
15.0,24.0,22.52902934715365,14.3728091948432,1655.0,False
26.0,15.0,24.97331999640568,14.43348943995436,1655.0,False
5.0,26.0,22.61431591207718,16.439957614146035,2345.0,False
16.0,14.0,25.33666481488837,14.901624306969337,1712.5,False
20.0,12.0,25.772069772785414,17.00383107099665,1770.0,False
26.0,19.0,23.13171143738386,16.15898835854153,1712.5,False
18.0,14.0,25.04402014895573,16.16171567246941,1770.0,False
24.0,19.0,23.749353274169387,15.021069217579363,1655.0,False
11.0,15.0,23.195989382962313,17.11068127906405,1885.0,False
14.0,23.0,23.724573333521395,17.27855785909206,1770.0,False
29.0,29.0,24.587069134969223,14.531756998542672,1597.5,False
26.0,12.0,25.95227309286124,15.558250283286535,1712.5,False
18.0,17.0,23.200174934702506,17.12772738986077,1770.0,False
16.0,21.0,24.823772779412494,13.905122180373422,1655.0,False
16.0,10.0,23.3394804126429,14.690315994242265,1770.0,False
6.0,23.0,23.005576299438523,17.317706074181586,2402.5,False
26.0,18.0,24.527368567026084,15.439894352930024,1655.0,False
24.0,9.0,25.045152210706195,17.306148711634627,1827.5,False
16.0,26.0,24.86954412687774,15.020673114720214,1655.0,False
13.0,15.0,25.770342714373154,15.609998557844518,1770.0,False
14.0,10.0,22.42947668311053,15.316491552443877,1827.5,False
9.0,11.0,24.16265465626874,15.328856686149752,1942.5,False
21.0,23.0,23.163375173425585,17.17085170980062,1712.5,False
18.0,28.0,25.267828314486437,16.27857131399923,1655.0,False
12.0,14.0,22.2481062069822,17.282925905105312,1827.5,False
19.0,7.0,22.703213807849064,14.818128024443595,1770.0,False
31.0,8.0,25.0881142469885,17.47557555404142,1770.0,False
9.0,20.0,23.41856528184296,16.330657804212265,2000.0,False
16.0,14.0,24.727200451239387,14.025240826362493,1712.5,False
16.0,15.0,25.994022710826265,15.151772423339196,1712.5,False
10.0,14.0,23.839396412270638,14.494671196302455,1827.5,False
17.0,16.0,24.13193696147252,14.441837391340067,1712.5,False
19.0,19.0,25.90131225284516,17.21821135063049,1770.0,False
10.0,17.0,24.98557395543282,17.339797976481538,1942.5,False
10.0,10.0,22.78702798989601,13.55666680043499,1827.5,False
25.0,16.0,25.217200863289154,14.05214695500129,1655.0,False
13.0,16.0,24.063433646709754,14.61138073988503,1712.5,False
19.0,17.0,25.149477651455545,16.89094136381286,1770.0,False
19.0,8.0,24.394210099488134,15.944422994308765,1770.0,False
25.0,10.0,22.909325811406887,15.761710880167412,1770.0,False
22.0,17.0,25.257758317667268,15.893097428415297,1712.5,False
25.0,12.0,22.008106134920375,17.302348080117095,1827.5,False
19.0,19.0,25.552120881440715,14.603161754980169,1655.0,False
16.0,14.0,25.27443690290867,13.993288436579054,1712.5,False
15.0,11.0,25.88055996709,15.93126147266933,1770.0,False
14.0,20.0,22.14215096283486,17.37547631221625,1770.0,False
15.0,15.0,23.750538011525848,16.34001705337171,1770.0,False
9.0,10.0,22.676526169563758,17.068465444830043,2000.0,False
15.0,24.0,23.495958143213016,17.084759380490585,1712.5,False
15.0,15.0,23.43916563931981,14.377028363564838,1712.5,False
5.0,27.0,24.390244249482013,16.242393822804747,2345.0,False
12.0,11.0,23.74971997512746,16.948883567935788,1827.5,False
22.0,26.0,25.862292854217845,13.905363549152055,1597.5,False
18.0,24.0,23.111095083430097,16.105913171936603,1712.5,False
24.0,8.0,23.675001838920448,14.588012657847038,1712.5,False
17.0,17.0,24.802619201284074,16.786682039003203,1770.0,False
25.0,20.0,23.106173403647446,14.392830460177578,1655.0,False
23.0,16.0,24.895244377351087,14.99368199636574,1712.5,False
8.0,15.0,24.834849972269705,16.20697036538629,2057.5,False
31.0,29.0,24.848952889658264,15.723304637483515,1655.0,False
4.0,21.0,24.700305702864704,13.97990407414527,2575.0,False
18.0,30.0,25.269841420227767,14.40118056118927,1655.0,False
23.0,25.0,25.97972678632308,17.043360252435313,1712.5,False
14.0,24.0,22.221345821064343,17.45511836547894,1770.0,False
18.0,21.0,23.988586567502963,16.275888160327185,1712.5,False
14.0,19.0,25.25232372007833,13.53905869040345,1655.0,False
6.0,26.0,22.000188839316884,16.47360263139324,2287.5,False
3.0,19.0,24.180612978018523,16.071302339484827,2632.5,False
8.0,7.0,24.639192862418273,15.147281421775492,2000.0,False
8.0,18.0,22.766970694233084,14.41218325005433,2000.0,False
19.0,8.0,23.603282013270984,14.162791416290222,1712.5,False
17.0,29.0,25.157804774221635,13.834147448752494,1597.5,False
16.0,19.0,22.266730884153173,16.057081502027753,1712.5,False
21.0,18.0,22.539466932534467,14.84909829432138,1712.5,False
4.0,11.0,25.272277886573253,15.57205303642248,2632.5,False
12.0,17.0,25.236822017414983,15.600833471936426,1770.0,False
23.0,14.0,24.361613454935842,15.929209935163223,1712.5,False
27.0,20.0,23.664746608873294,15.878184043679628,1712.5,False
15.0,19.0,22.42260698030931,15.576306973409341,1712.5,False
7.0,17.0,25.245749175385942,14.120471058074942,2115.0,False
23.0,12.0,22.966981444561416,13.608172655098427,1655.0,False
26.0,17.0,25.65276343031787,15.804739204205767,1712.5,False
15.0,16.0,25.10335194267224,15.19287999564545,1712.5,False
12.0,25.0,22.32374335136329,15.14047463338503,1827.5,False
6.0,27.0,24.541972419868127,15.220262628114842,2287.5,False
18.0,22.0,25.682504013060438,13.95416808047927,1655.0,False
27.0,13.0,25.516672807361374,14.217071847722384,1655.0,False
20.0,5.0,24.45341151686328,16.148617744757942,1827.5,False
13.0,28.0,22.68783605525039,15.55512589449501,1770.0,False
19.0,33.0,24.72096729328745,15.938649323249127,1655.0,False
24.0,9.0,24.664568232759088,14.0173624909043,1655.0,False
16.0,20.0,24.354938872852532,16.756558486226133,1712.5,False
24.0,15.0,23.062971412575006,14.990558902196717,1712.5,False
15.0,9.0,25.60118729123919,15.952287951228953,1827.5,False
14.0,34.0,24.010307610465063,15.362612878720167,1712.5,False
18.0,28.0,23.188460898503774,15.37329228263461,1655.0,False
16.0,32.0,23.02088829577678,16.6143218821805,1712.5,False
31.0,9.0,23.124071322621727,13.941395466026162,1655.0,False
17.0,16.0,23.844376578976057,13.799160879192343,1655.0,False
15.0,27.0,22.923405985677356,13.90423321382079,1655.0,False
15.0,20.0,24.069658260565806,17.481200554007337,1770.0,False
17.0,15.0,22.76809395961072,17.208592517026577,1770.0,False
14.0,17.0,23.083807770916753,16.302213903654923,1770.0,False
21.0,5.0,22.478661815072225,15.290183247745544,1770.0,False
14.0,19.0,23.429578639384562,13.840284842760887,1655.0,False
15.0,25.0,23.623878684551357,16.78358276711359,1712.5,False
19.0,2.0,23.614870386944737,14.25777039806654,1770.0,False
6.0,10.0,24.89954999731447,14.591368194679001,2230.0,False
20.0,17.0,23.933444696926394,16.8631677681778,1770.0,False
17.0,18.0,24.772021225299994,14.529337628387733,1712.5,False
16.0,14.0,22.132560401881637,16.878305956032058,1770.0,False
21.0,5.0,23.746354593210768,16.643754252776148,1827.5,False
22.0,22.0,22.359191188157517,16.849160963083033,1712.5,False
25.0,12.0,23.84840801749348,16.197164807907082,1770.0,False
14.0,19.0,24.460798040448722,14.908503286401983,1712.5,False
13.0,18.0,25.186957529810847,16.112671499874335,1770.0,False
21.0,15.0,24.20087645137793,16.816430864387435,1770.0,False
18.0,18.0,23.51800909354103,16.497678227200986,1712.5,False
19.0,21.0,23.057849740901542,16.948112241994934,1712.5,False
18.0,18.0,25.82977129300349,17.434123908136552,1770.0,False
23.0,18.0,22.79314187034946,16.260581069480843,1712.5,False
11.0,15.0,22.169665434347568,17.212508821618922,1885.0,False
18.0,15.0,22.5035175694249,14.587111220443772,1712.5,False
10.0,16.0,25.990020397150158,17.39393096338923,1942.5,False
15.0,16.0,25.624480119054205,17.14129826625727,1770.0,False
20.0,15.0,23.2810314898798,13.664971911288745,1655.0,False
16.0,11.0,22.015396708494862,15.861791148602304,1770.0,False
14.0,21.0,25.06882410747031,15.51188677958173,1712.5,False
26.0,9.0,23.20214502919834,16.762421010461168,1770.0,False
23.0,27.0,22.08859733306723,14.005360534797967,1597.5,False
17.0,19.0,23.82641836073619,15.610557093654627,1712.5,False
29.0,6.0,23.696623823168494,15.50505518489552,1770.0,False
15.0,20.0,23.447034337280794,15.08215611706214,1712.5,False
23.0,14.0,24.61346959116904,17.46873102133905,1770.0,False
10.0,28.0,24.90405739744847,15.658185584312815,1942.5,False
13.0,28.0,24.23673508700728,15.15297761651636,1770.0,False
14.0,25.0,22.055947093905242,16.925613534896986,1770.0,False
8.0,18.0,22.08966394424812,14.056217601447225,2000.0,False
17.0,28.0,25.5269750786679,14.650249202101884,1655.0,False
11.0,20.0,22.745770598054087,14.615567682143233,1827.5,False
19.0,26.0,23.592257485209142,17.23480274124376,1712.5,False
11.0,10.0,22.414109156460817,17.021318863993436,1885.0,False
9.0,27.0,22.917203900256037,15.92673740119609,2000.0,False
30.0,20.0,23.941414634985808,14.778517712583236,1655.0,False
20.0,13.0,22.942186273611537,15.372415087652497,1712.5,False
28.0,34.0,24.636330604873542,15.784586155601403,1597.5,False
16.0,20.0,23.469233609428677,15.660347357807112,1712.5,False
5.0,27.0,25.1538670669601,14.52374137860922,2402.5,False
18.0,3.0,24.407801809627987,14.021950416081253,1770.0,False
18.0,18.0,23.015860227749506,17.13054542958983,1770.0,False
4.0,21.0,25.233531864233345,16.063389371785917,2575.0,False
25.0,4.0,25.728348281143575,14.080369533707763,1712.5,False
19.0,22.0,22.48017719606439,17.459373922214837,1712.5,False
22.0,20.0,24.678653919835583,15.145109264577528,1655.0,False
16.0,12.0,24.523181959658537,16.431880472375433,1770.0,False
19.0,20.0,24.678850938604054,14.206858884574865,1655.0,False
12.0,9.0,22.124743001986445,17.231062785931403,1885.0,False
31.0,24.0,22.11250344557271,13.816829227795916,1597.5,False
15.0,25.0,23.17924600023172,17.32328657260114,1712.5,False
10.0,16.0,22.320932302421753,16.40849036689321,1942.5,False
6.0,17.0,23.46431191021986,14.40897830535432,2230.0,False
19.0,15.0,25.489682803316757,14.22362296165002,1655.0,False
32.0,14.0,23.41774512485166,16.84840365688236,1770.0,False
27.0,26.0,23.571384990968596,13.659695805404212,1597.5,False
21.0,13.0,23.070088136898452,13.95712047110723,1712.5,False
32.0,15.0,23.686412841187323,16.19142431809658,1712.5,False
21.0,13.0,25.190048525187724,13.809467970708502,1655.0,False
14.0,20.0,25.323565337706544,15.664981580237194,1712.5,False
19.0,24.0,23.684235866931147,15.79621127343095,1655.0,False
7.0,10.0,23.587442247847452,13.571485972892278,2057.5,False
11.0,12.0,22.78026188430798,15.00865272319568,1827.5,False
15.0,8.0,25.902406595778356,13.614122549730881,1712.5,False
11.0,10.0,23.243981271386616,17.36754139224714,1885.0,False
29.0,15.0,23.37057055036392,14.361286859540169,1655.0,False
33.0,23.0,23.719425779532074,16.258840113087743,1655.0,False
14.0,17.0,22.3217340407744,16.195062500232346,1770.0,False
21.0,6.0,23.314150507308153,16.588927532074386,1827.5,False
15.0,19.0,25.722338817476235,14.841310312726922,1712.5,False
9.0,23.0,22.297727106588184,14.237592027314736,1942.5,False
14.0,15.0,22.961941024715447,15.622008848767974,1770.0,False
12.0,12.0,22.871004003542236,16.277346825922983,1827.5,False
13.0,22.0,22.940278111624572,16.521205355502627,1770.0,False
11.0,4.0,25.818463078202083,13.695661608859801,1827.5,False
8.0,24.0,24.834221943875615,16.51063898692458,2115.0,False
11.0,23.0,25.67916697335648,13.949729017318152,1770.0,False
27.0,26.0,25.430442341497294,15.598583284629981,1655.0,False
7.0,8.0,24.49898437162959,15.721644223103477,2115.0,False
13.0,8.0,24.239234602840703,14.008200771547614,1770.0,False
17.0,26.0,24.036399612321688,17.355991703050005,1712.5,False
14.0,16.0,24.75813251195119,16.052065673239227,1770.0,False
17.0,15.0,24.807299197520724,14.395565775374491,1712.5,False
6.0,18.0,24.397830010904862,13.703590710941185,2230.0,False
20.0,6.0,23.795765656548113,16.600093698259457,1827.5,False
18.0,19.0,24.701454166534333,16.865262567465262,1712.5,False
20.0,29.0,22.62673667571461,13.862520260793776,1597.5,False
18.0,20.0,24.20613474380243,14.52972278063165,1655.0,False
15.0,16.0,24.077199432552202,16.06951151995546,1770.0,False
14.0,30.0,24.138699432907433,15.175908543088655,1712.5,False
11.0,20.0,24.043274908832842,14.870049154164814,1827.5,False
17.0,6.0,25.001053426421247,15.19780513908631,1770.0,False
5.0,20.0,25.029971566623132,15.521218190110925,2460.0,False
13.0,6.0,23.31833101762817,14.23865035669178,1827.5,False
20.0,13.0,23.403011287407196,15.052252796649784,1712.5,False
8.0,19.0,22.06594415982558,13.779301758864712,2000.0,False
6.0,11.0,22.453184399905442,13.524222562638629,2172.5,False
20.0,5.0,23.049300305939752,17.40077332665415,1885.0,False
15.0,19.0,25.062841354247603,13.719231442719455,1655.0,False
23.0,13.0,25.191557386594816,13.673911579149301,1655.0,False
28.0,17.0,22.992060529827945,17.0598479027573,1770.0,False
30.0,12.0,25.47902104222738,17.40414724109675,1770.0,False
15.0,20.0,23.50279187625719,16.878139303821776,1712.5,False
12.0,27.0,25.192207805375986,14.058201810896557,1770.0,False
19.0,7.0,23.86741506973958,16.0581266794063,1827.5,False
19.0,23.0,24.85040223341656,16.287698096560376,1712.5,False
19.0,10.0,23.425252277629372,16.586650021882306,1827.5,False
13.0,14.0,22.282426235588623,13.951555474341012,1712.5,False
7.0,14.0,23.01620614404614,15.063010924133833,2115.0,False
11.0,11.0,24.78835632511492,14.604387695121337,1827.5,False
10.0,7.0,25.671827981050008,16.118064050408716,1942.5,False
9.0,22.0,24.513166255435067,14.874406061189347,1942.5,False
28.0,23.0,25.075813988529436,15.535290413243306,1655.0,False
4.0,34.0,22.05649363658274,16.005749833561588,2230.0,False
19.0,28.0,25.04025215642156,16.96324240047216,1712.5,False
29.0,15.0,25.34215000581967,17.18366732967126,1712.5,False
14.0,9.0,23.650605011182314,16.27379136087403,1827.5,False
17.0,3.0,23.975565376039516,14.12556525229416,1770.0,False
21.0,17.0,22.20949233695351,17.055668574648774,1770.0,False
13.0,25.0,22.69854262526459,14.31806229423195,1712.5,False
16.0,12.0,22.22590864926932,13.712753163550083,1712.5,False
24.0,11.0,24.925473338247507,15.249084605277176,1712.5,False
22.0,15.0,25.199456176474886,16.238552982725654,1712.5,False
24.0,26.0,22.434667409533038,14.097457388750362,1597.5,False
32.0,16.0,25.686384092068362,14.697462879461472,1655.0,False
14.0,21.0,25.35810664547611,13.820239762468333,1655.0,False
22.0,16.0,24.305139890689762,15.97282561418715,1712.5,False
19.0,14.0,25.913152420404998,16.332951250156743,1770.0,False
20.0,16.0,25.529870566610505,15.578746983116726,1712.5,False
22.0,22.0,22.89056713339608,15.277728352787427,1655.0,False
22.0,22.0,25.816142747765166,16.89080678297397,1712.5,False
26.0,15.0,23.77183761598596,15.176743001325594,1712.5,False
14.0,12.0,22.61946364773889,15.267078554165348,1770.0,False
20.0,9.0,22.800359025812554,15.809312390874496,1770.0,False
13.0,2.0,24.736778111851148,16.31539769565815,1942.5,False
18.0,8.0,25.950233652609995,16.60812219408655,1827.5,False
22.0,10.0,23.7810867777035,13.663279875754139,1655.0,False
23.0,20.0,24.29253892742677,16.904626306167994,1712.5,False
15.0,24.0,23.200958355507947,15.305287375557183,1655.0,False
17.0,22.0,25.381830071739937,17.12348986849276,1712.5,False
14.0,21.0,22.460623825363324,15.645372824218823,1712.5,False
10.0,33.0,24.328989412497307,15.403332421145153,1942.5,False
12.0,30.0,24.34488193731406,14.281545784935883,1770.0,False
27.0,12.0,22.004558952360256,15.378416499470468,1712.5,False
13.0,9.0,25.762249547392255,15.471718650794953,1770.0,False
31.0,10.0,25.897369541507942,17.077913146855746,1770.0,False
12.0,27.0,23.86989375975117,17.04834469575506,1885.0,False
21.0,8.0,24.90256633057257,15.445658666635609,1770.0,False
18.0,14.0,25.394847766719245,16.97026945783841,1770.0,False
21.0,17.0,22.466819920697983,16.91756294264069,1770.0,False
19.0,19.0,22.338475592871443,17.293540296005048,1770.0,False
21.0,18.0,24.75723927964382,14.946413255804483,1712.5,False
27.0,23.0,24.237969249025724,14.348912537012804,1655.0,False
18.0,18.0,24.717574700797645,17.275697953368528,1770.0,False
7.0,25.0,24.287986030887065,15.839445389540838,2230.0,False
12.0,7.0,24.905567090763494,15.366630399162306,1827.5,False
21.0,25.0,22.61963703329945,15.14583315876904,1655.0,False
16.0,18.0,22.8624725563737,13.839008315912842,1655.0,False
17.0,11.0,22.948092664122292,14.316377855012757,1712.5,False
18.0,31.0,23.666080394787514,14.666330612543616,1597.5,False
14.0,29.0,25.03824135526113,15.705267662803497,1712.5,False
23.0,25.0,25.325587245380312,15.566846766513033,1655.0,False
21.0,27.0,23.605186419388218,15.671465687530237,1655.0,False
21.0,14.0,24.40819911876801,13.80584599734297,1655.0,False
21.0,11.0,23.180713601857086,13.539092780860251,1655.0,False
26.0,10.0,23.903107621736634,15.3526078732428,1712.5,False
18.0,26.0,25.763642115024204,14.273930127570582,1655.0,False
30.0,24.0,23.077143626112974,17.066720537344757,1712.5,False
9.0,31.0,25.15177467661943,15.223650279526687,2000.0,False
19.0,25.0,22.168776859051757,14.907969328689237,1655.0,False
21.0,19.0,23.380971833834252,15.676022130037328,1712.5,False
16.0,9.0,24.63512509052748,16.01440740687203,1827.5,False
13.0,10.0,25.104003834338116,13.827869450935722,1770.0,False
18.0,16.0,24.368740848521018,16.46535276767354,1770.0,False
14.0,22.0,25.47688853970341,14.050315493884275,1655.0,False
27.0,10.0,25.28314330353377,15.046930606102453,1712.5,False
14.0,27.0,24.470020134324507,14.927470480963203,1712.5,False
10.0,20.0,23.392491993030696,15.77664741630882,1942.5,False
18.0,13.0,23.454842072195795,16.257870842682195,1770.0,False
15.0,26.0,24.460387664481452,16.703273744011526,1712.5,False
8.0,18.0,24.626206778570335,15.60858212487392,2057.5,False
18.0,22.0,23.57834704970116,14.12156722721318,1655.0,False
17.0,15.0,23.590069573665968,16.28381515254009,1770.0,False
10.0,15.0,22.70711889060425,15.415198060093743,1885.0,False
18.0,3.0,22.001150091146002,15.855733299111384,1885.0,False
18.0,17.0,23.845966091934205,15.274829787964697,1712.5,False
23.0,22.0,25.323365005388325,15.165175961814146,1655.0,False
14.0,30.0,25.066165005461194,16.30543559631505,1770.0,False
12.0,26.0,25.975761352361978,15.596434299477183,1770.0,False
29.0,7.0,24.677623117423867,16.9711900235105,1770.0,False
18.0,31.0,22.935651944155406,16.473783891466194,1655.0,False
5.0,9.0,24.70939520730196,15.405247292309559,2402.5,False
24.0,5.0,25.31391517038781,14.356833279717712,1712.5,False
11.0,22.0,24.563988041392005,13.570298485255785,1770.0,False
23.0,27.0,23.92689688243151,14.321599342402564,1597.5,False
21.0,29.0,24.474049911280026,14.625079847495634,1655.0,False
30.0,24.0,22.10321044182867,13.972452801619056,1597.5,False
30.0,11.0,23.060450028657566,16.176364146007607,1770.0,False
12.0,10.0,22.630949180178423,14.804310879666279,1770.0,False
22.0,6.0,23.653661741866962,13.620982341193628,1712.5,False
13.0,18.0,25.57214615429118,15.247509728816258,1712.5,False
19.0,16.0,22.751797902560988,16.63725538246933,1770.0,False
18.0,8.0,22.28393844084888,14.85899141010507,1770.0,False
6.0,16.0,25.10768775891643,17.10932668737416,2345.0,False
3.0,18.0,25.471612078466997,16.9111736140767,2747.5,False
6.0,21.0,24.125579276128978,17.057513432990532,2345.0,False
9.0,15.0,23.50626628727653,16.17115961541325,2000.0,False
12.0,13.0,23.722139888393343,16.72638126247398,1827.5,False
27.0,20.0,24.635966855024964,15.055900427383616,1655.0,False
17.0,20.0,25.325005930132065,16.272876122729745,1712.5,False
23.0,12.0,22.757761717802623,14.395602523900198,1712.5,False
25.0,4.0,25.609033344108457,14.318875024528705,1712.5,False
22.0,29.0,24.62956030423571,17.274460056923907,1712.5,False
15.0,22.0,24.953162188359965,15.695268314074657,1712.5,False
25.0,11.0,22.34764907220907,13.786710259916141,1655.0,False
22.0,18.0,25.67337877321297,14.289204085572711,1655.0,False
22.0,18.0,24.11277834842408,15.345357685851122,1712.5,False
27.0,9.0,23.448428446802247,16.88357021842465,1770.0,False
18.0,11.0,23.595749385882925,17.083812703938214,1827.5,False
17.0,30.0,23.172136124291796,13.953830933505118,1597.5,False
26.0,17.0,22.651889706024498,13.748114407584575,1655.0,False
16.0,11.0,22.138635529887136,13.986752743779585,1712.5,False
24.0,23.0,23.057632660245357,16.18558077035133,1712.5,False
6.0,16.0,23.986446835754784,15.631318074880863,2287.5,False
2.0,19.0,24.667042474984775,16.451564471743925,2747.5,False
17.0,13.0,24.933386017156828,15.873439390609828,1770.0,False
7.0,6.0,24.382416322795564,13.883541194177816,2057.5,False
31.0,10.0,22.464248626654847,14.530527854068954,1712.5,False
3.0,31.0,23.726194288160286,14.826206103227022,2345.0,False
21.0,19.0,24.669622405067603,16.3307857630463,1712.5,False
12.0,24.0,24.972702788363172,15.887408069162335,1827.5,False
30.0,4.0,23.298027313306306,17.287294268047287,1827.5,False
14.0,22.0,25.713765393876226,14.082090726564655,1655.0,False
5.0,16.0,25.181526133249097,17.25450528115185,2517.5,False
5.0,20.0,25.406923723344114,14.3806016755204,2402.5,False
18.0,14.0,24.666179964680794,14.873868034549073,1712.5,False
32.0,19.0,23.655041904740564,13.638316995643528,1597.5,False
31.0,5.0,25.736674044876832,14.68610953091424,1712.5,False
14.0,6.0,25.60578081666121,14.298826868821306,1770.0,False
16.0,23.0,25.313901571899706,14.369004643469388,1655.0,False
8.0,9.0,25.564508514579234,15.788815338929748,2000.0,False
17.0,4.0,25.666443204924498,16.62314880773067,1827.5,False
19.0,27.0,24.98542906290643,16.479829248056685,1655.0,False
12.0,12.0,22.801344763111434,16.816591112330638,1827.5,False
19.0,18.0,24.154189088614054,16.425343865493616,1712.5,False
27.0,25.0,24.463975875160436,17.406022357861,1712.5,False
2.0,22.0,25.093493811606272,13.573893530070672,2690.0,False
11.0,6.0,23.98058891860638,17.45158433466244,1942.5,False
11.0,18.0,24.051484563526,15.13931458241923,1827.5,False
9.0,17.0,25.982260056339147,15.41121663055988,1942.5,False
10.0,14.0,23.808820969786836,15.809400102931374,1885.0,False
19.0,22.0,22.52003935958398,13.534093080703355,1655.0,False
8.0,30.0,24.83873521728433,14.226839932585303,2057.5,False
22.0,9.0,23.45016664015187,15.28388235551609,1770.0,False
26.0,9.0,22.994155787855593,16.57806930295679,1770.0,False
28.0,22.0,24.5138478688003,16.980352362270086,1712.5,False
20.0,16.0,25.81747068861978,14.090934320998905,1655.0,False
11.0,23.0,23.25123542046384,14.551946229099832,1827.5,False
7.0,9.0,23.48908498832151,15.929481545015827,2172.5,False
12.0,5.0,23.861960150157536,14.943932206735127,1827.5,False
30.0,21.0,24.751977824640303,14.69165249566354,1655.0,False
30.0,33.0,23.58379541035456,15.033283547485333,1597.5,False
14.0,8.0,23.700359076188747,16.30638313803155,1827.5,False
13.0,25.0,24.80362159131479,14.294400336452448,1712.5,False
17.0,15.0,25.940540348298555,13.74762402680711,1655.0,False
13.0,4.0,23.266016278121022,13.513827598142708,1827.5,False
31.0,17.0,24.341309903265657,15.606679669934001,1712.5,False
11.0,13.0,25.177616754161686,14.500069482492341,1770.0,False
14.0,21.0,22.848511759455853,15.746554558724782,1712.5,False
15.0,13.0,25.273276577156736,17.02396607751842,1770.0,False
9.0,16.0,23.419722527179925,14.674631833330059,1942.5,False
14.0,11.0,22.44409171961959,14.234281850535861,1770.0,False
25.0,24.0,22.099610961549377,13.506301228635184,1597.5,False
9.0,28.0,22.132347379553927,17.425411693162744,2115.0,False
18.0,15.0,25.19056952597913,15.567306855445633,1712.5,False
15.0,16.0,24.699754501197376,16.70837787539113,1770.0,False
10.0,32.0,25.173960510020912,16.93239784561638,2000.0,False
3.0,9.0,25.011791268760987,17.480857932738722,2977.5,False
12.0,24.0,23.5239013479577,16.93853183753591,1827.5,False
6.0,18.0,25.732074183627933,14.676235150277295,2230.0,False
14.0,26.0,25.511782306880587,15.757466442738192,1712.5,False
24.0,13.0,23.393406520950037,17.350942050721343,1770.0,False
21.0,13.0,25.091764041338166,16.03351210017957,1712.5,False
29.0,13.0,25.27863273661972,16.57625505967575,1712.5,False
15.0,4.0,23.953857577677045,17.12664743665705,1942.5,False
21.0,10.0,22.48167566628489,15.954612018457066,1770.0,False
20.0,33.0,23.3362272791566,16.269866223538685,1655.0,False
11.0,12.0,25.95524511720084,15.853094650742275,1827.5,False
13.0,4.0,24.863741501116927,14.85455004347219,1827.5,False
17.0,13.0,25.09884351581592,14.495180735341005,1712.5,False
23.0,15.0,25.64769724619225,16.034137218408784,1712.5,False
16.0,17.0,22.811051502749226,17.424494991679097,1770.0,False
11.0,7.0,25.873616122903897,17.164549958014362,1885.0,False
33.0,23.0,24.072568031033228,14.339437099024309,1597.5,False
8.0,24.0,24.978714117205527,16.871028450148838,2115.0,False
30.0,11.0,23.272841311952345,13.584430835316844,1655.0,False
24.0,23.0,23.317627697457027,15.857795344349734,1655.0,False
25.0,14.0,23.438398914146823,17.22134449413344,1770.0,False
23.0,15.0,23.39223551903143,17.3373417119533,1770.0,False
11.0,28.0,22.25001278681721,15.912231651929401,1885.0,False
19.0,26.0,23.238297261616786,16.02325708918368,1655.0,False
22.0,14.0,24.589522884784188,15.059626300413807,1712.5,False
22.0,16.0,25.607891776344868,16.394553791804427,1712.5,False
12.0,13.0,22.166661352660768,14.482834391580539,1770.0,False
10.0,17.0,22.066513421645052,13.635484754457263,1827.5,False
13.0,20.0,24.369596459356675,16.841215440436873,1770.0,False
16.0,8.0,24.79869717761796,13.741448919038604,1712.5,False
18.0,28.0,24.432954150993407,16.158831087248473,1655.0,False
24.0,21.0,25.892173373629255,15.247723502042824,1655.0,False
22.0,8.0,22.915473074328474,13.673027696077085,1712.5,False
20.0,26.0,23.924979129486218,14.139263404449775,1655.0,False
12.0,22.0,25.663607997841915,13.902876350776612,1712.5,False
16.0,13.0,24.469989104006245,14.357621531923687,1712.5,False
14.0,17.0,24.30848786018136,16.04110780951386,1770.0,False
12.0,25.0,25.731366619787277,15.782484826678564,1827.5,False
3.0,30.0,23.35561124286912,15.231744094092551,2345.0,False
14.0,13.0,22.628703329418567,16.87221393485832,1827.5,False
12.0,20.0,22.516923559195867,16.512311662972493,1827.5,False
18.0,25.0,25.28748917960103,16.230828061738602,1712.5,False
6.0,32.0,25.42779355816272,15.895455606638837,2287.5,False
12.0,7.0,22.935513370332764,16.28443924882133,1885.0,False
6.0,17.0,23.82828537953215,14.406375496977507,2230.0,False
19.0,26.0,24.33940694210563,14.5392868927562,1655.0,False
18.0,2.0,22.55613639714139,14.692461230825025,1827.5,False
14.0,15.0,25.395242477324512,16.46425090731188,1770.0,False
9.0,18.0,23.675513022494233,15.229098738068387,1942.5,False
30.0,17.0,25.45389501571017,17.33801526447184,1712.5,False
18.0,22.0,25.040306620812988,13.660807462339369,1655.0,False
20.0,7.0,23.17981710009763,15.032667190832129,1770.0,False
17.0,23.0,24.866296865312016,14.11890731312243,1655.0,False
24.0,13.0,24.962820137554026,16.76528274281993,1770.0,False
27.0,24.0,23.245052305420067,15.41843503079739,1655.0,False
14.0,15.0,23.014942360286792,15.980067780283267,1770.0,False
20.0,6.0,25.29371115021799,15.891798409392406,1770.0,False
11.0,30.0,24.711732162793734,13.816264814962569,1827.5,False
20.0,23.0,24.958292929349394,16.63495273087206,1712.5,False
15.0,14.0,23.25222101371787,16.787907149754204,1770.0,False
3.0,12.0,24.88877609477126,15.929757182405577,2920.0,False
30.0,18.0,24.85722627851584,14.623789373640095,1655.0,False
26.0,32.0,23.333099725163173,16.396367301811708,1655.0,False
13.0,13.0,23.081840207277107,16.30266315370328,1770.0,False
34.0,29.0,23.72557941280813,17.150155626418215,1655.0,False
13.0,14.0,24.9563688069924,13.96933415316229,1712.5,False
16.0,21.0,22.774349907326055,17.139214872046804,1712.5,False
25.0,14.0,25.49704960734214,17.048288138605518,1770.0,False
13.0,7.0,23.021104088326847,14.690109616453055,1827.5,False
16.0,28.0,25.358534802548004,16.364791064977286,1655.0,False
20.0,10.0,22.623238237184125,14.55483262529877,1712.5,False
9.0,29.0,24.957762782187725,14.440383283242115,1942.5,False
15.0,8.0,24.245579690154017,16.066139743988835,1827.5,False
13.0,12.0,24.645835949607605,13.700133336941352,1712.5,False
20.0,28.0,25.896546384799894,13.885909031636588,1597.5,False
9.0,20.0,22.210231514680377,16.14057449194255,2000.0,False
12.0,10.0,22.59650789215339,17.307476764302237,1885.0,False
21.0,18.0,22.316339209208962,13.636155109733053,1655.0,False
10.0,10.0,24.078547837390754,13.591673761128037,1827.5,False
15.0,26.0,25.211228975001376,13.799086751231187,1655.0,False
21.0,6.0,22.2192991638712,13.506657817193558,1712.5,False
22.0,17.0,25.117626730109553,17.213249820387915,1770.0,False
8.0,6.0,23.732223293677936,15.396167835394046,2000.0,False
25.0,21.0,25.765714611912546,16.268454191759588,1712.5,False
21.0,28.0,23.530784479610034,15.165547517999155,1655.0,False
14.0,24.0,25.938391792973704,17.48898004610416,1770.0,False
22.0,14.0,24.22608618285617,15.419725544851484,1712.5,False
21.0,12.0,25.959972708955632,17.257063545569267,1770.0,False
19.0,9.0,24.527543807357866,16.098441804400597,1770.0,False
18.0,26.0,23.385343136364433,17.290952749724756,1712.5,False
22.0,7.0,25.21363474025023,15.48056703253401,1770.0,False
34.0,19.0,23.94784051063643,17.01552037773606,1712.5,False
18.0,14.0,23.235231990619166,14.835546908223415,1712.5,False
24.0,33.0,23.913341615941324,16.144793505815752,1655.0,False
22.0,17.0,25.48765037551874,15.968739175421149,1712.5,False
25.0,17.0,24.929229542445434,15.44734461892851,1712.5,False
29.0,28.0,22.695075266778343,15.505930408349775,1655.0,False
11.0,30.0,25.354391348720426,14.180484522421535,1827.5,False
10.0,18.0,23.725674296301705,17.124108454003782,1942.5,False
18.0,23.0,22.33147397885567,15.316839240749225,1655.0,False
16.0,19.0,22.5886884221482,14.105876601402633,1655.0,False
18.0,15.0,22.264654907925163,16.31731402161768,1770.0,False
23.0,6.0,24.706351214130084,16.40864439278177,1770.0,False
28.0,21.0,23.030258938423213,13.680468855508588,1597.5,False
15.0,21.0,22.385396010885938,14.831280875275931,1712.5,False
21.0,8.0,23.462678622835732,15.837042709359912,1770.0,False
11.0,11.0,25.46786452303307,16.786330274481344,1885.0,False
17.0,22.0,24.514912225379113,14.742420686172917,1655.0,False
4.0,9.0,23.9449097572581,14.698619803083893,2575.0,False
17.0,21.0,24.932778642700256,16.44627186195979,1712.5,False
17.0,21.0,22.303580157515484,14.376817623233572,1655.0,False
22.0,14.0,25.531086835385114,17.083994794919057,1770.0,False
20.0,12.0,22.71094476526964,16.661662206599573,1770.0,False
14.0,14.0,22.085526505943175,17.07222124087443,1827.5,False
3.0,14.0,23.449441613195738,14.9149828754451,2862.5,False
8.0,19.0,22.233789349576114,14.162943737026001,2000.0,False
31.0,22.0,22.66831522730803,15.84023099354341,1655.0,False
28.0,25.0,24.955994489358215,14.259875865627363,1597.5,False
13.0,5.0,23.61893232550127,14.564452638623171,1827.5,False
12.0,21.0,22.027595351174366,15.102270410469394,1770.0,False
15.0,13.0,24.5750289625494,15.350913910161548,1770.0,False
20.0,25.0,24.828444420885926,14.789653250189392,1655.0,False
14.0,7.0,25.607853930878107,14.638879752433649,1770.0,False
7.0,18.0,22.618410441210028,14.486907824158227,2115.0,False
15.0,17.0,25.428662950764704,16.260543609114343,1770.0,False
12.0,13.0,24.834831796607844,14.723513695709952,1770.0,False
13.0,31.0,24.254491161529497,16.277591253936677,1770.0,False
10.0,8.0,23.04707993364994,16.471538972923643,1942.5,False
20.0,9.0,23.8313709318684,16.35691949219231,1770.0,False
17.0,19.0,22.793082152771312,17.157749331767647,1770.0,False
12.0,17.0,24.870777610552384,17.317942653421813,1827.5,False
18.0,12.0,24.814359197196207,14.087442422535146,1712.5,False
16.0,13.0,22.766119642421295,14.782348485397865,1712.5,False
23.0,10.0,23.010466788567403,16.650666786551312,1770.0,False
30.0,26.0,25.604447318844517,16.627212591965648,1655.0,False
9.0,18.0,23.886739440028492,13.783772169839292,1885.0,False
26.0,12.0,24.20446877079908,17.348148364955325,1770.0,False
21.0,15.0,25.834501207312492,16.924818291874406,1770.0,False
21.0,27.0,22.828095244555822,17.09681668862984,1712.5,False
14.0,26.0,24.5085208733929,14.317539180124992,1655.0,False
14.0,7.0,25.096059820158402,15.503679861221256,1827.5,False
3.0,20.0,23.277758687871213,15.262168842665853,2575.0,False
32.0,10.0,23.23526720807033,14.94119478462499,1712.5,False
19.0,11.0,25.587277235426285,14.409420586965561,1712.5,False
15.0,25.0,22.397623788096098,14.058426255656142,1655.0,False
17.0,27.0,22.629422589200466,16.982033707081538,1712.5,False
5.0,7.0,23.643820765522438,15.621742590523429,2402.5,False
10.0,26.0,25.19356386730556,15.903306484028263,1942.5,False
19.0,21.0,23.819966400377055,14.546404647310592,1655.0,False
17.0,23.0,23.08226376684439,17.240212325033944,1712.5,False
23.0,23.0,23.68118014435293,17.245506595739343,1712.5,False
20.0,17.0,23.781841767932185,16.18580036241856,1712.5,False
19.0,29.0,24.90810083863032,14.782211932587353,1655.0,False
24.0,11.0,25.47500032420055,14.431376682978861,1655.0,False
7.0,17.0,23.285004258035567,15.881085291127517,2172.5,False
21.0,13.0,24.83415843572322,16.831516371041715,1770.0,False
21.0,24.0,24.805553580659573,17.367935200875916,1712.5,False
12.0,7.0,25.06779022182805,13.772761619117329,1770.0,False
11.0,15.0,24.301042548501886,14.836786023228582,1827.5,False
11.0,23.0,22.05879399323471,15.064597526049603,1827.5,False
11.0,13.0,24.6234693429662,14.976101497105422,1827.5,False
17.0,12.0,24.449190310579915,16.171104783829254,1770.0,False
9.0,12.0,24.446077824874138,15.688825942162408,1942.5,False
20.0,21.0,23.125194316956588,17.06549666828682,1712.5,False
8.0,13.0,22.391541728816023,14.390204814573295,2000.0,False
5.0,15.0,22.757410358762833,15.097327155265434,2402.5,False
13.0,17.0,22.86482037018863,15.664638870045382,1712.5,False
11.0,29.0,22.694438030342887,16.767187011274636,1942.5,False
32.0,23.0,22.97814766077691,16.79295860634702,1712.5,False
13.0,10.0,22.27476671741235,16.937488916033722,1827.5,False
11.0,26.0,23.077303286180687,15.576538911089594,1885.0,False
11.0,25.0,25.991540907557326,14.466397671611473,1827.5,False
14.0,22.0,24.04552489378038,16.405022067628263,1712.5,False
19.0,17.0,23.377691441989008,17.31869409991328,1770.0,False
23.0,7.0,24.881948891227196,14.641198658333874,1712.5,False
14.0,21.0,23.877841823408094,14.2935259437186,1655.0,False
19.0,17.0,22.11799185107153,13.589903358404076,1655.0,False
16.0,13.0,24.189558844600874,16.165871458419016,1770.0,False
25.0,3.0,23.21626629542156,15.680060334206654,1770.0,False
18.0,11.0,24.2847355978114,14.038857453176812,1712.5,False
13.0,19.0,22.692872053589678,14.298062873068186,1712.5,False
21.0,8.0,23.930199428573758,16.14889032893518,1770.0,False
24.0,20.0,22.774560808248733,15.24406995915564,1655.0,False
16.0,24.0,23.19526164013556,14.432923645650952,1655.0,False
32.0,13.0,24.748658976015143,15.923292881454906,1712.5,False
26.0,7.0,22.91061103732953,13.710663088669094,1655.0,False
11.0,9.0,23.66854950161411,13.564811255919182,1770.0,False
23.0,14.0,22.292554329670867,14.543510940421028,1712.5,False
19.0,24.0,24.74864898666165,14.658075002579354,1655.0,False
17.0,19.0,24.155772749196192,13.917473694635671,1655.0,False
17.0,26.0,25.255161729292812,13.959465324687983,1655.0,False
25.0,33.0,24.140301801941554,14.171212118037788,1597.5,False
19.0,11.0,25.976855034535987,16.398435123256025,1770.0,False
17.0,21.0,22.964527512674266,16.72466311028541,1712.5,False
6.0,16.0,24.96842592903762,14.226419822727875,2230.0,False
16.0,16.0,23.729306618237974,16.127080313560143,1770.0,False
27.0,13.0,23.503858070455827,14.434610009945189,1655.0,False
21.0,14.0,24.926117300687537,17.020234389993412,1770.0,False
6.0,20.0,25.822228151278587,14.575711136433402,2230.0,False
26.0,19.0,25.02230743664455,14.019085651493477,1655.0,False
24.0,13.0,23.32049099427858,15.256583917727212,1712.5,False
17.0,9.0,24.03956660247923,14.116851461405544,1712.5,False
4.0,18.0,22.86855992010564,14.293467400124326,2575.0,False
18.0,22.0,24.480955242468326,14.856251316923531,1655.0,False
6.0,18.0,23.61034840213003,16.14288207930126,2345.0,False
13.0,2.0,22.912532347460193,13.967416435199977,1827.5,False
19.0,13.0,22.084370816803528,14.63643605455416,1712.5,False
27.0,23.0,25.70129723578636,16.933458512413196,1712.5,False
14.0,22.0,22.315283330138,14.59507746898782,1655.0,False
25.0,3.0,23.317237650176807,14.17378732819444,1712.5,False
28.0,16.0,22.761814685152796,15.634465757933665,1712.5,False
4.0,15.0,23.976509104466338,13.633263519124792,2575.0,False
12.0,20.0,22.77977938161891,16.7158046662763,1827.5,False
21.0,9.0,24.944844145614397,14.389846525784426,1712.5,False
22.0,19.0,22.899277891621573,14.031432017755124,1655.0,False
15.0,29.0,22.74182667531213,16.732811052744722,1712.5,False
20.0,14.0,22.867540871172693,16.871019650803508,1770.0,False
19.0,14.0,23.19025325028193,16.438926045698203,1770.0,False
22.0,5.0,24.567325544053503,14.438387478794855,1712.5,False
21.0,6.0,22.838513527103732,15.607955617213001,1770.0,False
7.0,28.0,24.787401153695697,17.376264029920943,2287.5,False
10.0,31.0,23.720683537648934,15.411064395665445,1942.5,False
9.0,3.0,22.788034312294254,17.29855890664419,2057.5,False
28.0,27.0,22.960178059804164,16.205473533986748,1655.0,False
27.0,10.0,24.109335264810213,16.879983442312923,1770.0,False
23.0,18.0,23.514515535440903,14.269600038293817,1655.0,False
8.0,20.0,24.05489336264132,17.20693936627709,2115.0,False
18.0,14.0,25.250318356602513,16.913377897504105,1770.0,False
10.0,17.0,22.183325508408743,16.64019862443513,1942.5,False
14.0,19.0,23.5744425230568,17.264892341426854,1770.0,False
12.0,11.0,23.66177115583348,16.655515424160402,1827.5,False
24.0,33.0,23.003668638176123,15.806988447330756,1655.0,False
9.0,11.0,23.76751681155972,16.09476081808768,2000.0,False
19.0,3.0,24.266532358959456,16.78357707727405,1885.0,False
32.0,29.0,24.339832831389145,16.496631673271864,1655.0,False
20.0,15.0,24.67933328413931,15.86716616490529,1712.5,False
7.0,15.0,22.307075478027134,15.892317367976096,2172.5,False
27.0,12.0,23.840030203622714,17.021128481515433,1770.0,False
19.0,5.0,25.030450258884592,13.53964645699613,1712.5,False
16.0,12.0,23.820181287105044,16.37181432985588,1770.0,False
20.0,15.0,24.625944140936557,15.762643936611294,1712.5,False
26.0,17.0,24.36179546037972,16.85317597168946,1712.5,False
16.0,16.0,23.85887567714236,14.321747852347045,1712.5,False
17.0,26.0,22.315714180973842,15.601374262958373,1655.0,False
16.0,27.0,24.532899969228254,14.01057725050741,1655.0,False
7.0,13.0,24.13805201809644,16.137498692714352,2172.5,False
23.0,30.0,22.022738299268013,16.555071435271902,1655.0,False
9.0,25.0,22.827426778113555,15.994129887143448,2000.0,False
15.0,28.0,22.24559830397794,15.719085118986786,1712.5,False
15.0,21.0,24.280937040516022,14.873515838476788,1712.5,False
13.0,11.0,22.06059180447609,16.059137134708447,1827.5,False
15.0,11.0,25.369683804324676,17.098021744938073,1827.5,False
19.0,27.0,25.78981599601273,16.385673127601542,1655.0,False
13.0,17.0,25.902315981416283,13.591812163913396,1712.5,False
10.0,26.0,22.90633784225516,15.53488570224796,1942.5,False
26.0,21.0,23.980563421678873,16.445667777884626,1712.5,False
31.0,11.0,25.56467509945709,15.516652111605087,1712.5,False
16.0,15.0,24.749340094132823,15.865400182088928,1770.0,False
13.0,30.0,23.194984221467806,17.14633763576838,1827.5,False
6.0,4.0,25.335807535781512,16.99580025773623,2287.5,False
5.0,21.0,24.295744759523508,13.8252576320846,2402.5,False
15.0,31.0,24.919938122918445,15.542212829018402,1655.0,False
28.0,8.0,25.877637706612994,15.989265263245198,1712.5,False
21.0,12.0,25.990037392415086,16.90812549224764,1770.0,False
14.0,17.0,24.019287051445183,14.562002456011754,1712.5,False
30.0,25.0,22.62645007651335,14.05941575906948,1597.5,False
15.0,17.0,24.47823681000223,15.888618414717007,1712.5,False
12.0,6.0,24.5754139940191,15.370448513531354,1827.5,False
15.0,9.0,24.288579569060474,14.530820805673493,1770.0,False
11.0,14.0,23.688195402155657,17.271712565861094,1885.0,False
26.0,13.0,24.32624096010653,14.770223921706288,1712.5,False
14.0,11.0,24.136161213101406,13.72114371909008,1712.5,False
20.0,25.0,25.778770516894348,13.735196919620895,1597.5,False
15.0,5.0,25.350401730774514,14.304328966608118,1770.0,False
27.0,24.0,23.574756483900813,13.966943299491158,1597.5,False
19.0,28.0,24.28346616522267,15.078754828337956,1655.0,False
16.0,19.0,24.26421159470106,13.821858865263703,1655.0,False
9.0,19.0,24.042872733284682,15.744660807977384,2000.0,False
27.0,9.0,22.232262190264688,15.133564898017942,1712.5,False
17.0,18.0,24.85037798468025,15.891700635132656,1712.5,False
13.0,14.0,24.925082437119894,17.4569461876961,1827.5,False
26.0,11.0,23.936739265538666,17.46760637601144,1770.0,False
6.0,18.0,25.606291865518166,15.168116166521871,2287.5,False
13.0,2.0,25.93568867042528,14.968215734760241,1827.5,False
17.0,12.0,25.251651196829748,16.226211528199617,1770.0,False
14.0,20.0,25.71145225213026,14.970718457012609,1712.5,False
16.0,16.0,23.950010714623243,16.61312630393166,1770.0,False
12.0,9.0,25.656965150110146,15.906583967853436,1827.5,False
9.0,2.0,25.740107212091573,14.297948891666223,1942.5,False
5.0,12.0,24.494268410810324,15.15933527951665,2402.5,False
10.0,17.0,22.602884501460043,16.954632194803885,1942.5,False
29.0,17.0,22.609230698922335,15.713413132919179,1712.5,False
18.0,9.0,23.889223364247385,16.33967490028546,1827.5,False
16.0,19.0,24.942322030424336,16.339402812513686,1712.5,False
15.0,34.0,24.005576834319296,15.428621088312282,1655.0,False
21.0,18.0,25.199399289576725,14.681965509903765,1655.0,False
9.0,17.0,25.079153724868544,15.885355359231387,2000.0,False
12.0,19.0,22.81443248883928,13.952232251327164,1712.5,False
20.0,26.0,22.531057894387324,15.889482479152527,1655.0,False
16.0,29.0,24.82333812290662,13.910954542287406,1597.5,False
22.0,5.0,23.281521802687767,17.107192120940674,1827.5,False
27.0,11.0,25.72558757660894,16.475485977032037,1712.5,False
24.0,8.0,25.47403098559568,14.224839911184876,1712.5,False
10.0,23.0,23.804952207124572,16.63864146332348,1942.5,False
8.0,6.0,24.322023297828416,16.40341125048224,2057.5,False
10.0,27.0,25.388415775278283,16.413779019663707,1942.5,False
23.0,4.0,25.48547678485173,14.841127133958425,1712.5,False
27.0,19.0,24.22789732965953,15.590963572462115,1655.0,False
28.0,12.0,25.887652612978655,15.843099220367332,1712.5,False
13.0,16.0,24.08387463295298,15.007913144474003,1712.5,False
25.0,16.0,22.164430644665305,15.741595520722164,1712.5,False
17.0,22.0,24.250780666128797,14.476065624265994,1655.0,False
24.0,16.0,25.10802760009879,16.999538751810665,1770.0,False
17.0,15.0,25.939740612002733,17.341346116842985,1770.0,False
9.0,21.0,22.421474310976294,14.806931803312091,1942.5,False
7.0,28.0,23.762148786788174,14.869590350160564,2172.5,False
30.0,23.0,24.346599507338816,14.364840492053116,1597.5,False
15.0,22.0,25.525854381186992,16.959117309316053,1712.5,False
14.0,16.0,24.863559938080336,14.153447179214426,1712.5,False
14.0,27.0,22.924985068479494,16.695435398095203,1770.0,False
14.0,16.0,25.43755673649947,16.829314553379675,1770.0,False
29.0,28.0,24.656973151829177,14.76487586621679,1597.5,False
6.0,23.0,25.580627666332322,16.607166376038638,2345.0,False
9.0,9.0,25.337495500837054,15.311887968965484,1942.5,False
23.0,6.0,22.51704992996864,14.893810430796822,1770.0,False
17.0,22.0,25.841882548140113,17.0735136850485,1712.5,False
9.0,20.0,23.817185699973447,15.314112374748913,2000.0,False
5.0,19.0,25.93021000572933,13.720918758437879,2345.0,False
11.0,31.0,22.748028554350103,16.03808560362263,1885.0,False
12.0,17.0,25.173272183254007,16.132009301826066,1770.0,False
4.0,14.0,23.2195664030116,16.038601943746357,2632.5,False
11.0,18.0,22.17922121338024,14.941275359110453,1827.5,False
22.0,5.0,25.976161700836197,16.214459285472397,1770.0,False
25.0,18.0,23.21414128174806,14.664377278731678,1655.0,False
27.0,27.0,22.322077019018856,15.357448703764597,1655.0,False
15.0,2.0,25.441988745019003,14.366826879905176,1827.5,False
13.0,25.0,23.728081193522467,15.953009744570597,1770.0,False
35.0,23.0,24.305809710156872,16.742003058484038,1712.5,False
22.0,8.0,25.939374772594675,13.89066625181567,1655.0,False
17.0,25.0,23.92283629207343,13.60804937192745,1655.0,False
12.0,22.0,22.26839405173775,16.54453761426126,1827.5,False
13.0,16.0,24.764744515929944,14.791519263370661,1712.5,False
17.0,12.0,24.84239797422569,14.795301914358122,1712.5,False
17.0,13.0,22.776832945089165,15.758958124350148,1770.0,False
4.0,19.0,24.181647674316817,15.446950258808396,2575.0,False
30.0,12.0,23.476883745932515,13.986240120791997,1655.0,False
18.0,13.0,22.199686334952666,16.54174052559446,1770.0,False
18.0,28.0,23.246409704368947,14.205085908212038,1655.0,False
11.0,21.0,25.638130427630564,16.804112895267245,1885.0,False
22.0,22.0,23.20098938134023,16.55739057017708,1712.5,False
22.0,30.0,22.892252541967608,14.168906420490686,1597.5,False
8.0,3.0,25.763651393676994,16.532854682163816,2057.5,False
18.0,12.0,23.52930728355572,16.143758115443013,1770.0,False
20.0,20.0,25.762236222443185,17.427280491283348,1712.5,False
24.0,15.0,25.52093746601466,16.347315574259266,1712.5,False
11.0,8.0,23.88185800049869,15.060869812613914,1827.5,False
26.0,23.0,23.539846647831702,15.980230572412953,1655.0,False
16.0,6.0,22.550871811919492,16.14748889715449,1885.0,False
8.0,17.0,22.762465888609803,16.4826013327455,2115.0,False
8.0,18.0,22.92977272776543,15.374503385928193,2057.5,False
11.0,19.0,23.881415575429834,16.810777723470665,1885.0,False
13.0,13.0,23.488453749665155,14.64776709642454,1770.0,False
16.0,4.0,25.20153729965046,17.35336122315073,1885.0,False
22.0,26.0,23.186703840540307,14.741722548202056,1655.0,False
10.0,28.0,23.698078802534937,13.650184626427185,1885.0,False
33.0,16.0,22.49082969415016,14.300539675813617,1655.0,False
10.0,4.0,23.08487989695155,17.209761685981686,2000.0,False
18.0,18.0,25.132080555072868,16.660205520818973,1712.5,False
28.0,13.0,24.828401663768034,15.2574835116072,1712.5,False
24.0,10.0,23.60888146609253,17.120621182454432,1827.5,False
20.0,10.0,24.30989281225767,14.486532201524966,1712.5,False
21.0,10.0,23.833334571652202,14.434232975363045,1712.5,False
9.0,14.0,25.58088219490771,14.015833211279016,1885.0,False
3.0,13.0,23.578763005694775,15.269729193293418,2862.5,False
15.0,24.0,24.88845792241372,15.55650242511095,1712.5,False
8.0,16.0,22.874116573500896,14.080564743112085,2000.0,False
14.0,15.0,23.73638847136693,13.958421983532421,1712.5,False
11.0,9.0,24.1173256878169,15.061807542156343,1827.5,False
27.0,26.0,22.418587161201955,14.43047548394221,1597.5,False
26.0,6.0,24.349673903075605,15.797055995570464,1770.0,False
24.0,12.0,24.2986599573158,15.597340761156806,1712.5,False
21.0,19.0,22.63501156805158,14.149934019584464,1655.0,False
10.0,21.0,25.994598047659178,13.55310803872497,1827.5,False
6.0,23.0,22.369973153235314,16.07915865254474,2345.0,False
20.0,15.0,25.58121395405708,16.59154199231682,1770.0,False
19.0,14.0,23.96606258664357,15.453090831643063,1712.5,False
14.0,13.0,22.89081984467001,15.80200377094544,1770.0,False
16.0,18.0,22.45119492746921,17.34684571958878,1770.0,False
16.0,14.0,24.797680452042105,16.570815548067465,1770.0,False
12.0,13.0,25.017801661008587,14.835239481924848,1770.0,False
13.0,4.0,24.69376273049497,16.901206695449865,1942.5,False
15.0,29.0,23.679483488787973,15.693968954526778,1655.0,False
19.0,6.0,22.690294796135305,15.587737757011741,1827.5,False
30.0,12.0,25.158151611704387,16.2674876915369,1712.5,False
17.0,28.0,25.484921884253673,15.217939915880297,1655.0,False
21.0,22.0,23.56748362362552,17.023090144691455,1712.5,False
24.0,18.0,25.36487023370095,14.169137721023592,1655.0,False
8.0,20.0,24.542400940672376,15.187653168777524,2057.5,False
20.0,8.0,24.107913270671226,13.759454537626775,1712.5,False
16.0,24.0,24.442421183401105,16.321577157053103,1712.5,False
18.0,12.0,22.43100368192913,14.581180902725306,1712.5,False
5.0,30.0,22.501596075529243,15.20169869009413,2230.0,False
27.0,11.0,24.906815465742447,17.04544882469154,1770.0,False
29.0,19.0,25.87978835801519,14.245142154842586,1655.0,False
2.0,17.0,24.031216565600353,13.50900611334254,2862.5,False
11.0,9.0,22.21600281886366,15.812479201375485,1885.0,False
10.0,14.0,22.272293422849902,15.250180961469976,1885.0,False
23.0,23.0,23.86945879346676,13.719842908495897,1597.5,False
18.0,11.0,24.630658144005285,14.684982695453494,1712.5,False
10.0,30.0,22.619506625753726,14.4564240889226,1885.0,False
24.0,13.0,22.13213957395248,14.542472527686083,1712.5,False
14.0,19.0,24.917877132352732,16.658649532961412,1712.5,False
16.0,19.0,22.58452606047943,14.718999216988763,1712.5,False
15.0,16.0,23.752719936035604,15.45850601301864,1712.5,False
17.0,20.0,24.936544624352717,14.562080337400545,1655.0,False
16.0,22.0,22.50117993013639,17.302160697560183,1712.5,False
12.0,19.0,23.77101265943863,16.596855273543337,1827.5,False
15.0,18.0,22.445820510422497,15.193130452835916,1712.5,False
27.0,19.0,23.390032350049324,16.407933497717497,1712.5,False
17.0,15.0,25.64973318180829,14.759300870380843,1712.5,False
27.0,7.0,24.744532880479035,13.828919552905962,1655.0,False
18.0,10.0,22.092372570031326,15.222088814952524,1770.0,False
22.0,19.0,22.53790723654517,15.758341419719565,1712.5,False
13.0,28.0,23.175282273471225,14.89741867675612,1770.0,False
23.0,5.0,25.582196793689256,15.106153552799599,1712.5,False
12.0,17.0,24.988345356879144,16.35771529537133,1827.5,False
4.0,12.0,24.469971823554,17.081789528237987,2690.0,False
10.0,18.0,22.61037919362536,17.076424171819806,1942.5,False
4.0,22.0,25.71549874863686,15.802767255227428,2575.0,False
29.0,22.0,25.232516587352467,16.017961429156102,1655.0,False
35.0,21.0,22.9577027563236,15.631245061391416,1655.0,False
22.0,23.0,23.61730355906287,14.98494287508646,1655.0,False
8.0,7.0,23.713535194269298,16.452638784149034,2057.5,False
27.0,17.0,24.350025494235894,13.944981134932009,1655.0,False
22.0,12.0,23.49924156570022,17.076056683560964,1770.0,False
14.0,28.0,22.840106085729452,14.634877876495917,1712.5,False
17.0,23.0,24.667958078362,14.375288605748457,1655.0,False
20.0,8.0,24.71022016187811,14.595976829379264,1712.5,False
4.0,12.0,23.76954214631834,16.74686773851058,2690.0,False
17.0,16.0,23.946609916708418,14.575578045751978,1712.5,False
22.0,30.0,22.20268070759803,15.93815433606245,1655.0,False
10.0,8.0,23.824395356343487,14.872631071852426,1885.0,False
16.0,18.0,25.20159301351355,16.12561485885001,1712.5,False
17.0,14.0,24.365929949238673,15.866506165449664,1770.0,False
22.0,19.0,25.682796115847527,17.491066090486036,1770.0,False
30.0,20.0,24.866053459819586,14.743823960301636,1655.0,False
25.0,12.0,25.11054819504247,14.899229494751388,1712.5,False
19.0,23.0,23.833662695228966,14.295070204184203,1655.0,False
18.0,8.0,22.693797580351116,15.355632688574087,1770.0,False
19.0,24.0,25.64874034559292,16.84944084736331,1712.5,False
17.0,11.0,24.636785939993583,14.343992142508004,1712.5,False
6.0,18.0,25.63789844997666,17.345639310881385,2345.0,False
21.0,14.0,24.470089820267624,13.552629131178524,1655.0,False
21.0,19.0,23.81792376214036,16.720594920587622,1712.5,False
17.0,12.0,22.538956525824155,16.266502967189446,1770.0,False
26.0,18.0,23.590819150560485,17.121013895995773,1712.5,False
20.0,3.0,24.39021395974008,15.587250045918648,1827.5,False
14.0,14.0,25.723057074501448,16.223857465625557,1770.0,False
4.0,24.0,25.317230341593202,13.697696248135411,2517.5,False
6.0,16.0,24.05256667353592,15.077420779114782,2287.5,False
14.0,17.0,23.79196362959155,16.58279822689228,1770.0,False
16.0,19.0,22.13309351139396,13.93592674541232,1655.0,False
10.0,15.0,23.40475364117516,16.62958961183591,1942.5,False
10.0,25.0,25.925271077695918,14.733093275202531,1885.0,False
11.0,15.0,24.964101436422542,14.911956431837076,1827.5,False
23.0,29.0,24.09899621764084,16.08949943174946,1655.0,False
23.0,26.0,25.4491983051425,13.812655890077654,1597.5,False
15.0,15.0,22.092223330437935,15.998504404210784,1770.0,False
10.0,14.0,25.83049688406121,17.15489570028821,1942.5,False
8.0,20.0,24.79867492107724,13.875057111125308,2000.0,False
7.0,22.0,22.053256589076028,14.511989180327124,2172.5,False
15.0,10.0,24.82212723479628,13.554725955228882,1712.5,False
6.0,12.0,22.332511397476488,15.571959988563876,2287.5,False
14.0,9.0,24.558389077419086,16.42384079964765,1827.5,False
30.0,22.0,23.203542558675146,17.205592839169586,1712.5,False
17.0,21.0,22.84836895926549,14.972118420899147,1712.5,False
24.0,10.0,24.512325908149744,14.095004988762838,1655.0,False
9.0,17.0,23.736163093730017,13.616338262771315,1885.0,False
12.0,22.0,22.2580920733228,14.800024861014972,1770.0,False
29.0,29.0,25.289371499468764,15.548911249954537,1655.0,False
15.0,10.0,23.064490946916415,17.10309361165877,1827.5,False
20.0,13.0,24.472841052643187,14.365806126920926,1712.5,False
31.0,14.0,24.43744261059844,16.625196494629662,1712.5,False
18.0,19.0,22.22464462678382,15.423679392903447,1712.5,False
13.0,9.0,25.98926620094565,16.970140063722763,1827.5,False
17.0,11.0,23.790642171545286,16.952260598622516,1827.5,False
6.0,23.0,22.821426556097432,16.93077837046036,2345.0,False
8.0,17.0,23.74699075369348,15.105380899882613,2057.5,False
3.0,10.0,24.41224778545548,14.884837816594032,2862.5,False
26.0,15.0,22.0121591223346,14.329154536817219,1655.0,False
20.0,9.0,23.200534232539123,14.413716100779975,1712.5,False
13.0,14.0,24.1453210038299,15.964917061926052,1770.0,False
11.0,15.0,24.777907920097068,17.347764713515062,1885.0,False
20.0,8.0,23.253223842047813,15.923835424242437,1770.0,False
28.0,6.0,23.615638612477138,15.149269930721601,1712.5,False
13.0,26.0,22.88491371682372,14.469688024405695,1712.5,False
13.0,26.0,23.172161303874013,16.10787797288894,1770.0,False
25.0,2.0,24.74942970922794,14.343781554424123,1712.5,False
26.0,19.0,23.34904743256874,13.873504260466621,1655.0,False
27.0,8.0,23.118478469504065,13.874159958016309,1655.0,False
13.0,24.0,23.194239700500866,16.90183748520957,1827.5,False
9.0,26.0,24.450572168072284,15.029022468106625,2000.0,False
15.0,19.0,24.24326717393935,17.26136040409803,1770.0,False
13.0,19.0,23.627605565779664,15.486967118353192,1712.5,False
26.0,14.0,24.5292651762251,16.266024335314103,1712.5,False
5.0,12.0,24.571177151966832,16.807806858590858,2460.0,False
19.0,17.0,22.052438254906612,16.997956691990538,1770.0,False
27.0,9.0,23.356238052066395,14.150197902238332,1655.0,False
31.0,20.0,22.97715551399157,14.366693669640823,1655.0,False
20.0,16.0,25.316486341354686,14.100366716859767,1655.0,False
29.0,10.0,23.101744371607683,15.282202362119463,1712.5,False
7.0,18.0,23.269184367537427,14.120138171680294,2115.0,False
14.0,23.0,24.151149791625897,16.1034615000569,1712.5,False
3.0,18.0,24.189597195782905,14.95130773335735,2690.0,False
31.0,17.0,25.24389403410738,17.35628608023674,1712.5,False
27.0,25.0,23.55171312151456,16.766348744912314,1712.5,False
5.0,3.0,23.124656968504503,16.397120446552528,2460.0,False
4.0,19.0,24.432973288398284,16.25485071411892,2575.0,False
14.0,15.0,24.91312416418757,13.658420872669419,1712.5,False
12.0,11.0,25.97039003025949,13.834742381267048,1770.0,False
25.0,31.0,24.473195278652142,15.228443953143021,1655.0,False
10.0,15.0,23.96293429833149,17.15880052465133,1942.5,False
23.0,14.0,22.532272044597505,13.87611272776965,1655.0,False
18.0,10.0,25.947692339259632,15.180557892511509,1712.5,False
14.0,34.0,24.739967260587814,16.67565965307678,1770.0,False
9.0,25.0,22.660069744717948,14.779171200918057,2000.0,False
34.0,7.0,23.83870916235013,17.217529555220597,1827.5,False
19.0,18.0,24.241209342359138,17.23879932919743,1770.0,False
15.0,9.0,22.867509228088984,13.727895942134044,1770.0,False
14.0,21.0,24.929925731959578,15.965612148971179,1712.5,False
27.0,16.0,24.601350225159187,14.082288416229972,1655.0,False
24.0,8.0,22.934989417647692,15.264042898512354,1770.0,False
24.0,18.0,25.959025482741787,17.09121773665896,1712.5,False
19.0,27.0,25.794674083888165,13.79346822847606,1597.5,False
26.0,14.0,23.062084438529254,17.249442335035347,1770.0,False
13.0,6.0,23.767248618439705,17.477840887021074,1942.5,False
21.0,29.0,25.57915176632346,16.180982591400742,1655.0,False
15.0,9.0,23.6251833730421,14.925086628092203,1770.0,False
19.0,16.0,25.819282067631885,14.504050643551178,1655.0,False
34.0,17.0,22.801630145501413,15.230430756303091,1655.0,False
32.0,12.0,24.89608914252016,14.21930646551529,1655.0,False
17.0,10.0,24.39802426847026,13.580225989703145,1712.5,False
18.0,8.0,23.384739746124644,13.750954504472709,1712.5,False
27.0,7.0,24.87117021394792,16.154262407995372,1770.0,False
32.0,17.0,22.09684203806816,13.583022061397962,1655.0,False
23.0,25.0,22.923479397395187,14.705847016263833,1655.0,False
7.0,9.0,23.04518211422481,16.205557553540768,2172.5,False
13.0,21.0,22.46988162675703,14.199111544560962,1712.5,False
27.0,15.0,22.135844417745815,14.8291080660795,1712.5,False
22.0,5.0,23.411790027919196,13.625766404919215,1712.5,False
22.0,17.0,22.873098639953295,13.949689988524032,1655.0,False
20.0,12.0,22.53146779820185,14.403700911845547,1712.5,False
15.0,19.0,22.629242977492577,14.004707577633983,1655.0,False
15.0,14.0,25.30506587584331,15.388239770643539,1770.0,False
24.0,20.0,22.379611486077604,14.007789903076953,1655.0,False
13.0,28.0,24.8994209049141,14.720728130977996,1712.5,False
20.0,12.0,22.21581768075303,16.394273258778185,1770.0,False
21.0,29.0,22.162528046052632,16.11541095799054,1655.0,False
25.0,11.0,23.768972134789742,15.031996329232566,1712.5,False
13.0,7.0,23.527412058674223,17.22435222930082,1885.0,False
22.0,11.0,24.182994074605315,16.648890195924476,1770.0,False
8.0,24.0,24.8105723047472,15.928706230627146,2115.0,False
9.0,20.0,23.239242864464774,15.24711480837356,2000.0,False
15.0,31.0,22.77762939546562,13.740144716342783,1597.5,False
6.0,21.0,25.28846724460985,15.151410929305918,2287.5,False
29.0,15.0,22.66122774602801,15.681065001746774,1712.5,False
27.0,26.0,25.193810949647634,17.46407005731779,1712.5,False
6.0,30.0,24.348587502702205,17.30642522769625,2287.5,False
25.0,23.0,23.157479933143573,13.948846319879946,1597.5,False
17.0,18.0,23.257036256054334,17.417064566335455,1770.0,False
21.0,24.0,23.48251784509888,16.518470519425826,1712.5,False
26.0,10.0,24.36431891118881,16.227742626709556,1770.0,False
18.0,27.0,25.918507123136596,17.114243865714407,1712.5,False
8.0,34.0,23.27309207607079,14.800221909849778,2115.0,False
2.0,20.0,25.76747164683285,15.097211293986252,2747.5,False
17.0,11.0,22.82058740919782,16.98378780611317,1827.5,False
29.0,9.0,22.451832469345604,13.915965202919658,1655.0,False
18.0,30.0,24.128455127925697,16.336639388879387,1655.0,False
14.0,26.0,25.905923482834968,16.739288761970553,1770.0,False
5.0,22.0,23.939455179328093,17.04025181217549,2460.0,False
27.0,29.0,25.199660240751623,14.376691165290344,1597.5,False
13.0,17.0,23.890185328067016,16.216985964831117,1770.0,False
21.0,26.0,25.40000725216609,13.842871862351352,1597.5,False
21.0,10.0,25.25096303888799,16.943849326327843,1770.0,False
12.0,10.0,24.744769999303497,15.4271974927148,1827.5,False
7.0,17.0,24.461642383775295,15.996659935725413,2172.5,False
15.0,14.0,24.072571308601955,16.905501627803957,1770.0,False
13.0,15.0,25.827035620366157,15.524094957930387,1770.0,False
21.0,23.0,24.22951936597944,15.53463409516826,1655.0,False
24.0,6.0,23.34855224695238,15.358624489118693,1770.0,False
11.0,21.0,25.52886834521989,15.902772494480669,1885.0,False
17.0,7.0,24.640139482517213,16.36929297923018,1827.5,False
5.0,25.0,24.23269202125071,16.720672940768853,2402.5,False
11.0,11.0,24.728682301539806,13.61921395556406,1770.0,False
22.0,22.0,23.395488462705373,14.892309078179544,1655.0,False
23.0,18.0,23.683411957099374,15.230110095744216,1712.5,False
23.0,15.0,22.78237903983521,13.894773582900113,1655.0,False
9.0,12.0,25.420083242934382,16.50648529153459,2000.0,False
18.0,6.0,24.662368294812495,15.59150287132659,1770.0,False
15.0,14.0,25.297046941534177,13.507531129387747,1712.5,False
33.0,11.0,23.269562275943038,16.025487773010074,1712.5,False
20.0,9.0,25.981749239471608,14.856087987963935,1712.5,False
28.0,22.0,23.428840696532266,16.40741738125459,1712.5,False
9.0,11.0,23.41485211053123,14.218780554582173,1885.0,False
16.0,11.0,25.842541837831327,13.504837987781166,1712.5,False
23.0,14.0,24.620259528763498,13.847295680691408,1655.0,False
14.0,16.0,25.733769313610317,15.261600304163931,1712.5,False
19.0,17.0,24.492567545199538,16.492038979499945,1712.5,False
17.0,20.0,22.985899222653256,15.915656139891015,1712.5,False
33.0,18.0,23.562946030500466,13.559866402049867,1597.5,False
10.0,16.0,25.43564949682876,15.866433169526529,1885.0,False
28.0,15.0,23.95784771695919,15.428694090952282,1712.5,False
15.0,12.0,24.835918491724094,16.68618009018433,1827.5,False
16.0,21.0,22.666115063930114,14.526664377672656,1655.0,False
17.0,13.0,23.599074432400002,16.375725221125727,1770.0,False
12.0,25.0,25.357828736056298,16.027107014192573,1827.5,False
30.0,18.0,25.764041350875303,15.991964501141624,1712.5,False
27.0,19.0,23.297202657047972,15.122221758115359,1655.0,False
31.0,17.0,22.690291273462957,13.551393236489229,1597.5,False
34.0,28.0,22.09368335490452,14.250569167154438,1597.5,False
20.0,15.0,22.509537822935894,16.8769980789164,1770.0,False
16.0,15.0,25.342671579786842,15.967376843554984,1770.0,False
25.0,26.0,23.822735806688765,15.812563067337196,1655.0,False
4.0,19.0,23.166485908038297,15.602764396788679,2575.0,False
24.0,16.0,25.102640246493404,13.807726085056267,1655.0,False
17.0,12.0,25.1737836837037,14.890677233203087,1712.5,False
20.0,12.0,23.44864185292716,15.976599268640555,1770.0,False
14.0,23.0,25.605470576225603,14.002200365638824,1655.0,False
14.0,13.0,23.85244933257688,17.18397642052447,1827.5,False
5.0,3.0,23.04492472370388,13.790592135106314,2287.5,False
15.0,4.0,25.599023565416072,16.21914415417395,1827.5,False
15.0,31.0,22.611805911395603,14.704967939759552,1655.0,False
11.0,18.0,25.983774077095784,16.954698459125336,1885.0,False
12.0,16.0,24.45300890585272,16.807348050177865,1827.5,False
18.0,28.0,25.66138985761027,14.832845336266704,1655.0,False
13.0,14.0,22.715343229657854,15.348453132760115,1770.0,False
24.0,23.0,23.55644505817179,17.336445592878164,1712.5,False
8.0,21.0,25.49300373053894,15.931606785417593,2057.5,False
18.0,16.0,25.34840353560193,13.524009320946142,1655.0,False
10.0,23.0,25.48740459936289,16.608964564560978,1942.5,False
17.0,30.0,23.121836599814987,14.945255906642988,1655.0,False
18.0,11.0,24.470472099655517,14.603362942954996,1712.5,False
19.0,4.0,23.55839411063051,16.828563621051437,1885.0,False
15.0,24.0,23.283097613845165,17.370108667433094,1712.5,False
17.0,15.0,24.080510413087527,13.74816029982989,1655.0,False
10.0,17.0,24.86021178984543,15.061424899073483,1885.0,False
16.0,11.0,24.074071323182444,14.618860510798259,1770.0,False
14.0,25.0,22.921991631965813,17.091015725058828,1770.0,False
20.0,21.0,25.229970534502165,16.970779853878753,1712.5,False
15.0,29.0,25.911154717840333,17.104468539809908,1712.5,False
23.0,16.0,23.451514489891892,13.670638505071633,1655.0,False
15.0,31.0,25.39701127583397,13.70043898364744,1597.5,False
12.0,17.0,25.455451087097956,15.70560153876459,1770.0,False
12.0,19.0,23.042084962285827,14.167605979278653,1712.5,False
6.0,20.0,24.821228511148956,13.950634308660588,2230.0,False
17.0,16.0,25.75366880684521,14.541433419417306,1712.5,False
24.0,18.0,24.959423765337856,16.337602419245865,1712.5,False
22.0,11.0,22.120087054346257,16.1866162984824,1770.0,False
15.0,14.0,24.418076927608745,16.640768495413916,1770.0,False
11.0,21.0,25.113805668601977,13.75101111982647,1770.0,False
25.0,5.0,24.472546328888914,16.56565308007108,1827.5,False
6.0,21.0,22.114959378325654,15.46247008693572,2287.5,False
15.0,13.0,22.480676333768965,14.75198085400718,1770.0,False
25.0,12.0,25.206489150362632,15.94113846004456,1712.5,False
15.0,21.0,23.952213443811946,16.698120553614796,1712.5,False
8.0,11.0,25.831907501750404,13.91549989038445,1942.5,False
12.0,30.0,23.659926357033463,16.729169709193776,1885.0,False
19.0,32.0,25.286833059167222,15.77775953454295,1655.0,False
10.0,16.0,22.14197016332278,15.98021611287929,1942.5,False
20.0,15.0,25.36405892095832,17.015808647571756,1770.0,False
15.0,7.0,25.43623083071194,16.339950365923432,1827.5,False
14.0,23.0,23.44830331685185,15.834096656749562,1712.5,False
12.0,10.0,23.2378081658531,14.844090601078477,1770.0,False
24.0,28.0,25.639635110067495,15.541240646172993,1655.0,False
15.0,32.0,25.110818897337897,16.84626635424048,1712.5,False
22.0,9.0,24.39179491605354,17.482428899695925,1827.5,False
15.0,20.0,23.745379725543856,16.524608461604174,1712.5,False
8.0,16.0,25.648346473419416,16.66065026013431,2115.0,False
15.0,17.0,24.98888839151582,16.297672203991,1770.0,False
17.0,10.0,23.66734364191729,16.567801958894616,1827.5,False
16.0,21.0,23.986880532138972,14.472718610698838,1655.0,False
24.0,10.0,22.393726621385987,15.195331892309712,1712.5,False
27.0,26.0,25.24297999618266,15.723983937062632,1655.0,False
23.0,16.0,25.366809100489494,15.697856521349326,1712.5,False
18.0,19.0,23.422568963808374,15.889071168721392,1712.5,False
17.0,28.0,23.238614935674107,17.39413917171897,1712.5,False
19.0,22.0,23.008936617125052,16.921082143685766,1712.5,False
13.0,17.0,22.693834874211166,16.811332767225757,1770.0,False
24.0,15.0,25.791140469150307,16.82148057650433,1712.5,False
25.0,16.0,25.036133948177,16.673332808124854,1712.5,False
12.0,14.0,23.733622003747552,16.21681403895429,1827.5,False
27.0,29.0,22.440682036484084,14.526170068952679,1597.5,False
25.0,12.0,22.557748353439614,16.923066351422012,1770.0,False
15.0,15.0,24.83915366809721,14.6189233294903,1712.5,False
27.0,23.0,22.81232415807864,16.39955430888324,1712.5,False
9.0,14.0,23.391495863509164,13.943934850568672,1885.0,False
5.0,26.0,25.828036505843155,15.689113970289643,2402.5,False
14.0,12.0,24.324791614826076,14.775202343141352,1770.0,False
18.0,5.0,25.23338910334266,16.317828982338526,1827.5,False
14.0,19.0,22.41552535442064,16.92114714335189,1770.0,False
29.0,17.0,23.321544769310954,13.562108662568512,1597.5,False
12.0,28.0,25.582428210698556,13.957287666064556,1770.0,False
13.0,15.0,25.241852337036494,17.202067295822747,1770.0,False
19.0,9.0,24.893799936089007,14.457083984846957,1712.5,False
2.0,14.0,24.349619474221573,16.42315765498081,2920.0,False
21.0,15.0,23.075760255359455,16.750186822153587,1770.0,False
14.0,18.0,24.341922208908656,16.462201323454895,1770.0,False
31.0,12.0,22.203039834184224,13.628429309428121,1655.0,False
21.0,18.0,22.809176775162157,16.441694562724873,1712.5,False
6.0,27.0,24.073061042357637,17.346284959958087,2345.0,False
8.0,15.0,22.007909324059433,14.975172683295087,2057.5,False
7.0,20.0,22.928907340988225,16.34102047013315,2230.0,False
29.0,11.0,22.60899211470153,14.60587881671413,1712.5,False
20.0,23.0,23.382051123449934,17.48982144046208,1712.5,False
15.0,12.0,25.4334128440526,14.333360159970493,1712.5,False
11.0,18.0,25.789676403191123,14.722263918616528,1827.5,False
26.0,13.0,22.66023363991758,14.1716223519169,1655.0,False
11.0,7.0,22.924298445447796,17.32070909786028,1942.5,False
21.0,13.0,25.387509053538842,15.785705508753395,1712.5,False
22.0,11.0,22.690704776034075,14.487939840443245,1712.5,False
13.0,26.0,24.965265776441814,14.03802266304577,1712.5,False
17.0,12.0,22.34191383472853,16.999227261248173,1827.5,False
11.0,31.0,24.593220403071932,13.750638341946594,1827.5,False
14.0,16.0,23.062800490231936,16.073052063469394,1770.0,False
30.0,11.0,24.998244938476216,15.940514855774508,1712.5,False
21.0,15.0,24.07749291947361,16.58717982980782,1770.0,False
25.0,10.0,22.715580075692447,16.227384890750777,1770.0,False
17.0,24.0,23.608916189638556,16.845900679828997,1712.5,False
12.0,9.0,24.057411343691996,13.652125675747687,1770.0,False
21.0,26.0,25.983907075262866,15.221165348790004,1655.0,False
17.0,6.0,23.921449577717777,13.823864393553588,1770.0,False
10.0,13.0,22.60495872300652,15.12086926904578,1885.0,False
15.0,9.0,24.220911164211106,15.743302996697658,1827.5,False
19.0,20.0,22.88085026694815,15.875099465510948,1712.5,False
22.0,17.0,25.518262490106622,17.199073157694812,1770.0,False
12.0,29.0,25.336272667549586,17.186888460372185,1885.0,False
26.0,14.0,22.514588485170634,14.739146388100597,1712.5,False
14.0,5.0,24.353501188488693,16.296274889639996,1885.0,False
12.0,22.0,24.786028929584525,16.350829530003054,1827.5,False
11.0,18.0,23.006657938511747,17.328607953394876,1885.0,False
23.0,24.0,24.505500534358223,13.83573685837737,1597.5,False
14.0,15.0,23.850754424360957,15.968606238479872,1770.0,False
16.0,22.0,23.92831478139351,15.129054276545553,1712.5,False
11.0,10.0,24.205162211747265,14.889312926350685,1827.5,False
20.0,34.0,24.280549796560255,15.969976456746576,1655.0,False
23.0,10.0,24.839192235555508,14.618147948216203,1712.5,False
14.0,24.0,23.809711445700742,13.64346629874377,1655.0,False
29.0,11.0,24.890542435138542,16.611170627256993,1770.0,False
5.0,23.0,23.94374227832099,13.84719035380392,2402.5,False
9.0,25.0,24.651265669314014,14.81279303464338,1942.5,False
18.0,26.0,23.05243964632602,15.879703611785132,1655.0,False
21.0,16.0,24.166805619290134,15.99494372662116,1712.5,False
12.0,15.0,23.87198300896289,16.165060298703516,1770.0,False
18.0,24.0,23.208785171397036,17.478014146755296,1712.5,False
13.0,18.0,22.249248000734696,15.105548471867735,1712.5,False
18.0,19.0,24.040765589114745,14.049977723983186,1655.0,False
20.0,12.0,22.039020244832397,14.051796292548001,1712.5,False
31.0,16.0,23.55932101391149,15.540994536373988,1712.5,False
16.0,14.0,23.482619610635304,15.034957829377127,1712.5,False
20.0,20.0,24.53501300853361,17.15265474156222,1712.5,False
18.0,11.0,25.9497157445632,15.543727211582345,1770.0,False
13.0,15.0,25.432004795460433,15.307816245175616,1770.0,False
12.0,25.0,25.90033524484344,16.94942789328939,1827.5,False
32.0,17.0,25.803748337341382,16.684433371810524,1712.5,False
11.0,27.0,22.29645096703224,16.355515690548298,1885.0,False
23.0,12.0,23.127789536477568,15.609418105649475,1712.5,False
9.0,15.0,23.18795032275984,14.438688516414617,1942.5,False
23.0,17.0,22.284082181897745,15.769898286213092,1712.5,False
10.0,15.0,25.38660230593324,13.963060682488598,1827.5,False
30.0,20.0,25.581317344705564,15.64724966640361,1655.0,False
20.0,9.0,24.419895994681948,16.90576460885571,1827.5,False
8.0,17.0,25.56396370777618,15.560051645709605,2057.5,False
21.0,9.0,24.857476655431473,13.773905134889107,1712.5,False
19.0,19.0,23.76221577258274,13.625271727485165,1655.0,False
14.0,24.0,22.599457583809972,16.941955339661533,1770.0,False
12.0,4.0,25.83398666221518,14.397133903352586,1827.5,False
21.0,16.0,24.7691148021226,15.60279606673506,1712.5,False
22.0,16.0,23.416735635845022,16.607155837842743,1770.0,False
13.0,21.0,22.51440106332666,14.512844258474015,1712.5,False
26.0,7.0,25.19587905602236,16.44978472821708,1770.0,False
12.0,15.0,25.2080599107732,13.801170203722705,1712.5,False
7.0,23.0,24.172036728712897,16.494453157087996,2230.0,False
19.0,17.0,25.99982836512036,13.755959804368535,1655.0,False
8.0,22.0,23.545681218497418,14.608558261123386,2057.5,False
12.0,14.0,25.768259798620733,14.526816897199788,1770.0,False
17.0,28.0,24.521048273818106,17.065659805383152,1712.5,False
13.0,7.0,24.945689549342234,15.637920026747395,1827.5,False
11.0,8.0,25.66830820430899,16.872302470101452,1885.0,False
21.0,17.0,25.32460550618737,15.829118465515304,1712.5,False
17.0,16.0,23.15467160830286,16.727620352428385,1770.0,False
25.0,19.0,25.468938914879807,15.705367118742203,1655.0,False
18.0,11.0,24.158834977537953,15.299654148888235,1770.0,False
16.0,11.0,22.17931540544087,16.131908358310117,1827.5,False
12.0,22.0,24.69527177842385,14.645795671544123,1770.0,False
23.0,13.0,23.9987905896839,17.174948613593827,1770.0,False
11.0,21.0,24.14649516111361,17.1325468946616,1885.0,False
12.0,19.0,23.646101355486657,13.790931496328456,1712.5,False
25.0,7.0,22.256340894125724,17.167151640713215,1827.5,False
22.0,21.0,22.720853405884274,14.227459915803923,1655.0,False
19.0,26.0,25.025818405130025,16.22509211047366,1655.0,False
5.0,24.0,22.93691506532818,16.792417522926808,2402.5,False
9.0,3.0,24.510906772348374,14.464954352491013,1942.5,False
17.0,17.0,24.167441053542667,13.950621281128177,1655.0,False
22.0,27.0,22.885593971893314,16.524714913485653,1655.0,False
16.0,18.0,23.12228521373431,15.269715380130437,1712.5,False
4.0,13.0,23.534270469974757,15.446733793411276,2632.5,False
10.0,11.0,25.52074557529376,16.547444536318743,1885.0,False
18.0,20.0,25.765224734477474,14.515183958005453,1655.0,False
21.0,23.0,23.547021925495116,13.888607309486147,1655.0,False
5.0,27.0,22.18460386447514,17.330958896243157,2287.5,False
6.0,27.0,24.40359347271918,16.29863658672105,2345.0,False
12.0,14.0,23.67030321581473,16.10853831303406,1770.0,False
7.0,19.0,23.969261192518136,14.831768785691924,2115.0,False
17.0,8.0,23.767801698795537,17.482824082852552,1885.0,False
9.0,8.0,24.61829422619867,14.39017652949989,1885.0,False
20.0,7.0,23.21776047146787,14.2123953719131,1712.5,False
23.0,28.0,25.57052554698985,14.773135779651142,1655.0,False
31.0,10.0,23.68499738462882,16.45581816149526,1770.0,False
29.0,16.0,23.366645680060174,14.448041417064916,1655.0,False
12.0,15.0,25.691779942679435,14.751045886916797,1770.0,False
5.0,13.0,23.43257163186791,15.618509141433936,2460.0,False
14.0,17.0,22.332291995981603,16.09978593413931,1770.0,False
21.0,2.0,22.621344253892538,14.096864505081323,1770.0,False
6.0,14.0,24.857179984039917,16.11855683485195,2287.5,False
14.0,16.0,24.249302051621694,15.02422072555215,1712.5,False
13.0,23.0,24.138468562385707,14.884620955232991,1712.5,False
11.0,21.0,22.32796441541319,13.816072112772211,1770.0,False
21.0,25.0,22.656304821391874,17.39584512913082,1712.5,False
20.0,14.0,23.58485784059377,16.27248218642884,1770.0,False
17.0,9.0,23.79202274639725,13.899524864906846,1712.5,False
27.0,15.0,23.50632866471022,14.964947234763935,1655.0,False
8.0,30.0,24.010976997617767,13.820271638640772,2057.5,False
9.0,11.0,24.934193478686943,15.66612838307379,1942.5,False
15.0,10.0,24.542817342075878,16.30058565773586,1827.5,False
20.0,29.0,24.44514176710869,13.72620848085186,1597.5,False
18.0,29.0,24.231115269044647,17.188673195401545,1712.5,False
7.0,9.0,22.803713062293973,14.99654057675352,2115.0,False
30.0,22.0,24.418545964515154,14.439172906024995,1655.0,False
13.0,15.0,22.63382432759379,14.019424076845073,1712.5,False
14.0,16.0,24.85165944025249,14.082507755575264,1712.5,False
19.0,17.0,23.809150064853185,16.899186217928907,1770.0,False
29.0,30.0,24.325842461136734,15.420199097409634,1655.0,False
20.0,10.0,25.45117836206031,16.693795373269175,1770.0,False
29.0,23.0,23.492389167806362,14.408312439034841,1655.0,False
10.0,3.0,22.399049878490718,14.771810875413811,1942.5,False
19.0,19.0,25.565588024527838,15.15045907783601,1712.5,False
24.0,20.0,23.459935150830475,15.318072511341608,1655.0,False
17.0,22.0,23.626094089137478,13.890717193489273,1655.0,False
14.0,28.0,23.18409388391759,13.680010533171851,1655.0,False
32.0,22.0,23.680677963482513,17.483582449911374,1712.5,False
9.0,22.0,24.083883047661484,16.166171984267216,2000.0,False
15.0,12.0,25.37324515559929,13.719078426301765,1712.5,False
26.0,33.0,24.880641142494525,16.590260551874437,1655.0,False
27.0,16.0,24.053123646376278,14.944455859185423,1655.0,False
31.0,15.0,25.055387243236332,16.68584166040505,1712.5,False
26.0,17.0,25.391166077716225,17.299208289143404,1712.5,False
6.0,15.0,22.232594345420974,13.606292841301906,2230.0,False
28.0,18.0,24.368915359815894,17.357170976503188,1712.5,False
15.0,14.0,22.173072614190044,14.163043292687897,1712.5,False
20.0,12.0,23.232462005007633,14.688930270403073,1712.5,False
15.0,28.0,25.049665076691774,16.00778138780388,1712.5,False
24.0,28.0,25.165141323933348,16.36371419736951,1655.0,False
18.0,16.0,25.5353088442891,14.180925354585828,1655.0,False
25.0,30.0,23.992951693859162,14.04730459111871,1597.5,False
11.0,15.0,22.3365500701988,14.64618437225896,1827.5,False
10.0,15.0,22.50714091176537,14.802397268573994,1885.0,False
15.0,27.0,22.977237896287235,14.772888435144381,1655.0,False
3.0,19.0,23.488730844364987,14.185247240681731,2632.5,False
21.0,22.0,24.10624330242286,17.383230371841055,1712.5,False
13.0,15.0,24.583749446978185,16.69228826389032,1770.0,False
18.0,15.0,22.650014025788828,17.420082608722602,1770.0,False
7.0,7.0,22.755874198967724,13.914630773030662,2057.5,False
10.0,30.0,22.691959236607385,13.802311614537865,1885.0,False
19.0,11.0,25.019748208098015,15.643898200450389,1770.0,False
13.0,16.0,23.20835139120838,15.957871510554115,1770.0,False
11.0,8.0,22.66684566266491,16.04062835906141,1885.0,False
11.0,20.0,23.72550288667692,13.873028225492988,1770.0,False
11.0,15.0,22.99006560576068,16.87518333246352,1885.0,False
19.0,22.0,23.477196266275126,15.458854443032621,1712.5,False
10.0,17.0,25.29605608875809,14.972555775621842,1885.0,False
14.0,9.0,23.335586605097266,15.517752299057241,1827.5,False
20.0,3.0,22.699437587942644,13.661840577490517,1770.0,False
17.0,11.0,22.929810698207994,14.3603062875127,1712.5,False
18.0,21.0,22.1374291358744,17.49396011616706,1712.5,False
12.0,24.0,25.604517318530455,15.71023655035723,1770.0,False
28.0,14.0,24.78787072392662,13.814163636618698,1655.0,False
15.0,17.0,23.853443977560055,14.671341589635736,1712.5,False
13.0,12.0,24.243459288596107,14.239098947822589,1770.0,False
27.0,26.0,23.016363924182684,17.19880226877174,1712.5,False
20.0,30.0,23.614752244896067,16.724841567072282,1655.0,False
19.0,22.0,23.279342470173983,15.68761427459215,1712.5,False
26.0,8.0,25.29817355517007,17.30712667088991,1770.0,False
6.0,15.0,24.97370146537469,14.991477815070063,2230.0,False
24.0,32.0,23.135521962228882,16.95987080081264,1655.0,False
20.0,11.0,25.04899131164524,15.370168036179027,1712.5,False
14.0,20.0,22.37573446359841,16.89452787188377,1770.0,False
12.0,29.0,22.810278333346577,17.102753069667806,1885.0,False
8.0,23.0,22.425517163785827,15.351857886521422,2115.0,False
29.0,19.0,22.952985307647314,14.21200558941568,1655.0,False
9.0,17.0,22.904775499858577,14.269495419338986,1942.5,False
12.0,28.0,25.602218166227736,14.65545185661749,1770.0,False
21.0,15.0,23.3095581531357,14.391764936960705,1712.5,False
21.0,27.0,23.42087189447657,15.053014578655977,1655.0,False
10.0,15.0,22.399002500968237,15.526724505722196,1885.0,False
24.0,22.0,22.263929785127296,13.848454450798283,1655.0,False
17.0,27.0,22.877550213124604,17.138572874778085,1712.5,False
25.0,18.0,22.53818455409294,13.509727334581406,1655.0,False
7.0,13.0,23.37843990659048,14.053161383262157,2115.0,False
6.0,6.0,22.744177451842376,13.533641104153924,2172.5,False
19.0,24.0,22.712685303871368,17.446113025542495,1712.5,False
9.0,19.0,24.590146731190817,15.142601127850993,1942.5,False
17.0,12.0,25.7684237294873,14.284102765092742,1712.5,False
4.0,26.0,22.0499267128786,13.974686161421996,2345.0,False
23.0,28.0,24.82222431963641,14.981647549312575,1655.0,False
27.0,26.0,24.636790688807324,17.403596443411875,1712.5,False
25.0,19.0,24.34021781728379,15.694900523307265,1712.5,False
30.0,31.0,24.769192519243337,14.916870095863136,1597.5,False
27.0,26.0,24.034797976765255,14.958163400372595,1655.0,False
16.0,8.0,25.707670933685986,13.96934620039878,1712.5,False
15.0,31.0,22.63289957120064,15.568028867761242,1712.5,False
27.0,17.0,23.894205840203472,15.196768806799032,1655.0,False
28.0,28.0,24.612153531678366,16.415404754248378,1655.0,False
31.0,22.0,25.63479499809225,14.26779057854921,1597.5,False
22.0,20.0,23.94974222745806,14.049350233448374,1655.0,False
11.0,13.0,25.9079850135509,15.82584262485752,1827.5,False
29.0,5.0,24.62593146660121,16.4680298562948,1770.0,False
29.0,12.0,24.796850153130116,15.49000104281282,1712.5,False
20.0,20.0,25.272828888281197,16.66013230108134,1712.5,False
25.0,25.0,24.935673216264462,16.864345961471038,1712.5,False
18.0,2.0,24.090507687211375,17.166518650617977,1885.0,False
29.0,11.0,25.090468287518288,15.012716240133283,1712.5,False
8.0,20.0,22.142931809609017,17.117380893224745,2115.0,False
25.0,13.0,25.731069161658198,16.336215510855677,1712.5,False
6.0,9.0,25.29259945806095,15.999649861756252,2287.5,False
14.0,7.0,24.55064470060961,15.715097071625959,1827.5,False
9.0,19.0,22.275017888125753,13.578878900380836,1942.5,False
16.0,18.0,23.179695393223064,15.741321929316802,1712.5,False
12.0,25.0,23.014512750824522,16.615964889276675,1827.5,False
29.0,13.0,23.02809992930101,17.45347049303589,1770.0,False
18.0,9.0,24.688409351803013,15.232458672897593,1770.0,False
27.0,23.0,25.504553495569766,17.460631340910368,1712.5,False
13.0,32.0,24.72652099428336,14.18435454405292,1712.5,False
5.0,14.0,23.55503894142733,17.332799913218622,2517.5,False
23.0,25.0,25.876945684116706,15.858620423091649,1655.0,False
21.0,22.0,25.450329426184734,16.150278368876446,1712.5,False
17.0,27.0,24.741673637480144,15.794720654782573,1655.0,False
24.0,15.0,23.589862595567574,17.431385577751012,1770.0,False
25.0,8.0,24.735309764611415,13.677189283550817,1655.0,False
18.0,9.0,23.631980452208097,15.141859876306686,1770.0,False
30.0,22.0,22.62074801865937,17.000929330470534,1712.5,False
21.0,25.0,24.475338818364524,14.168371288388938,1655.0,False
20.0,16.0,24.792409140923038,15.778376050333227,1712.5,False
14.0,6.0,23.397214903487885,15.594310519700375,1827.5,False
2.0,7.0,25.717231269360678,16.72972030590544,3380.0,False
12.0,18.0,25.417038245447348,17.173011786785487,1827.5,False
22.0,28.0,24.33141016950804,14.535340021587658,1597.5,False
21.0,15.0,22.240943042637916,16.272576222742074,1770.0,False
14.0,20.0,22.068863349297025,15.690751948668769,1712.5,False
19.0,17.0,24.559545129316568,16.151145391642096,1712.5,False
11.0,26.0,25.255223520523558,14.301511274312016,1827.5,False
12.0,24.0,24.001411333804487,14.590693559603535,1770.0,False
29.0,11.0,22.09395171267769,15.699385712972234,1712.5,False
15.0,20.0,22.57931552685652,13.511782318830633,1655.0,False
12.0,25.0,22.844979703469047,16.36570109596922,1827.5,False
16.0,28.0,24.511022934871484,14.14627278639609,1655.0,False
15.0,18.0,23.944238103733408,17.22520741462797,1770.0,False
21.0,10.0,22.40882717039543,16.94242874741183,1827.5,False
30.0,18.0,24.006697618203834,15.993404585554716,1712.5,False
18.0,20.0,25.477971293431175,17.064230682175477,1712.5,False
18.0,12.0,23.75646002619881,17.448980227364682,1827.5,False
14.0,31.0,22.59904959697839,16.59982598119242,1770.0,False
18.0,11.0,24.31203157782733,16.006529884772558,1770.0,False
13.0,27.0,25.71754377959314,15.297126998039914,1770.0,False
2.0,15.0,22.463641777023543,16.75424920123219,2805.0,False
25.0,2.0,22.625630992836456,16.317743175785612,1827.5,False
15.0,17.0,24.267370844937773,15.39055996149783,1712.5,False
16.0,19.0,23.359986872186354,15.500138709565828,1712.5,False
7.0,26.0,25.58224244504664,14.415743839169997,2115.0,False
24.0,17.0,24.85105558756345,16.654360289194816,1712.5,False
10.0,8.0,22.588351224723453,17.01332313242714,1942.5,False
15.0,28.0,25.482873546850872,13.565934310922756,1597.5,False
25.0,18.0,24.56916816707774,13.947595613364191,1655.0,False
16.0,12.0,23.974537353829152,17.464942971731617,1827.5,False
28.0,27.0,23.026185769738763,14.212430113450385,1597.5,False
11.0,9.0,24.598842431652916,16.446113899893838,1885.0,False
21.0,8.0,25.593943336044887,15.423370894855442,1770.0,False
31.0,17.0,22.153905029184536,15.585404832311305,1712.5,False
17.0,19.0,23.50060001684826,13.933510136989756,1655.0,False
21.0,17.0,25.74263804874919,14.051390964325254,1655.0,False
15.0,28.0,23.531637783374684,15.811642069079939,1712.5,False
22.0,12.0,22.143481206777064,15.010519020698426,1712.5,False
27.0,32.0,22.405776495706593,16.689848355002525,1655.0,False
21.0,4.0,24.76304013831769,17.38791238345552,1827.5,False
28.0,9.0,24.80048204058381,16.749267422714944,1770.0,False
18.0,10.0,22.460180154362735,15.123664068455465,1770.0,False
18.0,7.0,22.876864042142063,15.428722410932448,1770.0,False
13.0,15.0,24.25549175469928,14.12675206374942,1712.5,False
21.0,25.0,24.746131939136436,16.282766621313694,1712.5,False
26.0,24.0,22.627160982590482,15.289433751621278,1655.0,False
19.0,22.0,23.82552936736406,16.929534892908496,1712.5,False
12.0,3.0,24.2481407939125,16.108118502487745,1942.5,False
17.0,25.0,22.19881413607049,14.182172964613924,1655.0,False
22.0,15.0,22.895025963988804,15.143931813684407,1712.5,False
29.0,21.0,25.675582950212156,16.207795972139696,1655.0,False
10.0,21.0,25.51992621252606,16.931689141623675,1942.5,False
9.0,10.0,23.289932465622414,14.90322597431564,1942.5,False
15.0,17.0,25.471908321979384,16.17797703610973,1770.0,False
9.0,28.0,24.530207995656426,14.194371314063737,1942.5,False
31.0,12.0,25.92648869393824,17.118850862985255,1770.0,False
15.0,21.0,25.86487578753539,15.800679213194538,1712.5,False
17.0,30.0,24.467751198722624,16.574400887820623,1655.0,False
11.0,14.0,23.87135772525707,15.087405791287846,1827.5,False
16.0,15.0,22.569123209754828,17.262164739422172,1770.0,False
32.0,16.0,24.12140279956363,16.38042727199019,1712.5,False
16.0,24.0,23.593194703717817,14.114629747436616,1655.0,False
3.0,15.0,24.582427562301632,15.7007421594643,2805.0,False
12.0,16.0,22.357963505492446,14.587007887310815,1770.0,False
31.0,11.0,25.339671041363143,16.83343824444357,1770.0,False
32.0,32.0,25.868457966476033,16.63129760810035,1655.0,False
11.0,26.0,22.83745088165032,15.47818080070501,1885.0,False
19.0,19.0,24.53113458761293,14.707706498799674,1655.0,False
7.0,30.0,25.207753728649756,16.910747863058948,2230.0,False
18.0,20.0,24.217637143158033,16.901937313834953,1712.5,False
9.0,30.0,25.741747606147495,15.520943563094137,2000.0,False
24.0,10.0,24.047466323214945,16.369027640780676,1770.0,False
29.0,11.0,23.08218956720151,14.642002584702174,1712.5,False
10.0,26.0,23.88640077232377,14.8953995750468,1885.0,False
16.0,15.0,23.95146502052485,17.276224047280607,1770.0,False
8.0,14.0,23.014845863642535,16.44510735039555,2115.0,False
14.0,22.0,25.147811165092754,13.788482131920809,1655.0,False
7.0,19.0,24.47098646205921,15.330933682230928,2172.5,False
12.0,14.0,23.481473830820935,15.082979521458741,1770.0,False
32.0,15.0,23.68662491206057,14.42395702958137,1655.0,False
6.0,15.0,23.486804474353576,17.479767202891438,2345.0,False
25.0,9.0,23.791594150753742,14.043164003128826,1655.0,False
7.0,11.0,24.112378241844034,14.757067926062504,2115.0,False
17.0,17.0,23.32370788865424,16.894874373846186,1770.0,False
16.0,23.0,25.272627097608375,14.029098671964256,1655.0,False
28.0,15.0,25.713468512693655,15.004555570149325,1655.0,False
11.0,15.0,24.091201197848314,16.03677024213379,1827.5,False
10.0,20.0,24.84545117561596,14.847583035729365,1885.0,False
22.0,10.0,25.722156722706732,15.13528287821686,1712.5,False
21.0,14.0,22.767758072369315,15.700453683839694,1712.5,False
21.0,11.0,22.758890154098786,17.31074757811825,1827.5,False
5.0,20.0,22.2904441197853,16.98362763290418,2460.0,False
12.0,8.0,23.76841196987896,13.947851603101098,1770.0,False
25.0,16.0,23.324589854352382,15.777718065713247,1712.5,False
19.0,18.0,24.242136209834307,16.113186969943197,1712.5,False
19.0,24.0,23.804274775892758,14.803047321580701,1655.0,False
13.0,21.0,22.76077563123532,14.556788082506129,1712.5,False
12.0,29.0,23.564721259469643,15.890932640398967,1827.5,False
29.0,20.0,22.115587341707982,15.159912550638385,1655.0,False
21.0,14.0,24.14953902491487,17.120259560102735,1770.0,False
9.0,12.0,23.084240592343484,14.154217763192168,1885.0,False
28.0,6.0,22.4494353384685,13.664335450478587,1655.0,False
18.0,12.0,22.263427455800812,17.098465197129062,1827.5,False
14.0,9.0,24.85779562937339,17.084499491201814,1827.5,False
15.0,14.0,22.989362069594936,15.167080715578194,1770.0,False
21.0,21.0,24.63518790469282,16.51555653274847,1712.5,False
14.0,21.0,25.262034059536315,16.88286056293652,1712.5,False
18.0,13.0,23.999942996856664,14.519560988156964,1712.5,False
21.0,17.0,22.532210619104912,16.117776242581073,1712.5,False
11.0,11.0,24.45819147019425,16.448599687589418,1885.0,False
29.0,17.0,22.28643005660441,14.929968955260001,1655.0,False
14.0,17.0,25.268574127059033,17.283979164177545,1770.0,False
15.0,13.0,25.046160855704855,17.368610427591726,1827.5,False
21.0,12.0,23.60833355303228,15.44691150232717,1712.5,False
19.0,31.0,23.076381027993193,13.80399956718709,1597.5,False
15.0,17.0,24.838217815045866,17.17587452934705,1770.0,False
20.0,18.0,24.268839235743066,15.591897694864,1712.5,False
27.0,3.0,22.580368649717258,14.055308529669123,1712.5,False
23.0,10.0,25.036748293345507,16.428389065159273,1770.0,False
24.0,14.0,23.33590068757725,16.248614447221865,1770.0,False
12.0,30.0,25.57538997031623,14.059433225826487,1770.0,False
15.0,10.0,25.317873460165703,14.599421733614294,1770.0,False
18.0,13.0,23.103252720400146,16.957045252851422,1770.0,False
6.0,32.0,23.0210149554767,17.378340922946037,2230.0,False
22.0,16.0,23.591558029660398,15.12100828010313,1712.5,False
13.0,13.0,25.21793266975052,14.038344898901101,1712.5,False
13.0,19.0,22.522616252633835,14.907920379989811,1712.5,False
12.0,16.0,23.264204164775933,15.530469189835635,1770.0,False
13.0,30.0,24.636431775666097,14.701695707688767,1712.5,False
14.0,7.0,22.13396222524631,15.945201018955224,1885.0,False
19.0,23.0,22.223600618373958,13.531694133492591,1655.0,False
18.0,13.0,25.04868439057083,16.765905669897805,1770.0,False
12.0,24.0,24.08937152584802,16.87862467703847,1827.5,False
11.0,25.0,24.230409303787752,16.634020393396103,1885.0,False
24.0,25.0,22.99545587758863,14.71373867558723,1655.0,False
8.0,25.0,24.127134196722693,16.029487509953363,2115.0,False
17.0,21.0,24.18002273588562,14.960860421480781,1712.5,False
17.0,9.0,23.655085609947832,15.057098461886644,1770.0,False
18.0,6.0,25.857693033412783,16.336401057327354,1827.5,False
26.0,14.0,22.19705606046721,16.874162559767267,1770.0,False
19.0,16.0,23.659712177026982,16.823966546981648,1770.0,False
31.0,13.0,25.429946613573975,14.424350307709382,1655.0,False
26.0,22.0,22.825079101298652,16.132114947615484,1712.5,False
11.0,21.0,25.73998991243237,14.568277986789292,1827.5,False
12.0,31.0,23.701963278675358,16.013762761327545,1827.5,False
14.0,15.0,22.62639589857529,14.96881937310705,1712.5,False
15.0,23.0,22.372398350470718,16.659834838294124,1712.5,False
18.0,22.0,23.308278328910156,17.249873098338202,1712.5,False
12.0,32.0,25.678895747233845,14.659924454935071,1770.0,False
11.0,23.0,25.756382449128864,16.97525730408403,1885.0,False
14.0,13.0,24.25305792412618,16.460002188141324,1770.0,False
20.0,4.0,22.472761263553206,15.764092746003842,1827.5,False
20.0,30.0,23.82636987562582,15.599879754110841,1655.0,False
31.0,21.0,23.671038768965268,14.777221678599993,1655.0,False
11.0,24.0,22.924271869872825,14.313140253391456,1827.5,False
15.0,23.0,22.304129334606678,13.83354484146654,1655.0,False
30.0,22.0,23.52629523032006,16.349795921569715,1712.5,False
20.0,22.0,23.487420452082233,14.389764877146348,1655.0,False
18.0,28.0,24.81591879566377,15.481551080502365,1655.0,False
17.0,27.0,23.576905814793335,17.059259646676985,1712.5,False
7.0,14.0,22.05253502576949,16.184425549079606,2172.5,False
26.0,5.0,22.08007475331627,14.176939175233802,1712.5,False
19.0,5.0,24.75006187425214,16.437815329370512,1827.5,False
18.0,16.0,24.64314307408926,14.359335523819272,1712.5,False
17.0,24.0,22.641409537749066,16.61963776156272,1712.5,False
15.0,25.0,25.46490022888963,13.810848868772311,1655.0,False
12.0,15.0,24.6504909522705,14.066836599724242,1712.5,False
22.0,13.0,22.61622007610837,17.236761509062674,1770.0,False
17.0,17.0,23.150451658275898,14.621138290596114,1712.5,False
5.0,24.0,25.894651336954542,14.102543212069534,2402.5,False
15.0,19.0,23.63098567915768,14.359631353556146,1712.5,False
28.0,9.0,22.947088522422966,14.944398931819816,1712.5,False
14.0,14.0,24.09652143965483,16.850463534635992,1770.0,False
15.0,18.0,22.822206931432795,14.11008501424784,1712.5,False
19.0,17.0,25.166867591707646,13.563002858262692,1655.0,False
23.0,24.0,25.17720913749274,16.9599659137606,1712.5,False
20.0,28.0,25.203372738993142,14.698634742630947,1655.0,False
25.0,8.0,24.4690774957231,13.807668566556345,1655.0,False
8.0,11.0,24.776179571971568,13.611066855803271,1942.5,False
28.0,15.0,23.28561332351013,17.098309245442238,1770.0,False
27.0,13.0,25.515551765903478,15.592561568704827,1712.5,False
17.0,15.0,22.57664684634405,15.941996567135712,1770.0,False
19.0,5.0,23.017948541185387,15.964224313687744,1827.5,False
11.0,7.0,25.970747842898078,15.588775348971144,1827.5,False
16.0,25.0,25.841586856021866,16.577045118899633,1712.5,False
11.0,8.0,24.030482554567513,17.124344008890105,1885.0,False
4.0,24.0,23.996430938746652,16.064309345876463,2460.0,False
31.0,13.0,22.467281514816925,16.87553656068932,1770.0,False
12.0,13.0,24.638600000697025,13.538463270112041,1712.5,False
18.0,8.0,22.1241298301645,15.420752855763677,1770.0,False
13.0,4.0,23.257385836979182,15.916190294502751,1885.0,False
14.0,14.0,23.67356220340461,14.30492619088565,1712.5,False
15.0,24.0,25.575941022460714,14.141187615645382,1655.0,False
14.0,28.0,25.873810652511484,14.044974889690216,1655.0,False
19.0,6.0,25.895992188008606,14.639280344873274,1770.0,False
30.0,5.0,25.195348025228704,16.79364427233193,1770.0,False
15.0,10.0,23.159988539472753,13.610595037500428,1712.5,False
31.0,22.0,22.181402944635906,15.909711105152141,1655.0,False
20.0,11.0,23.702470660974868,13.77261546415125,1712.5,False
19.0,11.0,23.189585071077257,15.872785222603433,1770.0,False
12.0,26.0,24.620760212089017,14.508831358031937,1770.0,False
6.0,26.0,23.48423342835369,14.129369826017681,2287.5,False
25.0,20.0,25.563023827615563,15.3633310938709,1655.0,False
18.0,10.0,23.496132032340533,14.424425360324783,1712.5,False
15.0,14.0,23.511984699500385,15.01306835277332,1770.0,False
24.0,12.0,25.036474860537805,16.03220270361028,1712.5,False
13.0,20.0,24.360107632459204,17.244919921460465,1770.0,False
23.0,23.0,23.021153722677553,15.971285636033874,1712.5,False
13.0,9.0,24.706758249614115,15.528272870598212,1827.5,False
28.0,27.0,24.2519748523723,15.728000342508814,1655.0,False
12.0,16.0,22.416237730420814,15.388371933941277,1770.0,False
9.0,23.0,23.869055354220563,15.751242582511537,2000.0,False
21.0,6.0,25.674816283920862,15.780709613113235,1770.0,False
10.0,14.0,22.847174095566075,15.468780202409258,1885.0,False
29.0,4.0,23.658468910354998,16.653488028233244,1827.5,False
20.0,21.0,23.10379910922445,15.062981264325328,1655.0,False
11.0,7.0,24.147681213721075,13.934189406043828,1827.5,False
11.0,14.0,25.90045179664682,16.072208666300632,1827.5,False
28.0,23.0,23.2394170203751,16.68438544446424,1712.5,False
19.0,22.0,25.331340848638703,16.62007107740647,1712.5,False
26.0,19.0,25.353183488222307,14.508526546196503,1655.0,False
8.0,21.0,23.037662534264996,16.088083867217733,2115.0,False
28.0,20.0,25.09042661767655,17.494350566225418,1712.5,False
17.0,19.0,25.95248780003872,13.918260294214763,1655.0,False
20.0,14.0,25.816084262714153,15.591021222954652,1712.5,False
14.0,5.0,24.42296170002428,14.721549778586937,1827.5,False
6.0,16.0,22.606956678939056,16.664892963025302,2345.0,False
30.0,6.0,22.477367534252846,14.798910792148646,1712.5,False
33.0,16.0,23.06728412942483,16.434333707085116,1712.5,False
14.0,16.0,24.405251876657445,14.14181719237484,1712.5,False
29.0,10.0,23.544902312073297,13.767869853954158,1655.0,False
10.0,23.0,24.79608373707466,13.916409323411495,1827.5,False
10.0,21.0,25.15111356099033,14.541167255740984,1885.0,False
7.0,18.0,22.72168655395808,16.89805712940972,2230.0,False
15.0,28.0,25.62117643974849,14.101735127504126,1655.0,False
6.0,13.0,22.242292137643695,13.633561911981865,2172.5,False
15.0,12.0,23.05971272592085,16.913843322683366,1827.5,False
9.0,10.0,25.259200271697104,14.999529026868952,1942.5,False
21.0,17.0,22.734928871954857,15.854935905249018,1712.5,False
24.0,11.0,22.880550498661886,13.835194157770681,1655.0,False
20.0,26.0,25.90262544870199,17.12937817439795,1712.5,False
11.0,13.0,25.649457350962184,15.517772409297674,1827.5,False
22.0,16.0,25.251037352294137,13.858278357846265,1655.0,False
12.0,17.0,22.695204339865683,16.035244994236823,1827.5,False
22.0,13.0,23.020553034418864,14.962262860596278,1712.5,False
18.0,22.0,22.940670834933105,14.91362821054775,1655.0,False
14.0,21.0,22.756497355310803,15.132874361826028,1712.5,False
7.0,22.0,25.88178603817401,15.532493303313798,2172.5,False
24.0,19.0,22.664112687520987,15.97730386228482,1712.5,False
29.0,16.0,24.986852696485183,14.085651534439052,1655.0,False
20.0,16.0,22.204059065908275,16.517465186296903,1770.0,False
30.0,21.0,24.175225542064624,13.608573852291364,1597.5,False
28.0,14.0,22.2833997262361,16.296691430756443,1770.0,False
11.0,15.0,22.247014130337504,14.233189918494732,1770.0,False
21.0,10.0,22.920929975337742,15.287296201398382,1770.0,False
14.0,20.0,25.702413572392864,15.746204325036405,1712.5,False
16.0,7.0,24.555320669166548,16.089519296806547,1827.5,False
10.0,32.0,24.60560601608198,16.66414157958797,2000.0,False
31.0,9.0,23.19062274978951,15.564786045116424,1712.5,False
21.0,15.0,24.894465896261618,17.0205086072775,1770.0,False
12.0,12.0,24.726209984102034,17.32020438350212,1827.5,False
14.0,13.0,23.846741760322146,17.40418743967583,1827.5,False
15.0,13.0,24.730421619376123,14.778245887928913,1712.5,False
22.0,21.0,25.468541758619452,13.628696721801102,1597.5,False
28.0,10.0,25.841522771970926,16.363187080415848,1712.5,False
13.0,12.0,25.98637561604944,14.50759079251429,1770.0,False
16.0,8.0,23.95324862916444,16.570746055155496,1827.5,False
18.0,14.0,22.131012598496216,13.520002182088945,1712.5,False
15.0,29.0,22.91671260382691,16.608732809793743,1712.5,False
17.0,14.0,22.787395755487264,13.780576267434673,1712.5,False
8.0,23.0,23.202155000349443,17.017388128328797,2172.5,False
10.0,16.0,23.442008649790925,16.105249081804185,1942.5,False
15.0,16.0,24.674709074900058,14.14684860853364,1712.5,False
27.0,24.0,24.102755837132737,15.531287766304201,1655.0,False
14.0,5.0,24.598978334435067,15.520805479596184,1827.5,False
12.0,25.0,25.887358182137632,17.016154323875636,1827.5,False
22.0,16.0,22.196287817021886,15.629346908462159,1712.5,False
29.0,14.0,22.057594722297523,15.70190768831944,1712.5,False
16.0,27.0,24.662021764244066,14.775999492304376,1655.0,False
3.0,14.0,24.18501506015929,16.414017149376527,2862.5,False
20.0,31.0,23.930996652217274,13.70119280862962,1597.5,False
15.0,28.0,25.413310057127873,17.37181234177814,1712.5,False
20.0,12.0,22.63550300888203,15.925003595117358,1770.0,False
12.0,14.0,24.294477472029637,16.88266115964765,1827.5,False
2.0,24.0,25.7277086248445,16.62426752214126,2632.5,False
14.0,11.0,23.783414097847228,14.372609775496665,1770.0,False
21.0,21.0,24.31966282703647,14.656304249027146,1655.0,False
15.0,9.0,22.2799974187678,14.61204492657716,1770.0,False
11.0,11.0,23.396732224915617,14.402072242269593,1827.5,False
16.0,17.0,22.165593228395693,13.56362916873114,1655.0,False
22.0,22.0,24.28950529261069,16.807805803407618,1712.5,False
9.0,22.0,24.361896578710564,15.651409920829487,2000.0,False
21.0,19.0,25.803361313807542,15.864736220295814,1712.5,False
20.0,12.0,24.553624093161968,15.46681357227775,1712.5,False
14.0,15.0,22.011931862582948,13.997454357818354,1712.5,False
31.0,12.0,25.33293758455573,15.24441155462145,1712.5,False
27.0,12.0,23.318625125192344,14.674532847381482,1712.5,False
13.0,13.0,24.857086773182687,17.06823418658975,1827.5,False
5.0,18.0,23.056114104430932,16.30483248343974,2460.0,False
13.0,11.0,25.040899301588112,14.150629561689573,1770.0,False
11.0,6.0,25.709962692023744,16.307669326467273,1885.0,False
17.0,21.0,22.31727621094845,15.69347103483192,1712.5,False
28.0,4.0,24.17744780866843,13.826709275039132,1712.5,False
26.0,31.0,24.16160807335681,13.778204416958307,1597.5,False
13.0,14.0,23.145750889222995,14.089749326297579,1712.5,False
15.0,3.0,23.366697435572984,16.741989704818096,1942.5,False
5.0,26.0,24.704643072088412,16.819796173047305,2402.5,False
17.0,19.0,23.17044431533857,15.93272284012535,1712.5,False
6.0,24.0,22.12250882734374,13.56250527232605,2230.0,False
29.0,15.0,25.076744804899555,14.76848654368855,1655.0,False
25.0,14.0,24.5007716410971,15.103634815622524,1712.5,False
11.0,20.0,23.00181934190003,14.63754114809748,1827.5,False
21.0,15.0,25.84616396962603,15.824510455443399,1712.5,False
18.0,18.0,25.59371211925472,13.748845059244148,1655.0,False
23.0,12.0,25.857503428254976,13.579879768914255,1655.0,False
16.0,14.0,24.048945315765188,15.851467262321808,1770.0,False
11.0,7.0,22.94066595597375,14.558121444755116,1827.5,False
19.0,23.0,22.695316709881023,16.24611691724373,1712.5,False
7.0,14.0,25.794094073390617,16.610371349456592,2172.5,False
18.0,31.0,25.56331441082725,15.944228668145922,1655.0,False
11.0,12.0,24.96374966961547,17.458781887975157,1885.0,False
20.0,16.0,24.042059331068636,16.07170733507827,1712.5,False
24.0,13.0,23.537630224188828,16.59100132918535,1770.0,False
8.0,21.0,24.813780485487044,16.064069334769087,2115.0,False
15.0,24.0,22.038115627718255,16.721766833821366,1712.5,False
22.0,16.0,24.09711044091777,15.06240760706004,1712.5,False
10.0,14.0,24.714639063883553,15.237430597730977,1885.0,False
18.0,22.0,25.01503993619308,14.840749953314845,1655.0,False
20.0,11.0,23.8043245647537,15.805911733292646,1770.0,False
14.0,18.0,24.980556733929678,14.998571820206331,1712.5,False
24.0,22.0,22.383366800215125,17.451447836697493,1712.5,False
17.0,12.0,22.933098589811763,15.912014940428296,1770.0,False
19.0,20.0,22.57845087742787,14.842803421696294,1655.0,False
9.0,22.0,23.35935173612409,15.532664123970687,2000.0,False
4.0,8.0,23.376772103431282,16.622451586718167,2690.0,False
6.0,13.0,23.49575865338861,16.724469012540766,2345.0,False
27.0,15.0,23.86329956612811,16.04840604323582,1712.5,False
26.0,23.0,23.745334941907686,13.509322079299547,1597.5,False
24.0,18.0,23.961887723994508,16.97445238820884,1712.5,False
11.0,16.0,25.01038665801728,17.13920805646268,1885.0,False
17.0,13.0,22.568066956125676,16.98659643256619,1827.5,False
23.0,2.0,23.402826300802015,16.184464030602197,1827.5,False
20.0,4.0,22.00054016822007,13.608397807463122,1770.0,False
8.0,12.0,22.112916759445042,17.303121029820502,2115.0,False
27.0,8.0,24.425683793130332,13.771230082458313,1655.0,False
10.0,9.0,25.50400620640258,14.097936977161208,1827.5,False
10.0,19.0,23.223638848369998,16.011604403538048,1942.5,False
27.0,19.0,23.607582178560744,15.347237477141416,1655.0,False
16.0,6.0,22.83950567270981,16.519032279500394,1885.0,False
14.0,18.0,22.571198677198545,16.03257711796833,1712.5,False
18.0,9.0,25.53639279275425,13.5167599065432,1712.5,False
31.0,14.0,24.28848005213602,16.071259787417524,1712.5,False
9.0,32.0,24.819499132201152,16.932879733722782,2057.5,False
22.0,17.0,25.52756588198608,16.908585607790133,1712.5,False
14.0,5.0,24.353573121169994,14.129632198816779,1770.0,False
8.0,14.0,22.721136602808222,14.889446314919208,2057.5,False
15.0,20.0,24.853267298561427,13.978117620810043,1655.0,False
17.0,11.0,24.99122420022094,16.505929339695545,1770.0,False
11.0,30.0,23.65579429109454,16.010241992930194,1885.0,False
15.0,15.0,24.467256106541672,15.43773455107821,1770.0,False
19.0,4.0,23.938199335526566,14.699035866556136,1770.0,False
18.0,17.0,23.33199767052448,16.648392658197,1770.0,False
21.0,20.0,24.689664467843325,16.665733679667138,1712.5,False
24.0,16.0,22.98980959549199,15.464720430700819,1712.5,False
15.0,28.0,23.309883201877184,13.997682867387912,1655.0,False
15.0,27.0,23.62275500139035,15.361436104928995,1655.0,False
17.0,9.0,24.458481014565564,17.084267253061423,1827.5,False
18.0,7.0,25.408816347954346,15.83634156709677,1770.0,False
8.0,13.0,24.45966650751737,16.51600312972036,2057.5,False
13.0,19.0,24.904325429878813,14.678671870173554,1712.5,False
10.0,19.0,23.17062918447542,14.872653991373094,1885.0,False
15.0,12.0,24.34966022873086,13.968483216046376,1712.5,False
31.0,29.0,22.415407077735008,14.871220305475617,1597.5,False
18.0,13.0,23.85308800318137,14.178454007747202,1712.5,False
15.0,23.0,24.759515344603514,15.655919336568042,1712.5,False
18.0,24.0,22.71889008647657,15.075221965075338,1655.0,False
20.0,8.0,25.608388317093606,16.84300675056364,1827.5,False
15.0,12.0,23.668770744087183,15.030912482187329,1770.0,False
16.0,11.0,24.68456746262735,14.349353447934412,1712.5,False
21.0,28.0,23.87957799234386,13.836939474454317,1597.5,False
6.0,14.0,24.92903267421148,14.510285447592564,2230.0,False
17.0,24.0,24.337212965652807,16.289453253539715,1712.5,False
17.0,16.0,22.490289810516753,16.00492346846211,1770.0,False
22.0,16.0,25.698857886945564,15.979783760760807,1712.5,False
32.0,27.0,24.640242579549952,16.9326828914338,1655.0,False
23.0,16.0,23.88828939540613,14.511237607875271,1655.0,False
17.0,22.0,24.70641945022788,15.383170379129728,1712.5,False
10.0,15.0,23.043583829856203,14.172737714266686,1827.5,False
18.0,8.0,25.075843553748673,14.375179385291883,1712.5,False
24.0,6.0,23.64490163411836,14.983673863796195,1770.0,False
28.0,11.0,25.220136058826256,16.328319599962242,1712.5,False
24.0,21.0,23.096212742588445,16.83483758647465,1712.5,False
10.0,14.0,25.161119875781722,14.72885598846236,1827.5,False
21.0,16.0,25.626767067769112,15.091057189946456,1712.5,False
26.0,8.0,25.923283102578022,17.050642648806257,1770.0,False
20.0,19.0,25.1068399486387,16.620960390427193,1712.5,False
20.0,23.0,24.81605288590316,16.261340151899642,1712.5,False
17.0,19.0,24.079767872036946,15.128573590806424,1712.5,False
19.0,32.0,22.422937151796805,14.864236136865639,1597.5,False
13.0,4.0,24.239415602966808,16.39371872810137,1885.0,False
8.0,4.0,24.253012083856582,13.873305893634077,2000.0,False
24.0,17.0,22.258935443526667,15.673865203157142,1712.5,False
29.0,12.0,24.762504877463424,13.743220929492376,1655.0,False
25.0,20.0,22.595769752385127,15.993350393649425,1712.5,False
14.0,23.0,24.386447690611224,15.773645724435058,1712.5,False
8.0,8.0,23.89053292577406,13.73917084220313,1942.5,False
13.0,28.0,25.500217049279485,15.17946043121079,1712.5,False
25.0,5.0,22.928977761897038,14.269799682296467,1712.5,False
20.0,20.0,22.684828116627386,16.692488857552,1712.5,False
30.0,15.0,24.204684455209062,17.153131097426904,1770.0,False
14.0,20.0,23.840971727599953,14.758711401363419,1712.5,False
18.0,8.0,22.64519023506581,13.617275784424338,1712.5,False
23.0,28.0,24.454848727605732,17.09061824010449,1655.0,False
12.0,28.0,25.623269434137192,16.878089205952683,1827.5,False
30.0,17.0,24.9610153548374,16.687394946763384,1712.5,False
18.0,17.0,22.838228117397858,14.925515320792167,1712.5,False
3.0,19.0,22.95362461468476,13.818826281029315,2632.5,False
4.0,18.0,24.23024493002804,17.399484005362854,2632.5,False
26.0,17.0,24.710068559234244,15.473642368938695,1712.5,False
19.0,18.0,25.91598172754174,14.926444907579087,1712.5,False
22.0,25.0,22.419279165251364,16.6088423119757,1712.5,False
23.0,19.0,24.185379699739105,16.1828044045606,1712.5,False
15.0,11.0,25.94949739756744,13.667462316400096,1712.5,False
23.0,27.0,22.443587147336412,17.333590715895056,1712.5,False
28.0,11.0,25.890274599906892,15.724254905495538,1712.5,False
10.0,10.0,23.84871174510336,14.252954275413758,1827.5,False
22.0,34.0,24.869558641783616,13.563878639121135,1597.5,False
13.0,11.0,23.701085950381046,15.708950268652991,1827.5,False
13.0,8.0,25.364176451834595,15.876160991464449,1827.5,False
15.0,18.0,25.634071558080173,13.89849861008622,1655.0,False
25.0,24.0,22.66666073633751,15.679712231474634,1655.0,False
4.0,6.0,24.988969430438075,15.22689420339736,2575.0,False
15.0,16.0,22.08295811560173,15.25050773530461,1712.5,False
20.0,7.0,23.107440569240758,17.40104653766513,1827.5,False
8.0,15.0,24.20937004097012,14.683542862928093,2000.0,False
23.0,14.0,24.412820173531316,17.036642267905016,1770.0,False
29.0,9.0,23.461065801662482,14.878076771832484,1712.5,False
8.0,28.0,23.081752739691623,14.218006814621587,2057.5,False
10.0,19.0,22.68660063788568,14.10906395527804,1885.0,False
31.0,25.0,22.958850667077716,17.262552218430535,1712.5,False
11.0,27.0,22.520908279949495,13.59316779482971,1827.5,False
7.0,28.0,23.044664213940987,14.376642554904556,2172.5,False
29.0,22.0,25.28511730129529,14.861895904832018,1655.0,False
26.0,13.0,23.15008910516274,16.127199648233226,1712.5,False
20.0,24.0,25.63075577620286,15.003202832108496,1655.0,False
18.0,17.0,22.980916466827264,13.581654294230383,1655.0,False
28.0,12.0,23.96785556588569,15.567838779556173,1712.5,False
20.0,15.0,22.670279602216223,17.03786275678947,1770.0,False
20.0,13.0,22.06837872782068,17.04628413455093,1770.0,False
25.0,16.0,24.50216094616216,17.466380981917595,1770.0,False
20.0,23.0,23.35106322310893,14.86957011904477,1655.0,False
17.0,16.0,23.380300331839184,13.98985120194618,1712.5,False
15.0,12.0,23.63100850365909,13.778154132069947,1712.5,False
17.0,7.0,25.111038468257025,16.96836676785342,1827.5,False
17.0,25.0,23.59896633620766,16.49285515937925,1712.5,False
14.0,15.0,22.34562701339077,16.010294762421864,1770.0,False
16.0,16.0,23.11501439701048,15.487041398971341,1712.5,False
23.0,22.0,24.30451685048857,15.329362647382592,1655.0,False
15.0,25.0,25.973947619487593,15.475807572069732,1655.0,False
4.0,17.0,22.572587954730523,14.955378552694903,2632.5,False
13.0,19.0,23.293806386779288,15.398708646514537,1712.5,False
12.0,12.0,23.942373171183284,14.341317933443362,1770.0,False
23.0,28.0,25.778574505777637,13.97107180792825,1597.5,False
16.0,18.0,22.433687775448597,14.34518065932349,1712.5,False
13.0,21.0,25.175287809244193,17.383855930509537,1827.5,False
24.0,8.0,24.891818707090447,17.462745971672472,1827.5,False
4.0,19.0,23.22575151858134,16.506045874081224,2575.0,False
10.0,14.0,25.095014636036154,16.84876483153149,1942.5,False
24.0,16.0,24.29949543119082,13.91426544481965,1655.0,False
18.0,20.0,22.685440894902303,13.99210643075944,1655.0,False
23.0,23.0,23.14295885301384,13.870618565093924,1655.0,False
25.0,14.0,23.313361208098826,13.752782671629898,1655.0,False
29.0,26.0,23.292117610752918,16.489366388315844,1655.0,False
6.0,11.0,24.985461524709624,13.725612288156539,2172.5,False
23.0,18.0,24.64117934866656,17.296162255009463,1770.0,False
21.0,9.0,25.27942062425372,16.116148180300332,1770.0,False
11.0,13.0,24.043183360321244,14.1835050671476,1770.0,False
28.0,27.0,23.402126627431024,16.770090316537335,1655.0,False
15.0,3.0,22.271005068725586,16.794775048131445,1942.5,False
26.0,27.0,25.17756966902887,15.755555130185769,1655.0,False
19.0,14.0,22.299075976381708,13.863935949461073,1712.5,False
17.0,21.0,23.205858315502752,15.103112524562395,1712.5,False
10.0,8.0,24.675534600623063,15.694149250445305,1885.0,False
27.0,19.0,25.056681256900912,16.4751829363236,1712.5,False
18.0,27.0,22.2740510993745,14.694014939319384,1655.0,False
3.0,18.0,24.430470735776524,16.99262859386929,2690.0,False
4.0,14.0,22.548555643050758,14.502951884035859,2575.0,False
23.0,23.0,25.028959857587715,17.492793963186358,1712.5,False
10.0,21.0,24.919411348987193,13.960221212790358,1827.5,False
18.0,8.0,24.99223027622111,16.831798398500723,1827.5,False
20.0,20.0,22.255030291431595,14.028867524553847,1655.0,False
13.0,20.0,24.237701121311833,16.53725220890304,1770.0,False
18.0,22.0,22.96339846011554,16.949204914155363,1712.5,False
12.0,13.0,23.98323175300755,14.751674121690751,1770.0,False
29.0,15.0,25.95764532353928,13.905335708675452,1655.0,False
25.0,30.0,22.361891664139467,17.499636634091765,1655.0,False
13.0,18.0,24.376208091390954,17.38420897037096,1770.0,False
17.0,17.0,22.659998128405114,16.527284368227683,1770.0,False
17.0,32.0,24.040203685217254,15.045961447429836,1655.0,False
30.0,11.0,24.083600582641317,14.037602576091908,1655.0,False
15.0,15.0,23.82490271490739,15.1722011672447,1712.5,False
18.0,22.0,24.558462059771703,16.381370310141275,1712.5,False
28.0,21.0,25.896771786265326,14.109455877242713,1597.5,False
10.0,30.0,25.220874808367054,13.567201501327524,1885.0,False
18.0,20.0,25.83409462742588,17.116141035210457,1712.5,False
8.0,13.0,22.757811872690144,16.299959419651856,2057.5,False
19.0,15.0,25.972917448898396,16.275360514893165,1770.0,False
14.0,8.0,23.220655081606058,17.288743028621457,1885.0,False
30.0,28.0,22.13666268945446,15.582821356022201,1655.0,False
15.0,9.0,23.744944378689887,14.772307816778772,1770.0,False
9.0,17.0,22.98478811456319,17.137702581273054,2057.5,False
24.0,15.0,25.048482162023216,17.443246284216695,1770.0,False
24.0,9.0,22.347765216811403,13.581839680871111,1712.5,False
21.0,13.0,24.19201282782343,14.82269151185324,1712.5,False
22.0,19.0,23.157586690110275,14.94962242118941,1655.0,False
12.0,5.0,22.826932632879938,13.944911230233249,1827.5,False
19.0,30.0,25.50255472398366,14.386293011683732,1597.5,False
5.0,27.0,24.062020953638207,13.597830387136721,2345.0,False
11.0,7.0,23.301778292272544,16.2856646279606,1885.0,False
28.0,26.0,24.984471584256156,13.927620600843316,1597.5,False
22.0,14.0,25.412761955992547,17.050510316605134,1770.0,False
11.0,7.0,23.76835135752695,15.835901821060215,1885.0,False
8.0,13.0,22.728496180688875,14.924636185383267,2000.0,False
29.0,24.0,25.977351038144,16.735548182163143,1655.0,False
8.0,20.0,23.435904956062814,16.10268166568667,2115.0,False
12.0,12.0,22.822017473506865,16.512091218861023,1827.5,False
10.0,21.0,22.413236340260877,17.011105474868288,2000.0,False
3.0,21.0,22.4954157445655,16.730660131296403,2517.5,False
13.0,22.0,25.77217076323354,16.616570332985773,1770.0,False
31.0,17.0,25.786641618318093,16.419373785496653,1712.5,False
14.0,24.0,24.031731990088108,15.009953633013833,1712.5,False
17.0,19.0,24.76854108836226,16.107324563734423,1712.5,False
22.0,9.0,25.330566175770596,15.762795533300537,1770.0,False
18.0,24.0,24.22981832669578,17.35378354601729,1712.5,False
22.0,13.0,24.66792495911182,15.503742133780047,1712.5,False
20.0,21.0,25.867895740686244,14.387271280710948,1655.0,False
19.0,20.0,22.69014500034002,15.330913418278723,1712.5,False
20.0,14.0,22.555134124100384,15.158600445302007,1712.5,False
23.0,10.0,25.01212706747572,15.374065446209206,1712.5,False
21.0,21.0,24.813313689815878,15.824121720446255,1712.5,False
23.0,25.0,22.743808864080695,17.292090020371795,1712.5,False
9.0,25.0,23.209659260733282,14.624321314196209,2000.0,False
20.0,19.0,24.741020256627372,17.376515261542668,1770.0,False
22.0,11.0,23.977461185685307,16.61833049241904,1770.0,False
13.0,13.0,25.573900556503002,14.231683707067853,1712.5,False
26.0,22.0,25.348618795586283,14.621762426161686,1655.0,False
13.0,15.0,23.948479063856457,17.13730099901586,1770.0,False
12.0,22.0,24.667457858662104,16.70537232639754,1827.5,False
25.0,13.0,24.573844244725798,14.073443197395301,1655.0,False
12.0,3.0,22.368314614369837,15.838274345908012,1942.5,False
15.0,19.0,23.702367455075265,14.607973030417979,1712.5,False
14.0,19.0,23.7595250729978,16.019001372301386,1712.5,False
27.0,19.0,25.58946900059757,14.194328029859935,1655.0,False
16.0,12.0,25.541122893431435,14.907651662247645,1712.5,False
21.0,24.0,22.230541880070387,15.054113890419028,1655.0,False
23.0,16.0,25.380675922508303,15.650835034033083,1712.5,False
19.0,22.0,24.446729892345527,14.457267902826276,1655.0,False
29.0,19.0,22.06490386874605,16.41098540975207,1712.5,False
23.0,15.0,23.52660939150023,16.737066852888333,1770.0,False
15.0,20.0,25.552361822476577,16.059958763508384,1712.5,False
29.0,18.0,23.432934396066305,17.11232602150998,1712.5,False
17.0,17.0,24.705786134482075,16.66198077117378,1770.0,False
4.0,20.0,24.262653627801875,13.676057699892223,2575.0,False
12.0,7.0,24.359440401111094,13.838884926258498,1770.0,False
19.0,27.0,23.923201306814732,16.13987449700272,1655.0,False
10.0,14.0,23.929367462998744,16.387501921411566,1942.5,False
18.0,11.0,25.610581781699242,17.371619763515852,1827.5,False
14.0,23.0,23.6552647177726,13.513330170899863,1655.0,False
17.0,11.0,22.765649086036817,14.447842037482438,1712.5,False
2.0,33.0,23.67892251011707,16.827003813814216,2575.0,False
25.0,15.0,24.931650843797648,17.066134292998136,1770.0,False
14.0,13.0,23.90096862069514,15.357728789226034,1770.0,False
9.0,6.0,24.928386738420173,15.43502185940102,1942.5,False
15.0,5.0,22.95913539007719,16.914477366993857,1885.0,False
16.0,8.0,24.331044720416934,15.339874720324536,1770.0,False
19.0,3.0,25.457302346713618,16.649713252816195,1827.5,False
17.0,13.0,24.117198133321,17.294920539145554,1827.5,False
6.0,13.0,24.547276973136075,14.54738493996344,2230.0,False
26.0,15.0,24.715227628731842,14.5975996444491,1655.0,False
16.0,12.0,24.95871825875801,17.25441082488167,1827.5,False
7.0,6.0,23.40115848099977,15.197197169142502,2115.0,False
23.0,7.0,24.50738683209752,13.562908545398821,1655.0,False
20.0,10.0,23.66467390196802,15.509958932018643,1770.0,False
20.0,13.0,23.563835154121485,15.967040593621952,1770.0,False
15.0,9.0,23.900806284645665,14.478951064400277,1770.0,False
15.0,14.0,23.63125785360969,16.40964154115987,1770.0,False
17.0,28.0,22.103474431896945,14.431770581778032,1655.0,False
6.0,12.0,24.967980305350885,13.978597295807367,2172.5,False
13.0,10.0,24.33735451952728,14.497462702062201,1770.0,False
32.0,20.0,22.55031905742559,15.635639390294322,1655.0,False
20.0,16.0,23.04523190726373,16.92315270268694,1770.0,False
15.0,6.0,24.444138585424053,15.617328778264627,1827.5,False
11.0,23.0,24.07206741265168,16.895942085435742,1885.0,False
22.0,21.0,24.893685324226283,13.756745556588028,1655.0,False
12.0,31.0,23.9569277654378,14.990345659295482,1770.0,False
10.0,29.0,25.37854390749339,15.240713980431776,1942.5,False
10.0,18.0,22.309820085309706,16.706902911540215,1942.5,False
21.0,20.0,24.452753253522104,15.942587255101431,1712.5,False
19.0,15.0,23.486202036069617,16.64014652912382,1770.0,False
7.0,26.0,23.227371242198547,14.854226980519014,2172.5,False
8.0,18.0,25.77456748574392,17.236131090199276,2115.0,False
19.0,13.0,25.455229996607876,16.754626094928824,1770.0,False
18.0,3.0,22.73486411654718,17.161942193093637,1942.5,False
20.0,18.0,22.229748060361885,14.55118427380755,1655.0,False
10.0,17.0,25.46901962328441,13.526276911060553,1827.5,False
21.0,24.0,22.6771879084678,15.961924681145486,1655.0,False
28.0,10.0,25.713000159867907,15.470315685649519,1712.5,False
19.0,24.0,23.109279414443638,16.615816641334533,1712.5,False
11.0,4.0,23.64661548384062,13.889975596010597,1827.5,False
20.0,18.0,22.179935691491174,15.881786479031362,1712.5,False
14.0,15.0,24.150125492800846,14.295593514205198,1712.5,False
6.0,14.0,22.754943890479552,15.558395480683922,2287.5,False
13.0,15.0,23.724303953520423,14.133285346048218,1712.5,False
27.0,11.0,25.67762284010606,17.149370200591157,1770.0,False
15.0,10.0,23.010290999698505,14.233108534440278,1770.0,False
25.0,23.0,24.539675508937695,15.800306702239377,1655.0,False
17.0,11.0,22.807958618618127,13.522438643394754,1712.5,False
17.0,22.0,24.43938698274651,14.125754059502109,1655.0,False
3.0,21.0,23.156616927925345,15.497336781387748,2575.0,False
19.0,5.0,24.726254308100323,13.663846615436016,1712.5,False
8.0,26.0,25.082490215474078,15.671130626585546,2115.0,False
16.0,23.0,25.522704659509515,14.237336111646048,1655.0,False
12.0,23.0,25.674380479014843,16.406156925727483,1827.5,False
15.0,24.0,22.965207618530528,16.973165956338622,1712.5,False
17.0,18.0,22.515975104549263,16.534183969869716,1770.0,False
4.0,33.0,22.19406875342387,13.753561393012964,2230.0,False
13.0,10.0,24.881431468859525,15.485384793732733,1827.5,False
32.0,7.0,22.74756932362086,13.944707499166064,1655.0,False
6.0,21.0,25.20066614207654,15.136230265829163,2287.5,False
13.0,13.0,25.859272616739272,16.85818810602143,1827.5,False
13.0,19.0,22.591858161664696,13.6646412830268,1655.0,False
14.0,15.0,23.13332318458599,14.506608017605686,1712.5,False
20.0,14.0,24.096258809880524,16.806280106870926,1770.0,False
12.0,26.0,23.72219688768386,15.123710235271517,1770.0,False
16.0,9.0,23.703766535057273,14.441422380513941,1770.0,False
19.0,10.0,22.868422368968073,17.297641760268668,1827.5,False
13.0,20.0,25.55686010028692,14.122921261038513,1712.5,False
29.0,23.0,24.72635723085041,16.654431671237774,1712.5,False
31.0,24.0,22.615473157424486,14.21231041937137,1597.5,False
9.0,11.0,22.01775615792173,17.35220837367744,2057.5,False
14.0,26.0,25.05073179263562,16.64428478851778,1770.0,False
11.0,19.0,22.06343048128209,14.605713994967422,1827.5,False
10.0,24.0,25.521666404378028,17.43445685534691,2000.0,False
16.0,7.0,24.117705834193195,13.957838564759825,1770.0,False
18.0,14.0,25.720342810498803,16.938387530920203,1770.0,False
15.0,17.0,25.087426111614956,16.297717548096305,1770.0,False
12.0,18.0,25.577374409441372,14.195537441709762,1712.5,False
13.0,8.0,24.975270842469694,15.685485583836389,1827.5,False
33.0,17.0,24.30646782129009,13.547699246372794,1597.5,False
28.0,20.0,22.69224109005736,15.792510726213303,1712.5,False
7.0,14.0,24.910586081322233,15.828814229736386,2172.5,False
20.0,17.0,24.369229895443908,15.134104861063902,1712.5,False
16.0,13.0,23.81863332694726,16.797663141961255,1770.0,False
20.0,26.0,24.23436516023709,17.22298810011839,1712.5,False
18.0,18.0,22.929025556686724,15.635047468363647,1712.5,False
26.0,18.0,23.617708914917106,16.195814241444626,1712.5,False
7.0,29.0,22.496790528134042,14.08342349918459,2172.5,False
14.0,20.0,23.639078525697045,17.492392105742862,1770.0,False
32.0,13.0,23.86772982050536,16.93166453183084,1770.0,False
10.0,19.0,25.431088350537827,17.296111014588178,1942.5,False
9.0,30.0,24.108719319676105,16.612256925357475,2057.5,False
21.0,4.0,25.635474177828595,14.791657642265518,1770.0,False
23.0,19.0,25.871671389597868,14.386725799683896,1655.0,False
20.0,10.0,22.195950495853257,15.544190418469597,1770.0,False
23.0,24.0,24.388573813270472,13.830397305142576,1597.5,False
21.0,19.0,23.19693472511799,15.707273947029147,1712.5,False
9.0,28.0,25.405302477037747,14.979680015736037,2000.0,False
19.0,20.0,23.976311872844388,16.411735950867914,1712.5,False
23.0,4.0,22.312340799925074,16.002768860034244,1827.5,False
25.0,17.0,22.860026518526357,14.486080464627953,1655.0,False
12.0,27.0,24.695552673712115,16.433767496460952,1827.5,False
9.0,12.0,22.318460359640458,14.744451686962858,1942.5,False
23.0,7.0,23.5163135892424,14.494368996254266,1712.5,False
12.0,21.0,25.48648746408769,15.174214268726361,1770.0,False
5.0,17.0,22.11680564672337,14.131413662142217,2402.5,False
24.0,6.0,24.7848014832847,14.800640261472775,1712.5,False
17.0,13.0,24.701936691616382,14.539394441578716,1712.5,False
13.0,13.0,23.282947805101905,13.586919664542512,1712.5,False
3.0,20.0,22.45086669425634,14.70350515278004,2575.0,False
5.0,16.0,22.409629077086485,15.367333634361744,2460.0,False
23.0,16.0,25.876912192836407,16.81895351258097,1712.5,False
16.0,24.0,24.707665152708223,14.221906087278253,1655.0,False
9.0,13.0,23.503964876436942,14.80955617598353,1942.5,False
14.0,20.0,25.334181774133178,13.617495304069543,1655.0,False
10.0,14.0,22.413344820550847,13.800432848562505,1827.5,False
8.0,15.0,22.507711543416807,14.924459609268588,2057.5,False
12.0,18.0,22.790251895155603,15.499713490314738,1770.0,False
17.0,21.0,25.054249607073327,16.493047941239308,1712.5,False
11.0,29.0,23.635582838808336,16.55272032322044,1885.0,False
14.0,12.0,24.57030518481647,17.155914892482308,1827.5,False
16.0,8.0,22.929804510000597,17.131184445047662,1885.0,False
15.0,15.0,25.10919311780526,13.905998727306004,1712.5,False
9.0,17.0,25.206660915680466,13.948209999483971,1885.0,False
5.0,11.0,23.653031568516212,15.487165207013927,2402.5,False
5.0,26.0,22.83712861569811,15.857894737122145,2345.0,False
14.0,23.0,24.52020110341421,15.89156100977933,1712.5,False
21.0,16.0,23.024541524496847,15.445104842119367,1712.5,False
9.0,16.0,22.593172714192114,17.42479719375709,2057.5,False
23.0,5.0,24.463190256706884,15.535822777853207,1770.0,False
21.0,17.0,24.051635168606083,17.2412438660915,1770.0,False
2.0,18.0,25.133828783511582,17.452765470255102,2747.5,False
5.0,26.0,23.16923799242601,15.276087610385673,2345.0,False
11.0,17.0,22.90120967359777,14.035056913284892,1770.0,False
6.0,10.0,24.56209154020555,14.80367219989799,2230.0,False
17.0,10.0,24.804240602474998,14.934159366822694,1770.0,False
5.0,10.0,23.653454048510536,17.05331186105188,2460.0,False
23.0,29.0,23.769439067024184,17.34678898727467,1712.5,False
16.0,23.0,22.4941799441054,14.178616477685704,1655.0,False
21.0,24.0,23.877676449678756,13.580294530498495,1597.5,False
22.0,25.0,25.84531206075467,16.822652251850617,1712.5,False
17.0,8.0,22.454791314959365,15.734584478829257,1827.5,False
28.0,21.0,24.27187183888765,16.504688985438364,1712.5,False
32.0,21.0,22.07356356489815,14.82668444290003,1655.0,False
14.0,11.0,23.301495855268357,14.134079093338938,1770.0,False
9.0,16.0,25.04457735255678,14.558641512632988,1942.5,False
14.0,20.0,24.268645060104003,13.693917346792169,1655.0,False
11.0,27.0,22.32452931413037,15.043385699663085,1885.0,False
17.0,8.0,23.807325521260243,13.896907513749674,1712.5,False
14.0,26.0,22.316303262491147,15.355086122146197,1712.5,False
16.0,28.0,23.49411784420556,16.696897848808693,1655.0,False
22.0,28.0,25.075817619644738,13.690521244872683,1597.5,False
12.0,3.0,23.032998626536614,17.086849874753852,2000.0,False
17.0,11.0,23.813557353498148,13.992609492356317,1712.5,False
14.0,21.0,24.00135667787752,16.123923285294225,1712.5,False
23.0,13.0,25.41310324775935,14.462142980847672,1655.0,False
19.0,6.0,22.486013442351762,16.87967295438344,1885.0,False
3.0,22.0,24.201674192892998,13.541408086347182,2575.0,False
20.0,5.0,22.123159951754573,15.185548771168992,1827.5,False
10.0,16.0,22.373348298441122,17.347608387541197,2000.0,False
21.0,29.0,22.882891581824676,13.951578740285099,1597.5,False
18.0,15.0,24.87885709330029,16.542577391181602,1770.0,False
15.0,27.0,22.164435269785233,16.406471640920795,1712.5,False
21.0,15.0,25.780276463448264,14.776699129843962,1655.0,False
25.0,14.0,23.710671310547664,13.741818383957082,1655.0,False
23.0,8.0,25.35460776163771,16.832381500087724,1770.0,False
17.0,14.0,22.88750294622416,17.119514692561346,1770.0,False
21.0,14.0,23.35124281927705,14.011322763546637,1655.0,False
15.0,25.0,24.908063307126078,16.891311202485902,1712.5,False
23.0,28.0,23.516788717601603,16.83289343371346,1655.0,False
24.0,4.0,24.029951583343205,15.808091513263793,1770.0,False
9.0,8.0,25.237008925109222,16.634126990788474,2000.0,False
12.0,19.0,24.60438061379993,13.657915523951637,1712.5,False
12.0,16.0,25.343504104280477,15.48470794707771,1770.0,False
10.0,13.0,22.345944969004936,17.36796733150167,1942.5,False
15.0,12.0,24.43228151060306,16.600861860719505,1770.0,False
11.0,11.0,24.404817250817825,14.572537590436786,1827.5,False
18.0,17.0,24.4283941379814,15.994124798265462,1712.5,False
8.0,4.0,24.355240854771075,14.350199265711186,2000.0,False
12.0,22.0,24.895352227930772,14.38850227391219,1770.0,False
20.0,13.0,25.37614552687078,14.257383436980945,1712.5,False
15.0,15.0,22.918391656591282,14.259926381498323,1712.5,False
15.0,17.0,22.41825528718734,15.497164239556366,1712.5,False
23.0,11.0,22.295901379116888,14.739193684144048,1712.5,False
32.0,26.0,22.63371182316871,16.611837663526472,1655.0,False
18.0,20.0,24.62381092389284,17.076446970466957,1712.5,False
7.0,26.0,23.665993454758794,15.450363796528729,2172.5,False
8.0,16.0,23.397958548050624,14.265259679964082,2000.0,False
30.0,15.0,25.639803902169245,17.491996335873296,1770.0,False
20.0,12.0,25.60070351615782,13.688128952913418,1655.0,False
22.0,17.0,24.15556621257304,15.698576171976992,1712.5,False
20.0,18.0,23.83400181518452,14.378596705634418,1655.0,False
10.0,15.0,23.081762865907756,17.250630363691947,1942.5,False
16.0,9.0,23.83960817600034,14.799852949451612,1770.0,False
23.0,12.0,23.64367665449842,17.332172470246725,1770.0,False
25.0,4.0,22.027807355051785,17.39120501330656,1885.0,False
12.0,13.0,25.034306602913052,17.271899356662612,1827.5,False
18.0,18.0,23.754293161428237,16.670899189365713,1770.0,False
10.0,30.0,22.891397209608822,16.46486241008165,2000.0,False
30.0,10.0,24.66504670925118,17.311084880003172,1770.0,False
12.0,6.0,23.790673301864707,14.394679783981058,1827.5,False
21.0,13.0,23.254920173129104,16.73960932217185,1770.0,False
11.0,10.0,22.92324298117658,13.953951460205296,1770.0,False
19.0,21.0,22.236566668875117,14.947511863901228,1655.0,False
20.0,3.0,24.01208840259021,15.107327465990124,1770.0,False
14.0,31.0,23.50177698100663,17.4813056918576,1770.0,False
24.0,25.0,22.16131675523348,14.783906661005128,1655.0,False
26.0,16.0,25.24962652059211,15.718934296014304,1712.5,False
25.0,28.0,25.233137055198156,16.033962913155918,1655.0,False
14.0,19.0,23.960102287437728,16.211355721437485,1712.5,False
22.0,33.0,25.35560161889366,13.980601133462548,1597.5,False
18.0,13.0,23.924022131090886,15.736505309014657,1770.0,False
18.0,34.0,22.675611070421894,16.038886688803263,1655.0,False
16.0,10.0,24.070392709718355,17.113394086702606,1827.5,False
19.0,14.0,23.25026783773209,17.32917351336002,1770.0,False
9.0,28.0,23.809458433861742,14.440108814253293,1942.5,False
15.0,14.0,25.882679588979766,14.342075437579322,1712.5,False
10.0,11.0,23.42212348529364,16.234985242812563,1885.0,False
13.0,6.0,22.863559403010896,15.457934367423082,1885.0,False
9.0,9.0,22.51420618533463,16.474267484441814,2000.0,False
11.0,14.0,25.53571081297833,16.893887778987008,1885.0,False
23.0,15.0,22.059753589265615,13.542738608530689,1655.0,False
18.0,17.0,25.629814900119488,17.014922004859496,1770.0,False
4.0,24.0,22.24708809681991,14.56173925590263,2402.5,False
23.0,4.0,25.01063743269979,17.37758770932662,1827.5,False
27.0,25.0,23.174603803064354,15.221048030313108,1655.0,False
26.0,18.0,22.999629630039557,16.909789913966467,1712.5,False
24.0,22.0,22.719741572528108,14.299741927565671,1655.0,False
33.0,22.0,22.5380606654715,15.600627941912041,1655.0,False
18.0,27.0,22.264938699025357,13.753152197001688,1597.5,False
30.0,8.0,22.620178385178807,16.43937156730417,1770.0,False
29.0,18.0,24.353909276805002,17.268399349763918,1712.5,False
13.0,27.0,24.278714445138696,16.872492156392845,1827.5,False
25.0,21.0,23.124298770378708,16.221412297844402,1712.5,False
23.0,8.0,24.71952748187147,13.975752389667326,1712.5,False
23.0,19.0,25.078516094639873,17.4358391564288,1712.5,False
27.0,23.0,25.920699783806096,14.875849802407398,1655.0,False
15.0,12.0,23.759077266714936,16.03109143078069,1770.0,False
15.0,19.0,23.49835625775526,14.591920350103834,1712.5,False
19.0,25.0,25.892699439440598,16.80928856783667,1712.5,False
22.0,17.0,25.76861018807511,15.013681266058107,1655.0,False
26.0,11.0,25.707791424571614,15.062710011705889,1712.5,False
26.0,18.0,24.435143002243823,13.517920109995604,1597.5,False
21.0,18.0,24.47092714636371,15.801341076062071,1712.5,False
30.0,15.0,25.711920779115886,14.502926265024199,1655.0,False
10.0,20.0,23.91927629099922,17.187398305420935,2000.0,False
29.0,15.0,22.853901169620567,16.632599595873383,1712.5,False
7.0,26.0,25.941034890388686,17.30828808311525,2230.0,False
18.0,23.0,25.368278912517443,15.058981165973846,1655.0,False
8.0,23.0,22.22421516486984,16.14692023802407,2115.0,False
18.0,17.0,22.44986010612989,15.307207889304184,1712.5,False
15.0,11.0,25.528470030439955,17.13734982346402,1827.5,False
7.0,21.0,23.204346708346954,14.797044700576372,2172.5,False
20.0,7.0,24.785543166138936,14.814102792592985,1770.0,False
21.0,17.0,22.471287531145016,14.963774086366449,1712.5,False
10.0,6.0,22.682134689274,15.49115687184518,1942.5,False
21.0,17.0,24.989466834672516,17.050877073446916,1770.0,False
10.0,20.0,25.9171667480653,14.329869968377624,1827.5,False
9.0,15.0,24.00879520162678,16.105231614024632,2000.0,False
9.0,15.0,22.171664525913346,14.723829203283465,1942.5,False
18.0,9.0,22.937268086794358,13.830644957803438,1712.5,False
23.0,13.0,22.850803836139843,17.31462792053267,1770.0,False
18.0,16.0,25.741088819776444,16.643116433900456,1770.0,False
24.0,25.0,23.67659996490515,17.308075301659144,1712.5,False
18.0,27.0,25.79069121210054,15.101078679233439,1655.0,False
23.0,29.0,25.438338443029803,16.52792098181122,1655.0,False
31.0,8.0,23.803225621573773,16.10457928785013,1770.0,False
15.0,13.0,22.099440169241873,15.976068819268011,1770.0,False
9.0,16.0,25.89180207604694,13.66108143156131,1885.0,False
9.0,19.0,22.040285729984937,13.78691648036595,1942.5,False
18.0,21.0,25.424518686760155,14.281051173248587,1655.0,False
17.0,23.0,23.652927333716192,16.49861583487593,1712.5,False
10.0,16.0,23.205235739551554,16.6933689408778,1942.5,False
26.0,18.0,23.63320244025943,16.088883454492027,1712.5,False
30.0,30.0,23.427637747418444,14.268274802406005,1597.5,False
12.0,12.0,24.756477048435634,16.610469053923964,1827.5,False
11.0,23.0,24.29089253935712,13.953873955862804,1770.0,False
11.0,21.0,23.027619412514703,17.076093593998422,1885.0,False
15.0,9.0,24.110004598535745,15.039096455389537,1770.0,False
25.0,28.0,23.619800357524426,16.40835078072388,1655.0,False
18.0,25.0,25.682585023687146,14.177980225847604,1655.0,False
7.0,23.0,25.569512147124218,14.757130108868747,2172.5,False
16.0,9.0,24.46938364107921,15.481092656220735,1770.0,False
8.0,9.0,25.861471238631477,15.485419950845099,2000.0,False
15.0,20.0,23.50050819244075,13.888799009254972,1655.0,False
15.0,8.0,22.3518811039753,15.693275667519515,1827.5,False
20.0,8.0,22.190609215446035,13.800471663646764,1712.5,False
17.0,15.0,25.333780937568022,17.1947199273293,1770.0,False
26.0,3.0,23.533962490430213,15.187069853012208,1770.0,False
4.0,21.0,25.441095155359427,15.256316059811383,2575.0,False
23.0,17.0,23.834940759554176,15.807974108342375,1712.5,False
4.0,7.0,22.04469441280043,16.626698879772242,2690.0,False
13.0,17.0,24.114593625076562,13.778139354544518,1712.5,False
26.0,6.0,24.3781847495248,16.31191218164875,1770.0,False
20.0,7.0,23.80603550211414,17.142123379668067,1827.5,False
10.0,16.0,25.352137114820778,15.256786928558265,1885.0,False
16.0,17.0,24.576032634936116,13.55306143506569,1655.0,False
21.0,14.0,23.45895694533808,14.4894740925331,1712.5,False
28.0,19.0,24.876009552147714,17.264183947873022,1712.5,False
19.0,15.0,23.27845374768121,13.972078194290198,1712.5,False
4.0,18.0,25.354190541363494,13.554454322210344,2575.0,False
17.0,14.0,23.120414818686065,17.243440140669293,1770.0,False
10.0,21.0,24.66644431505442,16.95210291295417,1942.5,False
6.0,18.0,23.660368169868935,15.341568191855222,2287.5,False
18.0,10.0,22.404733103786263,13.521580008057828,1712.5,False
23.0,20.0,24.518819056856394,15.83508212693333,1712.5,False
5.0,23.0,23.532215223137626,16.76704752547598,2402.5,False
23.0,7.0,24.537053592035452,14.644283138138508,1712.5,False
21.0,19.0,24.15961431964675,14.190941836005573,1655.0,False
22.0,23.0,22.166380499575116,17.118634886490135,1712.5,False
12.0,8.0,22.819913133366963,16.57170524205107,1885.0,False
15.0,27.0,24.80168433071752,15.292324924209808,1655.0,False
9.0,15.0,23.870623346652877,17.12005909950797,2000.0,False
12.0,22.0,23.865877645293697,15.932623915838706,1827.5,False
13.0,27.0,22.009594400765458,17.276354376090943,1827.5,False
13.0,32.0,23.211192789175747,13.9126440239092,1712.5,False
10.0,18.0,24.67786385281744,15.245659722119608,1885.0,False
10.0,21.0,25.547952355998653,16.21686701416156,1942.5,False
27.0,12.0,24.296028260162394,15.131589563034648,1712.5,False
23.0,13.0,24.162581233123824,14.899063725108595,1712.5,False
14.0,25.0,23.881259055396107,16.281695513586904,1712.5,False
29.0,15.0,24.713924495559265,15.92274980635274,1712.5,False
12.0,24.0,25.192524648227554,14.630156614419914,1770.0,False
15.0,6.0,22.88273486966149,15.276007668012447,1827.5,False
24.0,11.0,24.855905667722876,16.327604901291373,1770.0,False
16.0,10.0,22.975419205023485,16.007623373706494,1827.5,False
12.0,17.0,22.12716919878715,15.312105242798255,1770.0,False
14.0,7.0,22.29871952076404,14.54001914076868,1827.5,False
17.0,14.0,22.18616612239277,13.958354601843002,1712.5,False
19.0,32.0,23.12069422523734,16.860700581220865,1655.0,False
15.0,23.0,22.508693203103313,16.78125429202044,1712.5,False
15.0,22.0,22.340816183863502,15.953210783803264,1712.5,False
12.0,9.0,22.59034876324842,15.78536859780291,1827.5,False
17.0,14.0,22.15279320909608,14.045319125578088,1712.5,False
11.0,20.0,23.374206617270538,15.286926153684385,1827.5,False
26.0,4.0,25.291264035195734,15.435461152574064,1770.0,False
22.0,15.0,24.215114333910545,15.345659831383628,1712.5,False
15.0,28.0,22.25986647913094,14.468366368186125,1655.0,False
22.0,7.0,23.499693120823824,13.995246765954356,1712.5,False
3.0,27.0,23.719338728904056,17.2255124960443,2402.5,False
14.0,11.0,22.689645747530452,15.725378595457771,1827.5,False
15.0,10.0,23.492047511544122,16.95027758794458,1827.5,False
16.0,11.0,23.347020128734858,16.18794035848799,1827.5,False
22.0,28.0,23.97523340654701,16.781235004867742,1655.0,False
30.0,19.0,24.789168627374593,14.363990376478025,1655.0,False
14.0,22.0,23.915347823542277,13.92413677659357,1655.0,False
14.0,14.0,22.295816204562136,15.955481150028573,1770.0,False
19.0,26.0,22.220914823560648,15.697386042560604,1655.0,False
13.0,18.0,25.55183772426637,13.885852521805464,1712.5,False
9.0,19.0,24.77905625364669,15.945181446559324,2000.0,False
30.0,22.0,24.628717028790728,14.227596505179402,1597.5,False
24.0,23.0,25.652805108747764,13.932668163374167,1597.5,False
30.0,20.0,24.166023456575374,17.44091423588069,1712.5,False
11.0,9.0,22.29489325125364,15.722865426680979,1885.0,False
4.0,25.0,24.857538885610705,14.819069106311307,2460.0,False
15.0,12.0,22.649089085493024,13.892223277640376,1712.5,False
28.0,33.0,24.664778093007,17.166889806937167,1655.0,False
9.0,15.0,23.602830711436148,17.270316690897943,2057.5,False
8.0,9.0,22.112903236430355,14.527821374567495,2000.0,False
7.0,13.0,22.222118247440932,15.240100327894812,2172.5,False
22.0,18.0,23.570535574626795,16.08219030603328,1712.5,False
23.0,15.0,24.378172517025227,13.94462715629697,1655.0,False
21.0,24.0,22.683588849105377,15.647829067443054,1655.0,False
6.0,20.0,22.42699952854318,14.374567968129362,2287.5,False
21.0,11.0,23.50492168832568,14.401055418619517,1712.5,False
16.0,17.0,25.216722914119956,15.912246675260297,1712.5,False
10.0,23.0,25.136022073386854,14.740299510832417,1885.0,False
13.0,26.0,24.736560517330897,15.7014117865706,1770.0,False
17.0,15.0,23.701427248033816,14.549236791411042,1712.5,False
14.0,28.0,23.76775040167091,15.450757687352151,1712.5,False
30.0,5.0,22.90377545226945,17.228926409705643,1827.5,False
16.0,20.0,22.548570003756602,15.438901416587793,1712.5,False
14.0,23.0,22.063363163187827,15.505405259862428,1712.5,False
20.0,15.0,25.440600164616193,15.471360418019435,1712.5,False
20.0,3.0,23.984738445245988,16.926249649137187,1885.0,False
2.0,20.0,22.012171930499488,16.22695634150131,2575.0,False
19.0,14.0,24.116693619331937,13.62250118247255,1655.0,False
12.0,10.0,23.03329561030786,13.97181647182067,1770.0,False
14.0,10.0,23.709450584457056,15.811551065262421,1827.5,False
21.0,22.0,24.689644240211013,16.54072352770766,1712.5,False
18.0,10.0,25.238976901769178,13.96802826386974,1712.5,False
14.0,16.0,24.801927189608005,15.511138410249941,1712.5,False
10.0,31.0,25.585194552841905,16.06998097154436,1942.5,False
17.0,22.0,22.93898456487835,15.10320917675706,1655.0,False
13.0,17.0,24.645540584249908,16.274028668846373,1770.0,False
27.0,17.0,25.559325082627947,14.87050543220797,1655.0,False
17.0,10.0,23.23399965758984,15.992074879816393,1770.0,False
25.0,16.0,25.19780641978911,16.562841310596106,1712.5,False
15.0,9.0,25.76086227975497,17.323267554159024,1827.5,False
24.0,7.0,24.57550752295728,16.055580643691012,1770.0,False
6.0,8.0,22.65705824738062,14.906317726957042,2230.0,False
13.0,19.0,23.043440684395403,16.38496254845484,1770.0,False
7.0,11.0,24.719920985510257,16.717918180032783,2172.5,False
5.0,9.0,25.464701660179728,15.158545140287538,2402.5,False
28.0,25.0,22.09502675307791,14.95026808084642,1655.0,False
21.0,9.0,23.305325478679126,14.1098719793329,1712.5,False
19.0,21.0,22.934279753489886,16.20759858625129,1712.5,False
17.0,15.0,23.688244069908528,15.279476825941046,1712.5,False
18.0,18.0,25.073911139470603,14.031634704704077,1655.0,False
19.0,4.0,24.011222012232995,15.74582901256848,1827.5,False
24.0,1.0,24.073162911671606,17.45951511656538,1885.0,False
18.0,24.0,24.43610376159257,13.705318671909463,1655.0,False
22.0,16.0,24.062694908339772,15.562073495115598,1712.5,False
13.0,7.0,24.753045360518332,17.24330241146594,1885.0,False
31.0,14.0,22.428149414209148,17.33650946636445,1770.0,False
5.0,17.0,22.09120460474284,14.86688825613289,2402.5,False
15.0,9.0,25.307159637290056,14.186424432519576,1770.0,False
26.0,17.0,23.915631615650888,15.182907306403282,1712.5,False
10.0,17.0,23.193895170530176,14.774115949456002,1885.0,False
9.0,19.0,23.817220636758535,15.430343409463397,2000.0,False
14.0,24.0,24.60036628939487,15.883840509048088,1712.5,False
15.0,15.0,22.48681156424098,16.572961136200828,1770.0,False
28.0,26.0,24.09444600474128,16.03662956112769,1655.0,False
24.0,16.0,22.44283258829839,17.06821742663477,1770.0,False
16.0,16.0,25.438277441365948,16.44284100243409,1770.0,False
31.0,20.0,24.24953563752234,15.574589735501789,1655.0,False
19.0,19.0,25.24343847814113,13.977196965891645,1655.0,False
26.0,3.0,24.884021688760132,16.715011023840685,1827.5,False
12.0,32.0,25.261022458141163,16.356663871472286,1827.5,False
16.0,29.0,23.36722961257431,14.844676818945432,1655.0,False
5.0,13.0,22.55785033036973,14.42782907454928,2402.5,False
3.0,18.0,25.56641928156554,16.13231818621493,2747.5,False
21.0,23.0,25.538558264414252,13.836902801117983,1655.0,False
9.0,28.0,25.533091407136173,16.649003798173407,2057.5,False
17.0,18.0,25.95708700642559,14.407538784007361,1655.0,False
21.0,4.0,24.384669998127546,15.873900870707846,1827.5,False
5.0,20.0,24.049986130841905,14.714247917779165,2402.5,False
16.0,8.0,25.1893238923979,15.408960437844708,1770.0,False
20.0,20.0,22.4405380704826,16.702517850123062,1712.5,False
26.0,18.0,25.132188262032816,14.648111990682501,1655.0,False
13.0,19.0,25.24890330342171,13.632362761162629,1655.0,False
31.0,10.0,24.308768023553792,13.809570236663102,1655.0,False
25.0,16.0,23.55167923397216,13.797900140819142,1655.0,False
20.0,19.0,24.62490826019404,15.336079327146226,1712.5,False
15.0,13.0,25.66007073839183,13.833123709961098,1712.5,False
21.0,10.0,22.631857394449693,15.150676887361083,1770.0,False
24.0,11.0,23.24441116459587,16.291421212710098,1770.0,False
13.0,25.0,24.685681804255502,17.01947462057894,1827.5,False
33.0,16.0,25.332868382507318,14.385727087810114,1655.0,False
27.0,20.0,24.608276275276335,17.006671615200776,1712.5,False
16.0,17.0,24.36337002513677,17.412336250590222,1770.0,False
21.0,24.0,22.342964797564,16.00283110692716,1712.5,False
17.0,17.0,23.734866317957135,16.44888228919583,1770.0,False
22.0,8.0,25.560698795110902,15.432149879529575,1770.0,False
24.0,11.0,23.446562611567252,13.799391905744884,1655.0,False
4.0,4.0,23.52402238213979,17.33976226012005,2690.0,False
7.0,24.0,23.430229940194018,17.281066427742225,2230.0,False
14.0,20.0,23.450994146198845,14.791100081448112,1712.5,False
28.0,22.0,23.61903511806117,14.282964195249512,1655.0,False
15.0,21.0,25.09345688883727,13.76193870591608,1655.0,False
26.0,24.0,23.820251027183577,15.4912752529608,1655.0,False
16.0,32.0,24.428342558539605,17.19907573830304,1712.5,False
13.0,20.0,23.769681226368984,13.66376548263223,1655.0,False
27.0,12.0,25.495336418954285,15.946191343732199,1712.5,False
18.0,8.0,22.714996871284907,16.842248010780587,1827.5,False
14.0,18.0,22.491609466292722,15.018810008741896,1712.5,False
6.0,23.0,23.63090428835541,15.94790710383009,2345.0,False
8.0,18.0,25.897150712283405,15.275252935027392,2057.5,False
9.0,13.0,24.799185475095122,13.761598328216042,1885.0,False
14.0,21.0,24.465079415264654,15.517843870496959,1712.5,False
19.0,16.0,23.56133826159114,13.856231470485167,1655.0,False
13.0,13.0,23.18060787407724,16.23987787688636,1770.0,False
7.0,25.0,25.826312249739505,14.740390170831665,2172.5,False
12.0,18.0,23.707678357667305,16.710011913457805,1827.5,False
15.0,13.0,24.844339768426284,15.84814429344544,1770.0,False
33.0,14.0,25.241752576685176,17.240122956441876,1770.0,False
15.0,18.0,24.630091685923823,16.45096945302822,1712.5,False
8.0,15.0,22.93042316693992,16.39941408832338,2115.0,False
18.0,10.0,23.151934785977,14.718451204338983,1770.0,False
28.0,19.0,22.091931555171513,15.26766714868669,1655.0,False
23.0,20.0,25.877514242145583,16.48227469610635,1712.5,False
24.0,1.0,25.3386119994967,16.388033444505503,1827.5,False
28.0,17.0,23.61604615703577,16.269159750053156,1712.5,False
19.0,18.0,25.569683274372238,13.531804295588609,1655.0,False
33.0,14.0,22.61472148799378,13.569285944922193,1655.0,False
5.0,14.0,22.16815100050546,13.769867405769503,2345.0,False
24.0,13.0,22.541173157996884,13.626333916447557,1655.0,False
25.0,16.0,25.533677381230298,16.59139623463483,1712.5,False
27.0,24.0,22.641963041341253,15.687578522351142,1655.0,False
16.0,16.0,22.272505100969685,15.519582211590219,1770.0,False
23.0,33.0,22.742187512872846,13.842397656996855,1597.5,False
11.0,14.0,23.660250096945703,16.598493118668078,1885.0,False
19.0,21.0,23.985724751232908,13.871377380535625,1655.0,False
14.0,17.0,22.943668528784823,14.387254867897486,1712.5,False
18.0,22.0,25.22286696302505,16.775636842858503,1712.5,False
20.0,26.0,25.83937771349957,16.270308623823105,1655.0,False
14.0,17.0,23.16334463321594,13.870453006025535,1712.5,False
11.0,16.0,25.724350422103747,13.795576065494144,1770.0,False
13.0,29.0,25.27167791389777,15.12598803006493,1712.5,False
20.0,28.0,25.544081102330594,15.91357500737213,1655.0,False
20.0,34.0,22.238795070635287,14.487043101437141,1597.5,False
22.0,10.0,25.336167718681597,15.840695323282135,1770.0,False
9.0,2.0,24.343700361002686,14.937612152339453,2000.0,False
24.0,15.0,22.15303432976334,15.854524745433656,1712.5,False
20.0,22.0,25.014601580691988,16.40204738088057,1712.5,False
5.0,7.0,22.966860354199653,16.872648492724082,2460.0,False
14.0,14.0,25.188302854558557,14.28338695749487,1712.5,False
16.0,18.0,24.503956557332373,13.8404818624531,1655.0,False
14.0,11.0,23.969327083646274,13.973520675903494,1712.5,False
8.0,21.0,22.09353398164072,14.161519572751994,2057.5,False
11.0,11.0,25.558698927203288,14.79741830140949,1827.5,False
4.0,25.0,22.590257508175373,13.614542201773993,2402.5,False
8.0,14.0,25.318779398598604,16.830154646562622,2115.0,False
12.0,18.0,24.752650076660288,16.896220495222362,1827.5,False
24.0,17.0,22.278290912816935,16.35262081136168,1712.5,False
17.0,13.0,24.168860398290683,14.925929119141802,1712.5,False
15.0,15.0,25.84701506406395,16.326995314585115,1770.0,False
20.0,25.0,25.691235375316268,15.798426466553156,1655.0,False
17.0,17.0,22.585193474996586,16.149382090465394,1770.0,False
9.0,6.0,22.69273369955888,13.85153488821428,1885.0,False
11.0,21.0,22.61453643511407,16.99886712726164,1885.0,False
11.0,10.0,25.02469789556455,14.894720170286579,1827.5,False
19.0,16.0,22.64301575713504,14.576901159831518,1712.5,False
16.0,16.0,22.25832588708643,15.063257174317368,1712.5,False
15.0,16.0,23.561328498751124,14.489192301983751,1712.5,False
18.0,5.0,25.86755769263442,17.476677233386205,1885.0,False
30.0,12.0,23.233039489429746,16.084858728249806,1712.5,False
13.0,6.0,24.89694417125477,17.08564544245902,1885.0,False
17.0,15.0,22.575844313332436,17.304105076024893,1770.0,False
16.0,19.0,24.484583485332085,15.824962393808317,1712.5,False
21.0,20.0,24.324663769748376,16.702073919528996,1712.5,False
21.0,7.0,25.61669269048089,17.12115757386206,1827.5,False
21.0,9.0,24.86622878712386,14.100035373199029,1712.5,False
11.0,20.0,22.483139152487333,14.576634086880146,1827.5,False
16.0,17.0,23.619199715231737,15.106457952105751,1712.5,False
24.0,24.0,22.002225463071337,15.991369283618678,1655.0,False
14.0,11.0,22.963987480092563,16.573188441438,1827.5,False
32.0,9.0,25.88530438165846,14.880017017396536,1655.0,False
14.0,14.0,23.822965826742596,16.870755399677968,1770.0,False
17.0,19.0,25.470310552978084,16.11744439716724,1712.5,False
16.0,16.0,22.094916118842054,14.988088355204614,1712.5,False
15.0,8.0,25.520231360239105,16.22285524957213,1827.5,False
25.0,7.0,25.55758424370629,16.90813810967399,1770.0,False
10.0,20.0,24.61373043523691,14.843805604097893,1885.0,False
18.0,13.0,22.46500362047219,15.047927899031958,1712.5,False
19.0,20.0,25.504064315587584,16.26733567453637,1712.5,False
25.0,13.0,25.599455591117014,15.219288705740498,1712.5,False
19.0,13.0,22.80418678388936,14.210671796544318,1712.5,False
30.0,11.0,25.76065467191699,16.916663888846564,1770.0,False
26.0,32.0,25.524166048994406,14.306177770945489,1597.5,False
14.0,4.0,22.819505775051287,14.485371156228792,1827.5,False
25.0,9.0,23.57528288802758,16.97126177510166,1770.0,False
30.0,24.0,23.346715180939043,16.0678237662193,1655.0,False
12.0,9.0,23.992905568494937,15.226432433712128,1827.5,False
19.0,13.0,25.55600112815822,15.027237426937083,1712.5,False
13.0,12.0,25.49738942553119,14.232945505936193,1712.5,False
20.0,21.0,22.702690905156725,13.771664803523366,1655.0,False
8.0,15.0,24.20453132914213,17.137687806886973,2115.0,False
22.0,25.0,24.13613672547945,13.678921844072663,1597.5,False
15.0,22.0,23.801593140834385,13.746716109550986,1655.0,False
18.0,17.0,24.858839189559752,16.508406411300744,1770.0,False
5.0,12.0,24.58387887591287,17.074975623106194,2460.0,False
21.0,23.0,23.100430095320274,16.33885049355632,1712.5,False
16.0,25.0,23.392685679279264,14.46830594865939,1655.0,False
19.0,24.0,25.553473118861223,14.582600652640766,1655.0,False
13.0,6.0,23.303087588698176,17.345511581394824,1942.5,False
9.0,21.0,23.77634126702462,16.30033002747333,2000.0,False
15.0,21.0,25.891586647968502,16.811218177537757,1712.5,False
29.0,29.0,25.429123409814835,15.285470722767162,1655.0,False
11.0,12.0,24.79585175587539,16.60609290201156,1885.0,False
20.0,23.0,23.21609088485802,17.42308601354988,1712.5,False
6.0,20.0,24.514999964009146,14.926880465568908,2287.5,False
21.0,26.0,24.568080911833288,14.782091661080162,1655.0,False
12.0,21.0,23.646248566658137,13.671790736633174,1712.5,False
16.0,25.0,22.14447397444633,16.44809012384921,1712.5,False
14.0,14.0,23.466113903861583,14.46267967288308,1712.5,False
8.0,10.0,24.032533890409848,14.515644914943856,2000.0,False
14.0,14.0,25.800568701636895,16.028028798951574,1770.0,False
14.0,24.0,24.909983979965133,16.455313708345948,1712.5,False
17.0,9.0,22.43170660943371,15.1299047656776,1770.0,False
31.0,19.0,23.20568921462735,17.278166908074745,1712.5,False
16.0,32.0,24.086735528643075,14.146846930058153,1597.5,False
27.0,27.0,23.80446110212763,15.609399963535603,1655.0,False
16.0,20.0,22.020490775259013,15.969318515923653,1712.5,False
8.0,23.0,25.74040000843345,15.9695252606359,2115.0,False
11.0,8.0,25.616159153074666,16.1274057231646,1885.0,False
15.0,17.0,25.694978281756782,16.03553311087903,1712.5,False
13.0,17.0,23.714219398887387,16.66681032446335,1770.0,False
25.0,23.0,25.333502027713767,16.756328361462945,1712.5,False
20.0,13.0,24.834149083470134,17.409803246384254,1770.0,False
18.0,8.0,24.046979770791864,17.258793539852235,1827.5,False
16.0,21.0,22.308528715037898,15.579710056346293,1712.5,False
15.0,16.0,22.67140798125865,16.323790275225377,1770.0,False
19.0,25.0,22.952932428237137,15.109714649853112,1655.0,False
9.0,16.0,25.583642737825212,16.102590869395275,2000.0,False
10.0,25.0,24.661472956497494,13.52977770791863,1827.5,False
13.0,17.0,25.93212396941677,14.97037076418533,1712.5,False
10.0,23.0,24.265727924244363,17.158140676618235,2000.0,False
20.0,21.0,22.33881883584357,16.20001388805313,1712.5,False
4.0,12.0,23.911052686625094,13.569119093850667,2517.5,False
10.0,13.0,22.44713781233602,15.590747048016908,1885.0,False
27.0,27.0,25.605453099040247,14.96355344203544,1655.0,False
34.0,11.0,23.113737300125674,16.735101756965108,1770.0,False
16.0,21.0,22.789079558469584,13.959377755838332,1655.0,False
16.0,9.0,24.046526419992098,15.916252110061311,1827.5,False
23.0,22.0,25.228347300032176,16.34828074592253,1712.5,False
5.0,11.0,24.041392124534152,15.881819522335102,2460.0,False
15.0,18.0,22.152866378718965,14.59774027765534,1712.5,False
8.0,18.0,24.971822102300454,16.672761478779986,2115.0,False
15.0,11.0,22.1362853438258,16.67437749146902,1827.5,False
32.0,16.0,24.417513552770497,14.9437185539666,1655.0,False
22.0,26.0,24.46773388370965,14.566685637019882,1655.0,False
32.0,20.0,22.834077574415875,16.15558029667349,1712.5,False
22.0,33.0,23.786301343821965,14.971277746343304,1597.5,False
19.0,23.0,22.02476755426755,14.881397240900675,1655.0,False
22.0,19.0,23.13471741643373,15.3022339696311,1712.5,False
20.0,18.0,24.477404926845352,15.332362259194808,1712.5,False
16.0,28.0,23.13667749354801,16.818489447471528,1712.5,False
13.0,17.0,22.190523910877104,17.311276196196097,1827.5,False
17.0,15.0,24.697056400652194,16.35385160436681,1770.0,False
12.0,24.0,24.969580754453624,13.85293766491191,1712.5,False
16.0,29.0,25.451945104796224,14.851139983018363,1655.0,False
9.0,16.0,25.50218384827004,14.258454669561099,1885.0,False
18.0,9.0,23.985267280876524,16.153060191411974,1770.0,False
12.0,19.0,23.629436332692556,15.892563062276082,1827.5,False
13.0,22.0,24.34346074207479,17.429816503221435,1827.5,False
17.0,14.0,25.1706763599765,15.290785602301234,1712.5,False
10.0,22.0,23.901328707447647,13.921834406928987,1885.0,False
30.0,17.0,25.98066714154975,15.893573702852029,1712.5,False
16.0,13.0,24.5500624520245,14.967776011238431,1712.5,False
14.0,19.0,23.232426253634358,14.211935739899033,1712.5,False
5.0,15.0,25.174836453596292,14.983954579331122,2402.5,False
25.0,23.0,22.603065188131303,14.452734675619034,1655.0,False
19.0,2.0,25.743148613874425,14.28885009482002,1770.0,False
15.0,24.0,23.36140770984499,15.43456112162467,1655.0,False
12.0,13.0,24.740190648659006,16.740043011502983,1827.5,False
22.0,30.0,24.501232755859192,17.042658695328424,1655.0,False
29.0,22.0,22.383492351244577,14.541262941107671,1655.0,False
14.0,12.0,24.886478832624334,15.29363179082251,1770.0,False
9.0,31.0,23.247274700810216,16.871566007366884,2057.5,False
8.0,17.0,23.524723557375392,17.454709405676525,2115.0,False
3.0,17.0,22.38609784835094,16.899728320471972,2632.5,False
22.0,27.0,25.240337358013694,15.47614381598845,1655.0,False
31.0,28.0,25.441088390239543,16.980543768854997,1655.0,False
33.0,21.0,22.537069277860063,16.326509110043364,1712.5,False
23.0,31.0,25.25044916089328,13.95406173877357,1597.5,False
10.0,14.0,25.59199841956218,13.836566113981753,1827.5,False
31.0,12.0,22.3891770758019,17.245056593097914,1770.0,False
13.0,5.0,25.989711642541295,17.197769415860215,1885.0,False
14.0,14.0,22.018201367479527,15.33346253115723,1770.0,False
20.0,19.0,25.369622744380987,16.147299196809488,1712.5,False
6.0,13.0,24.233162821384504,14.719167898026567,2230.0,False
24.0,18.0,25.82913438020728,16.30559471043277,1712.5,False
34.0,6.0,23.35239967294701,15.284737325935778,1712.5,False
23.0,14.0,23.443391834301973,14.893930570825296,1712.5,False
23.0,22.0,25.36151142104837,15.26241744030209,1655.0,False
15.0,8.0,24.842743995162095,15.322216405788533,1770.0,False
7.0,21.0,24.402073671893902,17.271038428825683,2230.0,False
23.0,22.0,24.577538422700172,17.039921687315818,1712.5,False
18.0,18.0,24.730552473479015,14.277735947916,1655.0,False
27.0,26.0,22.191366584116086,14.613871725482554,1655.0,False
8.0,29.0,22.471133448625796,14.697499277342814,2057.5,False
13.0,5.0,22.725027277814917,13.54628190247651,1770.0,False
14.0,20.0,22.70714773656755,15.621721103207573,1712.5,False
20.0,12.0,25.371626728141543,15.430766487867277,1712.5,False
23.0,15.0,23.57803925592605,13.998410935723316,1655.0,False
30.0,19.0,23.95769627293771,17.46095018452055,1712.5,False
13.0,21.0,22.357586809288893,16.54514104538383,1770.0,False
16.0,25.0,25.48237229178583,14.232347034048777,1655.0,False
5.0,21.0,22.04105414002647,16.321325512155695,2402.5,False
12.0,23.0,22.33318441243321,14.862534363476016,1770.0,False
14.0,18.0,25.24843748966302,16.031390338089892,1712.5,False
18.0,8.0,22.522388216938666,15.381963599768174,1770.0,False
16.0,4.0,25.17343095550028,14.05543149383564,1770.0,False
14.0,17.0,23.401670256994063,15.3403468225205,1712.5,False
19.0,21.0,25.104391601442565,17.346748651011126,1712.5,False
24.0,8.0,22.201421369836048,16.49252217158452,1827.5,False
12.0,15.0,23.365048074262823,16.006328943884224,1770.0,False
14.0,12.0,23.92509554724954,16.874107492838483,1827.5,False
21.0,18.0,24.50281804362389,16.81488454575896,1712.5,False
23.0,15.0,25.344880256170132,17.052815674093885,1770.0,False
24.0,11.0,22.977874679779333,13.935439208249129,1655.0,False
11.0,2.0,24.6355537640492,14.017802328972142,1885.0,False
17.0,13.0,22.607081745795888,16.695577374885275,1770.0,False
27.0,17.0,25.180671883792275,17.481368750172287,1770.0,False
15.0,28.0,25.732884821135176,15.750173410520748,1655.0,False
15.0,11.0,22.18911785662937,17.357064197605137,1827.5,False
32.0,17.0,22.319432305599463,16.151257979775004,1712.5,False
8.0,18.0,25.15016327625565,13.84127591650928,2000.0,False
21.0,20.0,25.52092013077703,17.20501186869551,1712.5,False
25.0,14.0,24.592871038721636,16.856849880130373,1770.0,False
9.0,8.0,23.844748584399113,15.643392053350436,1942.5,False
21.0,28.0,25.07626783784464,16.475626595477948,1655.0,False
16.0,29.0,23.198837250313407,14.906215527605701,1655.0,False
25.0,15.0,25.967016918419894,15.963121130005653,1712.5,False
27.0,18.0,25.391973428608654,15.15295750951795,1655.0,False
26.0,5.0,25.548532061359758,15.608532875132907,1770.0,False
7.0,6.0,25.41953087401669,16.046212040140304,2115.0,False
22.0,7.0,25.731544199724482,13.715477819971838,1655.0,False
28.0,22.0,22.25797876301587,13.884093741891583,1597.5,False
19.0,11.0,25.634511054353222,13.829649838768544,1712.5,False
19.0,10.0,22.994411059006268,15.879717860055642,1770.0,False
6.0,3.0,23.436691801593764,15.151630915720945,2230.0,False
25.0,4.0,23.48228124122982,15.500241391634336,1770.0,False
6.0,15.0,22.929735438169605,15.501125768371999,2287.5,False
13.0,17.0,23.753703390860647,13.661882528475294,1712.5,False
28.0,18.0,24.022079865462416,16.684235486008724,1712.5,False
29.0,16.0,22.594656581792854,16.30275200294294,1712.5,False
33.0,16.0,23.438075340580333,16.251604120551974,1712.5,False
16.0,22.0,23.392585838145692,13.637003678736729,1655.0,False
10.0,13.0,24.698681553674643,16.106872405397862,1885.0,False
16.0,12.0,24.323135259553816,15.50183110403372,1770.0,False
8.0,25.0,24.864436746870137,16.542270582057128,2115.0,False
26.0,20.0,25.13577409097026,13.887485971478688,1597.5,False
18.0,16.0,24.668024406986333,16.486834383107905,1770.0,False
15.0,12.0,22.964977306854,17.346752729383027,1827.5,False
7.0,9.0,24.008478308544767,16.903945745606226,2172.5,False
15.0,5.0,23.866299557282627,17.07668223942891,1885.0,False
25.0,25.0,22.296200776526863,13.803203602228486,1597.5,False
21.0,18.0,25.577926419362953,15.61857384251176,1712.5,False
7.0,6.0,22.365741426530487,14.486649842456726,2057.5,False
10.0,10.0,25.90577035506349,15.67969585806533,1885.0,False
15.0,13.0,22.12698342623497,16.326338904474667,1770.0,False
8.0,12.0,24.918715399000284,16.487296922764926,2057.5,False
28.0,17.0,23.15029801021478,17.46638387309245,1770.0,False
20.0,15.0,25.618867347665127,17.33050596702706,1770.0,False
8.0,26.0,25.296127673145516,14.488614800129197,2057.5,False
23.0,21.0,22.100043611930953,17.16246116996245,1712.5,False
14.0,27.0,22.087802689886395,17.036057281584256,1770.0,False
12.0,25.0,24.41276412975989,16.393744779305635,1827.5,False
18.0,28.0,22.598366344665912,14.530630505962426,1655.0,False
4.0,31.0,22.056634539295654,14.253000291438871,2287.5,False
16.0,13.0,25.87104823466049,15.242429420483539,1712.5,False
25.0,11.0,24.531450111339037,13.656230991657612,1655.0,False
28.0,10.0,22.043330692103144,14.635666012137357,1712.5,False
14.0,19.0,23.96207911488605,13.793538664661055,1655.0,False
19.0,20.0,22.630147317157544,15.598030142649806,1712.5,False
11.0,7.0,25.220728501519485,15.96618899090862,1885.0,False
18.0,24.0,22.11472840740177,13.945221473329063,1655.0,False
12.0,23.0,23.483664072553037,16.99573047396754,1827.5,False
18.0,19.0,22.952113290094733,13.887198447469451,1655.0,False
10.0,15.0,25.923492148535342,15.084840832501186,1885.0,False
29.0,10.0,22.312446451970633,15.503926535375307,1712.5,False
26.0,17.0,24.879556527228125,15.828487759646128,1712.5,False
14.0,10.0,23.91211159459197,14.776421649256402,1770.0,False
23.0,19.0,25.26595951960265,16.35233595179614,1712.5,False
8.0,13.0,22.856978229594294,14.86543923715721,2000.0,False
22.0,12.0,25.42118047179162,14.510761311868503,1712.5,False
13.0,16.0,25.801468992432785,15.312705820809935,1712.5,False
9.0,18.0,22.85243010031772,13.95372999174198,1942.5,False
20.0,14.0,22.970979326628413,17.36463269650394,1770.0,False
16.0,30.0,25.854670304300488,15.700390388169676,1655.0,False
17.0,3.0,23.736509481157107,14.076215037506252,1770.0,False
17.0,27.0,25.340972436347553,16.684272392896666,1712.5,False
6.0,2.0,25.369718103114085,16.381517927187343,2287.5,False
6.0,11.0,23.243410231562667,15.222026302413633,2230.0,False
19.0,33.0,22.71514027115876,17.434806824483996,1655.0,False
19.0,21.0,23.466121058168618,15.502460127474489,1712.5,False
6.0,19.0,24.367611324158318,14.351006111655655,2230.0,False
14.0,21.0,23.988342990578236,16.665022000793233,1712.5,False
19.0,15.0,24.947187653913403,17.21496942128936,1770.0,False
20.0,23.0,24.195235997210297,14.54949232446301,1655.0,False
24.0,10.0,25.22205921245209,13.526883617940019,1655.0,False
15.0,23.0,22.41575144958157,15.937120290562172,1712.5,False
17.0,29.0,23.75637789171757,16.43112015687329,1655.0,False
18.0,25.0,22.064251025260383,14.5434192322633,1655.0,False
13.0,22.0,22.483228440518328,17.354624221239696,1827.5,False
6.0,20.0,23.326029147324935,14.17054901582959,2230.0,False
2.0,17.0,25.606052070688072,16.704626733501602,2862.5,False
24.0,15.0,23.520621081972706,17.00524055943329,1770.0,False
11.0,25.0,23.09386712546296,14.183537108686473,1827.5,False
19.0,20.0,24.683154356974033,15.505375347113565,1712.5,False
18.0,15.0,24.8138840286298,13.61218726030345,1655.0,False
15.0,23.0,23.925314481439862,16.067556504045093,1712.5,False
24.0,6.0,23.154074996067763,15.685917157383388,1770.0,False
21.0,24.0,23.207241844822093,16.613087513477918,1712.5,False
4.0,24.0,22.742184339797326,15.50511063130409,2402.5,False
23.0,11.0,23.45035739884999,14.915537047977317,1712.5,False
17.0,5.0,22.67301398844172,14.046687104609834,1770.0,False
14.0,21.0,24.571691067814104,13.704294469241054,1655.0,False
21.0,11.0,25.57875904791965,15.615328107370544,1712.5,False
20.0,33.0,23.01701224315503,17.175536254324292,1655.0,False
13.0,3.0,22.968860624664405,16.56401931590522,1942.5,False
32.0,11.0,25.5926107051797,15.072482704372426,1712.5,False
20.0,5.0,24.272132563160962,17.43490356752492,1885.0,False
19.0,23.0,24.919100940668557,14.236000304849613,1655.0,False
7.0,18.0,25.556537650960806,17.49051582164874,2230.0,False
13.0,25.0,24.659891216605164,14.420543114873965,1712.5,False
16.0,30.0,24.969835426359772,14.17287440646598,1597.5,False
19.0,19.0,23.547787885626782,16.933329203786197,1712.5,False
17.0,12.0,25.752673027492072,15.375414071926944,1770.0,False
22.0,8.0,24.815599847687135,17.067430402990254,1827.5,False
12.0,25.0,22.286778416447778,16.492160986264643,1827.5,False
21.0,12.0,24.38086631951653,14.126920134779041,1712.5,False
24.0,26.0,22.378626859126918,13.987697115752212,1597.5,False
22.0,26.0,24.088476184455335,15.287066262386755,1655.0,False
23.0,19.0,22.353949778482054,15.74617935383289,1712.5,False
26.0,19.0,24.508964335485064,15.192856499851153,1655.0,False
7.0,29.0,23.82546330936497,14.347955038124928,2172.5,False
21.0,22.0,24.212316581003368,14.370121630725423,1655.0,False
30.0,20.0,24.595802231300823,15.539636067118568,1655.0,False
18.0,15.0,23.001392269798103,13.557197440165734,1655.0,False
11.0,16.0,23.278084377526444,15.255792702209801,1827.5,False
34.0,15.0,23.928272089021494,13.632900274150566,1597.5,False
10.0,29.0,24.265245851138765,16.992539672085194,2000.0,False
14.0,19.0,25.694584893662718,15.980446383996409,1712.5,False
10.0,23.0,23.407612301974417,14.140753482192848,1885.0,False
16.0,5.0,24.366921224298284,16.574267009177095,1885.0,False
15.0,25.0,25.690180760567216,15.470465345080257,1655.0,False
16.0,15.0,24.871306773365465,15.542826617267817,1712.5,False
28.0,22.0,23.31336738430417,14.524509128690662,1655.0,False
16.0,5.0,23.658824590410525,15.075025719519882,1827.5,False
17.0,27.0,25.51513650768767,17.012615705797483,1712.5,False
26.0,20.0,23.75074630540435,14.088801749120265,1655.0,False
24.0,16.0,23.008174955458202,15.994828394048499,1712.5,False
12.0,13.0,24.0922823796961,14.367597279244617,1770.0,False
3.0,13.0,22.74399278794425,15.27921748054797,2862.5,False
19.0,13.0,24.328180871929227,15.632084956910433,1770.0,False
25.0,9.0,25.966006727703665,13.987158923381033,1655.0,False
18.0,16.0,25.87711938345789,13.814041369148823,1655.0,False
11.0,16.0,24.455197842780645,15.43623698972769,1827.5,False
22.0,15.0,25.545117916888643,15.137374549082958,1712.5,False
20.0,21.0,25.26061119011843,17.18398149378322,1712.5,False
18.0,15.0,25.8026759756974,16.291984778834653,1770.0,False
25.0,8.0,25.492384701435622,17.087250220494823,1770.0,False
23.0,25.0,25.59932952222904,17.21321814016983,1712.5,False
20.0,15.0,22.918189796314486,13.576262116061491,1655.0,False
20.0,20.0,22.632074915010904,17.019444571791226,1712.5,False
20.0,28.0,22.175887265591477,17.333903835332155,1712.5,False
17.0,22.0,24.63722361861589,15.310571867648164,1712.5,False
16.0,17.0,25.73402311349706,16.043950507248354,1712.5,False
21.0,17.0,25.975399937294796,14.883909295116503,1655.0,False
19.0,25.0,25.409370210583976,13.894630303969436,1655.0,False
16.0,24.0,25.324041903740323,14.550419155405127,1655.0,False
9.0,10.0,24.07553117946784,13.822176608385034,1885.0,False
21.0,19.0,23.807832549246008,15.447163307467534,1712.5,False
19.0,25.0,24.561265967419676,16.114347885208648,1712.5,False
14.0,23.0,22.090829917401884,13.520904538041126,1655.0,False
14.0,9.0,25.17729433504422,14.415454401661888,1770.0,False
12.0,15.0,24.629934692366444,13.795074096308733,1712.5,False
30.0,17.0,22.68019612419122,17.362970546696076,1770.0,False
25.0,12.0,24.542787428701,16.712445030440485,1770.0,False
18.0,20.0,24.397877806050552,13.623956065802536,1655.0,False
15.0,16.0,25.151999793048134,16.75595144824932,1770.0,False
22.0,13.0,25.349910002226768,16.809049309936967,1770.0,False
17.0,14.0,23.013677842192113,16.72095903634118,1770.0,False
31.0,25.0,25.257910382864846,17.013677106208352,1712.5,False
6.0,25.0,22.728383310452607,15.373703867094735,2345.0,False
5.0,24.0,23.576851109144837,14.457653731870002,2402.5,False
18.0,27.0,23.970586752128774,16.98179194267281,1712.5,False
11.0,29.0,25.219725075081634,16.838587371970913,1885.0,False
19.0,16.0,25.604323219750334,14.598837471097191,1712.5,False
23.0,8.0,22.06886653272605,15.822877104777488,1770.0,False
9.0,23.0,24.94897800018211,15.727754170134085,2000.0,False
15.0,19.0,25.510084496210634,15.450113859125494,1712.5,False
20.0,14.0,25.817221303382652,15.93444978289613,1712.5,False
24.0,31.0,23.071556765504702,13.83587868310429,1597.5,False
16.0,14.0,22.691841547896722,15.318575200704002,1770.0,False
11.0,27.0,23.99577943578521,14.61948767654029,1827.5,False
18.0,18.0,25.60401323519582,13.509490648081998,1655.0,False
16.0,5.0,23.26245425857406,15.576699253446355,1827.5,False
23.0,25.0,24.020242816798373,14.958815045306592,1655.0,False
18.0,22.0,25.982219882667714,15.224951723480633,1655.0,False
13.0,19.0,23.824129129590236,13.945402528751398,1712.5,False
22.0,19.0,24.513002395227392,15.522482128748013,1712.5,False
17.0,11.0,25.982382819897495,14.580503602950014,1712.5,False
10.0,11.0,23.46903422606945,13.502328296757936,1827.5,False
18.0,5.0,23.091719970771173,16.620044000867658,1885.0,False
29.0,10.0,23.130958193112644,16.011354609185545,1770.0,False
21.0,14.0,24.468053142834734,15.611664011491925,1712.5,False
13.0,17.0,22.65081525289978,15.988227860228129,1770.0,False
21.0,9.0,22.65808033202307,14.79466630072916,1712.5,False
13.0,18.0,23.040533346041443,13.992146813063057,1712.5,False
17.0,12.0,24.163741557419545,14.927708077551843,1712.5,False
17.0,12.0,25.376703255137453,16.65551409492856,1770.0,False
12.0,29.0,24.1170829758655,15.933064124893837,1827.5,False
14.0,33.0,25.13056581133386,16.66497099515044,1770.0,False
29.0,24.0,25.83022839314977,17.109126045689706,1712.5,False
12.0,6.0,24.960006062679398,14.498629503781787,1827.5,False
23.0,21.0,24.571154145984508,17.157711810813517,1712.5,False
20.0,10.0,22.032777627192146,16.150396125480633,1770.0,False
17.0,18.0,23.793645458059082,15.743112781565864,1712.5,False
9.0,26.0,23.07219794704812,15.51283808012714,2000.0,False
11.0,14.0,24.049691194314885,15.374880836664538,1827.5,False
10.0,28.0,25.804337867233027,13.795591724084934,1827.5,False
18.0,21.0,23.281789775784556,13.718561715595913,1655.0,False
31.0,13.0,22.643128304036164,14.823901069933157,1712.5,False
26.0,8.0,25.30358477828007,14.314220432233919,1655.0,False
4.0,24.0,25.962331943449744,13.846446177233103,2517.5,False
12.0,16.0,25.12028408742443,13.59774907191004,1712.5,False
10.0,7.0,22.553567972311946,17.413551601472108,1942.5,False
31.0,8.0,24.202779409021844,14.348375898708715,1655.0,False
12.0,30.0,23.620761006584672,17.438759549733614,1885.0,False
11.0,12.0,24.533730967575682,15.678006706408139,1827.5,False
19.0,30.0,24.674448191329265,14.267330043823293,1597.5,False
18.0,20.0,25.228360835772616,14.08120444361692,1655.0,False
11.0,13.0,22.96034606778784,14.30321825556361,1770.0,False
20.0,15.0,25.858714126218224,14.955111595924688,1712.5,False
8.0,23.0,22.858756476751203,14.319966096956659,2057.5,False
4.0,15.0,22.49639204656867,16.81208588918673,2690.0,False
7.0,7.0,25.315484975310234,14.968128215446976,2057.5,False
14.0,11.0,23.852996705847985,15.607780887175887,1770.0,False
31.0,25.0,23.96092108280016,15.504923512143703,1655.0,False
17.0,21.0,23.27494185465426,16.13814873377649,1712.5,False
22.0,17.0,22.185652927847386,17.489605841350375,1770.0,False
13.0,12.0,22.77440433718573,15.274251632102512,1770.0,False
21.0,16.0,25.04653725106347,14.79060041912857,1712.5,False
30.0,23.0,22.897625242922192,17.39630597044996,1712.5,False
14.0,7.0,25.970663668278558,17.49049061116494,1885.0,False
34.0,33.0,25.144907080224357,16.62373095705912,1655.0,False
19.0,25.0,25.394360590633408,16.690679574476583,1712.5,False
22.0,13.0,25.493122760357522,15.129296645747615,1712.5,False
12.0,26.0,24.875617884812396,15.655609112534107,1827.5,False
19.0,20.0,23.864731215152794,14.907243989048961,1655.0,False
17.0,20.0,25.668049316763838,15.975408815832203,1712.5,False
30.0,9.0,23.70610710057931,16.80295834077532,1770.0,False
27.0,27.0,22.383276315970434,14.996264038323638,1655.0,False
15.0,16.0,24.3857715886515,15.640773246113111,1712.5,False
29.0,23.0,22.42225914509607,16.599879796425853,1712.5,False
26.0,13.0,24.62155359650358,14.335451123616478,1655.0,False
18.0,13.0,25.990107030598935,15.9414685629993,1770.0,False
7.0,30.0,24.700831931373738,16.60303185625238,2230.0,False
10.0,16.0,22.84220840274605,13.70859142075948,1827.5,False
7.0,6.0,22.551438048954587,14.514844392138636,2057.5,False
8.0,24.0,23.42554476030189,13.60103044833246,2000.0,False
31.0,11.0,22.58306066436824,13.525651597759259,1655.0,False
11.0,26.0,24.278773212853714,15.410468602211298,1885.0,False
21.0,27.0,25.13239377458194,16.302697984998122,1655.0,False
19.0,7.0,24.632553386569768,15.032157579339984,1770.0,False
19.0,18.0,24.468794162523547,15.984350073682418,1712.5,False
11.0,31.0,23.742425931750446,14.265946671256199,1827.5,False
18.0,28.0,22.690916865747017,16.84569849867705,1655.0,False
19.0,17.0,24.551118611481698,14.950362665840817,1712.5,False
18.0,20.0,23.67739106495021,16.32882993989532,1712.5,False
10.0,19.0,23.22184590820454,14.019768337412307,1827.5,False
21.0,11.0,24.63714508825675,16.772432239918018,1770.0,False
7.0,20.0,23.51414418993567,15.572240354189342,2172.5,False
18.0,14.0,22.673321420570197,17.381072387490768,1827.5,False
15.0,14.0,23.934054290700438,15.121483419912376,1770.0,False
12.0,15.0,23.156730966243163,16.991998275138023,1827.5,False
24.0,25.0,24.93395491138794,15.148397908868212,1655.0,False
10.0,12.0,22.188268568107944,13.931569323797628,1827.5,False
28.0,12.0,25.41137579631647,16.25053761406192,1712.5,False
26.0,3.0,23.84538505957342,14.231864141653457,1712.5,False
14.0,10.0,22.06377532118356,16.699409142007138,1827.5,False
13.0,31.0,22.533449864572297,14.839456931555898,1770.0,False
9.0,15.0,25.781761948866112,16.525698375853615,2000.0,False
27.0,11.0,24.148026669538055,15.425761182084658,1712.5,False
19.0,30.0,25.07418134211771,15.64802003029403,1655.0,False
5.0,5.0,25.531108855725062,16.438526803802993,2402.5,False
17.0,16.0,23.281221480430535,16.16022308306724,1770.0,False
7.0,23.0,24.18766808205203,16.156860951000574,2230.0,False
18.0,23.0,24.601295847521953,16.135780526101577,1712.5,False
17.0,10.0,25.36634039439203,15.841079919147864,1770.0,False
7.0,21.0,23.680357545461945,16.728710981673665,2230.0,False
24.0,19.0,25.807011118022004,14.700080356072428,1655.0,False
12.0,20.0,24.428482732483605,14.226255876247304,1770.0,False
17.0,12.0,25.495489238698976,16.440640207941367,1770.0,False
19.0,24.0,22.333432134686042,15.65931488975613,1655.0,False
30.0,18.0,23.853369347379306,17.10244650614643,1712.5,False
16.0,21.0,22.71667785790354,17.360341606574266,1712.5,False
28.0,29.0,25.647532514963853,16.968536023852472,1655.0,False
14.0,25.0,22.939949277413632,15.690235783864958,1712.5,False
25.0,23.0,24.851920534857765,16.51649998156505,1712.5,False
12.0,13.0,22.25147753782351,14.83733238775285,1770.0,False
21.0,6.0,22.80337856355797,13.55904579436934,1712.5,False
7.0,18.0,23.279409922044167,16.621879216393587,2230.0,False
32.0,5.0,25.12749329134583,16.625991624486772,1770.0,False
29.0,21.0,23.004667100334704,13.532153902078853,1597.5,False
16.0,22.0,25.26753757183286,16.954388818980664,1712.5,False
17.0,18.0,25.154443056278705,17.025754257725616,1770.0,False
18.0,10.0,25.96881338260432,14.782581729823153,1712.5,False
12.0,26.0,24.708561958490964,13.568984974815518,1712.5,False
20.0,18.0,24.549750502249037,17.004081767471114,1770.0,False
21.0,17.0,24.406143675826474,13.782072237843336,1655.0,False
17.0,18.0,22.43847655278912,14.428817611780936,1712.5,False
9.0,7.0,24.052888562401147,15.670297743923879,1942.5,False
28.0,22.0,25.40593154453448,16.766138233808963,1712.5,False
8.0,6.0,22.083427201898346,16.627270043924447,2057.5,False
19.0,18.0,22.506620476134334,16.22470546576211,1712.5,False
8.0,10.0,24.40219705034162,16.81470071546603,2057.5,False
9.0,11.0,25.388063415178582,16.241725608821216,1942.5,False
4.0,12.0,23.229327047532937,16.050755619196764,2632.5,False
14.0,4.0,25.485912966158278,14.170792122792056,1770.0,False
19.0,26.0,23.35010648914515,15.259686752403557,1655.0,False
17.0,23.0,23.861833510304553,15.305529132826369,1655.0,False
20.0,5.0,25.812122668539114,13.573993492343654,1712.5,False
20.0,6.0,23.670368349316078,15.12207611783348,1770.0,False
9.0,23.0,24.39792502415717,14.408355325824763,1942.5,False
6.0,3.0,25.74186281746354,13.858671041384687,2172.5,False
19.0,16.0,23.05752869643054,15.685283772298115,1712.5,False
20.0,8.0,22.367743720266816,14.448046938340973,1770.0,False
18.0,18.0,25.832119487348322,14.261513086415716,1655.0,False
12.0,34.0,24.239318411691507,16.64718040911511,1885.0,False
24.0,10.0,25.863362150572808,16.740372876775226,1770.0,False
7.0,30.0,25.46697849217636,16.143427676450024,2230.0,False
19.0,25.0,24.37850602322431,14.258675168259705,1655.0,False
9.0,32.0,23.885362695317504,16.030773933314485,2057.5,False
20.0,22.0,23.92100091049685,16.353289678262904,1712.5,False
15.0,25.0,22.66406598208593,14.433239507456745,1655.0,False
21.0,18.0,23.81424807112936,14.03177404019274,1655.0,False
6.0,26.0,25.28692779616167,15.234109584669968,2287.5,False
18.0,8.0,25.955152861632776,15.197227641759708,1770.0,False
9.0,22.0,25.84136825556504,14.113212061887964,1942.5,False
20.0,19.0,25.84871436199299,14.266859763295749,1655.0,False
9.0,6.0,22.076043552016912,15.498468820556717,2000.0,False
7.0,13.0,24.063088229694838,15.609690754758688,2172.5,False
21.0,11.0,22.80052446239896,15.651434433528646,1770.0,False
6.0,15.0,24.461136905863547,17.42813431164513,2345.0,False
11.0,11.0,25.78334763380112,13.658431950307396,1770.0,False
24.0,12.0,25.506604241881202,16.645161924594206,1770.0,False
24.0,13.0,25.466329907108648,14.907232016457812,1712.5,False
25.0,19.0,23.462873631031954,16.511629638595878,1712.5,False
13.0,9.0,24.004685216182526,16.44176049612081,1827.5,False
17.0,12.0,23.12777723728317,15.979381434895664,1770.0,False
23.0,13.0,24.215417323559116,16.024616703641676,1712.5,False
9.0,16.0,23.213551434688394,16.15438622884927,2000.0,False
21.0,5.0,25.234925137965543,16.490407302775534,1827.5,False
8.0,34.0,23.85767729618506,14.026480079140985,2057.5,False
27.0,13.0,24.801595157338458,14.943355394504646,1655.0,False
19.0,13.0,25.490668826730367,16.868034527531375,1770.0,False
16.0,18.0,23.198996364129286,15.691536674912843,1712.5,False
16.0,25.0,24.48836605033311,14.047742860646824,1655.0,False
10.0,16.0,25.38325276812766,17.346594881147894,1942.5,False
14.0,12.0,25.80293039318137,17.45134591560156,1827.5,False
21.0,18.0,22.652266504231772,15.550708849184652,1712.5,False
17.0,16.0,24.725680895286864,15.632776280096355,1712.5,False
17.0,15.0,23.74087524109117,14.668096034686325,1712.5,False
11.0,32.0,23.142092386412678,15.564647306148894,1885.0,False
20.0,33.0,22.630918032609276,17.37513919590398,1655.0,False
15.0,18.0,24.34152253827818,14.518275217550254,1712.5,False
10.0,7.0,23.336351297342414,14.71846745473102,1885.0,False
29.0,18.0,24.671774750149673,17.090004128697363,1712.5,False
17.0,29.0,23.123987290167722,15.03758114717227,1655.0,False
17.0,28.0,22.002366072685607,17.390109208544118,1712.5,False
31.0,11.0,25.068911133442104,14.898354383328194,1655.0,False
14.0,11.0,22.64530871983207,13.518529296572638,1712.5,False
29.0,10.0,23.01001344040711,17.314903216731107,1770.0,False
21.0,24.0,22.941416827160815,14.447953453309877,1655.0,False
19.0,16.0,23.368964063859863,16.27648192838401,1770.0,False
12.0,14.0,23.94136768462207,13.689534151006127,1712.5,False
6.0,13.0,25.249808811988466,16.493011658520057,2287.5,False
15.0,12.0,24.600879889904967,14.3802760028323,1712.5,False
3.0,26.0,22.583993187034093,16.70100524422883,2402.5,False
7.0,15.0,22.734704200085947,17.36639997151638,2230.0,False
18.0,12.0,25.38825059699873,13.680905705388387,1712.5,False
21.0,21.0,22.999421832601417,14.971968291966332,1655.0,False
10.0,19.0,22.874732448744826,16.363114055002534,1942.5,False
22.0,21.0,22.014280483894368,17.485741025249034,1712.5,False
29.0,24.0,25.09630291622153,14.952178872080285,1655.0,False
22.0,8.0,24.953807301078616,17.479919189592135,1827.5,False
23.0,2.0,23.390456596872305,17.096740154519956,1885.0,False
21.0,6.0,22.029259397187637,16.377247338235264,1827.5,False
11.0,21.0,25.142301351651938,15.027587296404485,1827.5,False
14.0,28.0,22.397460849191514,15.647660195598803,1712.5,False
29.0,14.0,23.841871742553487,16.381387077703426,1712.5,False
20.0,23.0,25.360590467948875,16.24291541853952,1712.5,False
23.0,21.0,22.977128462925304,14.653600120193994,1655.0,False
30.0,31.0,23.5186747886113,15.728870291858911,1655.0,False
11.0,16.0,24.6434250250372,16.840099080822615,1885.0,False
13.0,10.0,24.69265101600678,15.400302386229335,1770.0,False
19.0,22.0,23.850825507594745,15.76497116993745,1712.5,False
4.0,24.0,23.73501043833305,14.810138619097287,2460.0,False
18.0,21.0,23.67803682358607,14.140410637272206,1655.0,False
24.0,25.0,23.944130820775676,13.763918510424046,1597.5,False
19.0,14.0,23.386580070083795,15.12422232818851,1712.5,False
13.0,20.0,23.025657804794577,16.02707931625054,1770.0,False
21.0,12.0,23.264205532480176,16.54005645209784,1770.0,False
9.0,16.0,23.91106913091747,13.836217368528562,1885.0,False
27.0,12.0,23.528563499685205,14.773951120667355,1712.5,False
8.0,10.0,24.342152048165275,16.731621244568455,2057.5,False
25.0,5.0,24.524564798433477,13.949021408054513,1712.5,False
17.0,20.0,25.98457485384486,17.473122150879096,1770.0,False
15.0,26.0,24.460677868206748,16.030754605092028,1655.0,False
17.0,13.0,24.938532717006378,17.26007039327736,1770.0,False
11.0,15.0,22.392127158640616,16.42112489298629,1885.0,False
16.0,2.0,25.041795243257063,17.355510988194766,1942.5,False
25.0,15.0,24.035613939540873,16.161331263239965,1712.5,False
23.0,13.0,25.46623235290027,14.572305939373278,1712.5,False
10.0,18.0,25.883635038303762,16.70108691524161,1942.5,False
20.0,27.0,22.921462438627533,14.404279087050398,1655.0,False
25.0,17.0,25.714700447665518,15.760023103771648,1712.5,False
24.0,20.0,24.686563507693926,14.992164260936839,1655.0,False
15.0,21.0,24.956454607721433,16.696433785819465,1712.5,False
6.0,10.0,23.889444266055904,16.537959285086647,2287.5,False
28.0,14.0,23.41917432816738,16.95557720780262,1770.0,False
15.0,8.0,25.200136107926586,14.487789119703601,1770.0,False
14.0,15.0,22.08788717301408,17.49022537411113,1770.0,False
22.0,26.0,24.162382912816444,16.72148294597693,1712.5,False
12.0,16.0,22.29531909751684,15.046812766470417,1770.0,False
24.0,16.0,23.018539331006313,14.010654974279136,1655.0,False
7.0,11.0,24.900796472023508,14.89770215380012,2115.0,False
22.0,13.0,25.018954447855535,13.924729805240618,1655.0,False
30.0,28.0,25.55617333519443,15.961488734761605,1655.0,False
33.0,13.0,24.86174893782207,13.951689581642071,1655.0,False
28.0,21.0,24.698983904380825,15.222050519241629,1655.0,False
26.0,5.0,25.78046918957166,16.17026981442115,1770.0,False
13.0,9.0,24.14963841092435,15.312282651511126,1827.5,False
30.0,13.0,24.61552659579307,17.026602530341073,1770.0,False
28.0,27.0,25.472251416700527,14.463970233115736,1597.5,False
17.0,11.0,25.054780584731702,15.595568027204962,1770.0,False
15.0,21.0,25.079702195883257,17.15272307017609,1712.5,False
8.0,10.0,24.147023187487736,14.912799244570468,2000.0,False
18.0,19.0,24.111379227546493,15.390837961544944,1712.5,False
21.0,18.0,24.594826762425512,17.231378911774865,1770.0,False
15.0,19.0,24.802185561589287,15.497254458006992,1712.5,False
15.0,13.0,24.18440736410667,16.9569642385399,1827.5,False
18.0,10.0,22.741867768860146,17.26184137002081,1827.5,False
5.0,26.0,22.993646549753823,14.524409289918545,2345.0,False
30.0,18.0,23.97230044761038,16.643363079330776,1712.5,False
13.0,11.0,22.816259453735967,16.11501988990719,1827.5,False
9.0,15.0,23.693949524650197,17.446876695793858,2057.5,False
3.0,7.0,22.588564084771626,15.842283387795554,2920.0,False
25.0,16.0,22.58492973252963,16.6711084240635,1770.0,False
25.0,15.0,25.37286069204859,14.882772071233912,1655.0,False
8.0,9.0,24.16899998104596,15.925565916958929,2057.5,False
10.0,16.0,25.121739549090204,16.614321375317036,1942.5,False
16.0,19.0,22.046157498759683,17.367653361103898,1770.0,False
10.0,28.0,23.142523867322183,14.507363603877796,1885.0,False
22.0,21.0,22.070722552792482,13.815579123955967,1655.0,False
6.0,17.0,22.013528581825526,17.405218844027733,2345.0,False
18.0,22.0,22.128065617711236,15.910566629513093,1712.5,False
14.0,13.0,24.086097031147695,13.569003434878075,1712.5,False
16.0,20.0,22.36328822127423,15.579958133864329,1712.5,False
15.0,3.0,25.19349595663412,17.24417315742528,1942.5,False
10.0,7.0,24.06475050774295,17.437698752926682,1942.5,False
11.0,19.0,22.98141224539812,14.802844657808084,1827.5,False
7.0,11.0,25.35462857596815,16.627636390085577,2172.5,False
8.0,20.0,24.038550657214397,15.334794229204814,2057.5,False
31.0,19.0,23.403196153072905,15.092039164259564,1655.0,False
13.0,7.0,24.271802587381714,16.532773762196275,1885.0,False
13.0,15.0,24.690434932522532,14.579870358866483,1712.5,False
9.0,19.0,24.23521479398353,15.20550914293911,1942.5,False
22.0,21.0,25.731141141473568,14.486127212489784,1655.0,False
28.0,24.0,23.415894917920284,14.07055047141294,1597.5,False
23.0,14.0,23.639797641980465,15.017195576207477,1712.5,False
19.0,24.0,25.43541780830595,17.336913556033977,1712.5,False
24.0,14.0,24.549950192467264,15.175524872069989,1712.5,False
15.0,3.0,25.865066997275097,16.232898485862364,1885.0,False
25.0,19.0,25.168658632080863,14.64029126444789,1655.0,False
23.0,12.0,24.05171311511784,16.961428201680157,1770.0,False
2.0,9.0,24.53887326680054,15.999601395907579,3265.0,False
16.0,12.0,23.62433763686564,17.301816061835122,1827.5,False
12.0,24.0,22.510582476959524,14.803808383867963,1770.0,False
7.0,27.0,23.628442165606597,15.652134287391696,2230.0,False
25.0,30.0,23.125943121504154,14.264182638938719,1597.5,False
3.0,13.0,24.712319444581027,14.043536941541992,2805.0,False
21.0,16.0,24.676788882975437,15.841438534863938,1712.5,False
32.0,23.0,25.749471574161124,16.71366698406672,1712.5,False
16.0,13.0,22.31782976193143,14.29917798157988,1712.5,False
14.0,15.0,23.870273821811825,16.311665962441374,1770.0,False
19.0,12.0,23.59455673708251,16.18621959245765,1770.0,False
23.0,18.0,24.109753531946957,15.430195324737824,1712.5,False
12.0,20.0,22.47825231870056,16.567647004179715,1827.5,False
12.0,13.0,23.96570616024302,15.87562578356482,1770.0,False
19.0,4.0,24.62804401478588,17.285999561430636,1885.0,False
29.0,22.0,23.255145215184815,16.55482238122302,1712.5,False
13.0,19.0,24.601768645306898,17.046373127204248,1770.0,False
14.0,11.0,23.062686745777537,14.945472511443285,1770.0,False
33.0,13.0,23.477221630128717,16.743996724381528,1770.0,False
10.0,30.0,25.62915320127169,17.468096755661975,2000.0,False
7.0,19.0,22.100233562619408,14.153859348580848,2115.0,False
18.0,18.0,23.091293735661964,15.544717781346375,1712.5,False
4.0,19.0,25.742902472633226,16.9493439323461,2632.5,False
10.0,29.0,22.588171273903946,15.086505467547523,1942.5,False
19.0,14.0,23.589631256283834,15.532932695296298,1712.5,False
20.0,13.0,23.816382670006416,16.49050943578222,1770.0,False
17.0,14.0,24.610589349268704,16.798789839386718,1770.0,False
15.0,23.0,24.44709316196395,14.29812193309526,1655.0,False
18.0,9.0,24.507049375020546,15.064439940242167,1770.0,False
19.0,11.0,25.7616430054899,15.078020824752775,1712.5,False
23.0,11.0,23.57113975518873,14.111297007633215,1712.5,False
23.0,19.0,23.959251334385378,13.864606622108981,1655.0,False
20.0,19.0,25.855896655631618,16.478776849407005,1712.5,False
27.0,14.0,22.512609999224793,16.90796969222695,1770.0,False
25.0,12.0,25.792846895663978,17.3076746014584,1770.0,False
9.0,22.0,25.79312164761237,17.325179972681916,2057.5,False
30.0,5.0,25.813899826231207,17.478736655258704,1827.5,False
26.0,22.0,22.26811629064751,13.83197261454631,1597.5,False
13.0,11.0,24.31026532596997,15.08718954127501,1770.0,False
4.0,27.0,25.352687395874494,13.82862433842984,2460.0,False
19.0,15.0,23.254806067460926,16.211559908070246,1770.0,False
15.0,19.0,24.36224611562948,17.38956624985987,1770.0,False
22.0,9.0,23.025780789257517,13.64673459284383,1712.5,False
17.0,12.0,22.51845379151292,15.605318750215506,1770.0,False
7.0,21.0,25.409025499476602,15.633053323841105,2172.5,False
12.0,18.0,25.924881506415787,14.153099666803017,1712.5,False
26.0,23.0,22.27898564274433,16.833874415200206,1712.5,False
5.0,18.0,22.485283572432415,15.078891170316648,2460.0,False
22.0,18.0,24.354427615479363,15.181858316934784,1712.5,False
13.0,25.0,22.345245096035093,17.347833301091253,1827.5,False
16.0,15.0,24.52466144659027,14.489534765609452,1712.5,False
17.0,27.0,24.877942975020236,15.041872075260653,1655.0,False
12.0,14.0,23.65851774308067,16.58060140480882,1827.5,False
20.0,14.0,25.024972667049845,15.419930132624454,1712.5,False
21.0,23.0,22.454516084515124,15.913679948731657,1712.5,False
7.0,3.0,23.204945651058033,15.411252550434998,2115.0,False
14.0,10.0,25.230555590408933,14.633302090274556,1770.0,False
22.0,7.0,22.353391748791136,14.150908627001268,1712.5,False
21.0,17.0,23.14034201320201,16.900536614546724,1770.0,False
17.0,19.0,24.48465122468,14.600850732817364,1712.5,False
23.0,3.0,22.989567893514437,17.48946952117697,1885.0,False
8.0,10.0,23.923504301409817,13.540257217857057,1942.5,False
9.0,13.0,25.3487661264996,17.0277891350699,2000.0,False
20.0,13.0,23.07866552702373,17.289473207882313,1770.0,False
21.0,8.0,23.743403385437166,13.734819780814602,1712.5,False
24.0,10.0,22.073009444899846,16.010293368238706,1770.0,False
10.0,25.0,24.833477908684667,16.630716457232676,1942.5,False
17.0,21.0,23.420236833698,15.96145370679103,1712.5,False
20.0,13.0,25.44021440703152,17.02047544621318,1770.0,False
11.0,12.0,22.35424620353035,14.029921073756759,1770.0,False
17.0,7.0,25.128921405697504,17.295027758746787,1827.5,False
19.0,14.0,25.255179742683165,15.702033377526629,1712.5,False
11.0,15.0,25.10427551484422,14.877492084643235,1827.5,False
14.0,27.0,24.937517872571732,15.600738104934065,1712.5,False
11.0,22.0,22.951157196826756,14.857260257923354,1827.5,False
27.0,16.0,23.666929959209764,15.321772365969565,1712.5,False
12.0,9.0,23.543809393429463,14.125845875722941,1770.0,False
9.0,20.0,22.964152329052716,16.87858957763299,2057.5,False
5.0,28.0,23.966761784514134,15.058477160628609,2345.0,False
6.0,7.0,24.790132143879642,15.368046324870773,2230.0,False
11.0,25.0,23.914907104000402,17.138303670651002,1942.5,False
19.0,10.0,25.89785755982151,17.128008105693638,1827.5,False
4.0,21.0,24.8350337673687,16.652328533513877,2575.0,False
13.0,10.0,23.770796410787884,13.620062165232982,1770.0,False
6.0,19.0,23.61583015643212,17.12550668970671,2345.0,False
15.0,12.0,24.334426497892462,14.254943282512047,1712.5,False
6.0,17.0,23.727056013859094,15.253167724150272,2287.5,False
19.0,19.0,22.887753199430826,17.11196345630084,1770.0,False
20.0,19.0,24.08418387756301,13.880175256678411,1655.0,False
21.0,20.0,24.690858420281828,14.032412164472056,1655.0,False
11.0,7.0,23.433779781592563,15.804230711132242,1885.0,False
26.0,21.0,23.13329488465347,15.370860816386788,1655.0,False
20.0,10.0,22.869570406892727,15.058706908451569,1770.0,False
6.0,20.0,23.451287186259492,16.738654798687413,2345.0,False
15.0,9.0,22.977470224504213,17.078718775879672,1827.5,False
22.0,16.0,25.052394892276386,17.465713845213205,1770.0,False
13.0,15.0,24.554856957455115,13.991845029127248,1712.5,False
14.0,30.0,23.14772892537907,16.20498379328879,1770.0,False
19.0,19.0,25.96732510741918,16.98537119806713,1712.5,False
6.0,7.0,24.582688538461394,14.462070853019165,2172.5,False
30.0,21.0,22.569891727891633,15.42014273429023,1655.0,False
10.0,11.0,25.317349178673048,13.52867193981454,1827.5,False
5.0,13.0,25.01480837932045,14.038450506532822,2345.0,False
3.0,14.0,24.000114582262704,14.002257101197788,2805.0,False
15.0,23.0,22.933854097459644,16.33025101079855,1712.5,False
26.0,29.0,25.243505014174357,15.988996894918266,1655.0,False
24.0,28.0,22.498072869477305,13.65478896724148,1597.5,False
27.0,10.0,23.672141047165397,15.882778197540064,1770.0,False
17.0,6.0,25.269290378191968,13.772571171103255,1712.5,False
16.0,24.0,25.205763188473377,14.308799980227697,1655.0,False
15.0,13.0,24.519568947581163,17.105450814105378,1827.5,False
6.0,18.0,22.03096901000154,15.289054262290902,2287.5,False
27.0,31.0,23.332489239229314,16.62538516268766,1655.0,False
16.0,10.0,25.412791677328833,14.757246674911281,1770.0,False
16.0,14.0,24.88546336738104,13.943097508044753,1712.5,False
17.0,26.0,25.242381239076515,17.05276667338768,1712.5,False
23.0,20.0,22.251925004473648,14.155308289663916,1655.0,False
11.0,28.0,25.76307778266981,14.898566167167377,1827.5,False
21.0,19.0,22.91619955714077,16.304937984052845,1712.5,False
21.0,13.0,23.32917203753828,15.867214672801955,1770.0,False
25.0,23.0,25.362332094729496,17.211960204863445,1712.5,False
3.0,22.0,23.62487665280753,17.4506821635014,2517.5,False
10.0,28.0,24.572306800303494,14.086523664815784,1885.0,False
16.0,16.0,24.20945429357316,14.406347277871474,1712.5,False
25.0,17.0,25.464305213704385,16.05665213689135,1712.5,False
30.0,13.0,22.62449414267036,14.086926666813946,1655.0,False
18.0,12.0,22.391164695479585,15.668876739699108,1770.0,False
11.0,33.0,24.529414993792408,14.991316559427329,1885.0,False
10.0,31.0,25.37856682557331,17.052519894263668,2000.0,False
19.0,17.0,25.692406490754017,17.17237923054615,1770.0,False
11.0,29.0,23.59970256736475,14.535320379225782,1827.5,False
18.0,14.0,24.93942640474515,13.882672441624269,1655.0,False
24.0,25.0,23.563146001073118,17.46431919984407,1712.5,False
15.0,19.0,23.275501348439427,14.099581741966512,1655.0,False
14.0,21.0,22.096849006970896,14.193739232734627,1655.0,False
5.0,21.0,23.00044214248141,14.508693116151495,2402.5,False
12.0,19.0,22.68068906333979,14.863416332485249,1770.0,False
21.0,25.0,23.074450473800745,14.091116603802094,1655.0,False
14.0,15.0,23.154908508220444,14.788924165603913,1712.5,False
10.0,25.0,25.43563788375328,13.588096129433858,1827.5,False
8.0,10.0,22.81350443772035,16.703934791165214,2057.5,False
8.0,11.0,25.277194978343186,14.554208322159775,2000.0,False
20.0,21.0,25.437369534419666,16.771137105018592,1712.5,False
19.0,22.0,23.855105000735314,16.08768705141435,1712.5,False
17.0,27.0,24.898062265785832,15.422184387050446,1655.0,False
17.0,12.0,23.2744305051191,17.389171364855944,1827.5,False
10.0,6.0,22.071083727015598,15.046680836311225,1885.0,False
17.0,17.0,24.838606091454366,14.213552767981744,1712.5,False
6.0,26.0,24.425651240385548,15.809757185491177,2345.0,False
28.0,31.0,23.845454542339276,14.060598915194621,1597.5,False
6.0,25.0,25.59476011559194,14.60726400635029,2287.5,False
15.0,16.0,24.909031357356216,17.130956559361465,1770.0,False
2.0,25.0,23.70232485867252,17.068634391493433,2517.5,False
23.0,11.0,22.21351536466115,15.362900855168592,1770.0,False
10.0,28.0,25.50434294015367,15.413083028179564,1942.5,False
28.0,18.0,25.93857122723282,15.767134733109065,1655.0,False
6.0,15.0,24.538084156367425,13.83672273445491,2230.0,False
24.0,18.0,25.072802423571822,14.512624212538968,1655.0,False
20.0,23.0,24.02409935825414,15.819941262243844,1712.5,False
12.0,12.0,22.946571338832893,14.784664693436893,1770.0,False
11.0,8.0,25.64826996390636,14.353563076445402,1827.5,False
14.0,22.0,24.75340251215142,16.089443285756232,1712.5,False
24.0,29.0,24.194252240847096,15.765743171785836,1655.0,False
25.0,19.0,24.72833741118346,14.808291272074277,1655.0,False
10.0,9.0,24.047445583209196,17.24956509814986,1942.5,False
14.0,19.0,22.233537976564687,16.610758722594298,1712.5,False
12.0,8.0,24.64176457603566,15.884566599922742,1827.5,False
9.0,13.0,22.020867540579808,14.337862168059395,1942.5,False
19.0,5.0,22.881383164939614,16.092386497429523,1827.5,False
14.0,16.0,22.623917069173096,16.250954062339645,1770.0,False
11.0,13.0,23.360489021651887,15.825066025931092,1827.5,False
25.0,8.0,25.633262558407672,16.05184115890413,1770.0,False
22.0,13.0,22.31880649259153,14.148914037609789,1712.5,False
23.0,20.0,23.429625017651425,14.839972803068322,1655.0,False
5.0,13.0,25.038247803979328,17.062979663496662,2460.0,False
27.0,9.0,25.452366475591827,14.04844798742913,1655.0,False
18.0,17.0,24.944516548125314,15.85876449290753,1712.5,False
17.0,22.0,25.860846525029594,17.090621317627136,1712.5,False
3.0,24.0,24.783669702439795,13.556623160744795,2575.0,False
27.0,16.0,24.979203497267978,17.368486115759588,1770.0,False
17.0,21.0,23.68827094160701,17.03336800511387,1712.5,False
24.0,24.0,23.2082131142886,16.360261970181046,1712.5,False
20.0,20.0,23.847501308727885,16.33653864208727,1712.5,False
23.0,17.0,25.07166793390393,16.970892729821255,1712.5,False
21.0,6.0,24.60105222990339,14.183969951105583,1712.5,False
28.0,13.0,25.087595919802048,16.299737805389455,1712.5,False
11.0,13.0,24.51034634250744,14.873773166662946,1827.5,False
11.0,15.0,24.93240539094676,17.00255524132961,1885.0,False
21.0,29.0,22.62267629288789,15.633324235806825,1655.0,False
17.0,11.0,23.29463413309374,16.563266776471494,1827.5,False
18.0,17.0,24.24476706813926,14.168103194002867,1655.0,False
21.0,33.0,22.06618965407344,14.468158788516968,1597.5,False
17.0,19.0,25.649188907942655,16.85267257213733,1770.0,False
23.0,11.0,22.957959311726412,15.08093789774356,1712.5,False
13.0,30.0,22.354008791380735,15.611298670326894,1770.0,False
25.0,14.0,24.65700085167176,16.402144448007483,1712.5,False
8.0,6.0,22.774956188380887,14.178746655461946,2000.0,False
19.0,15.0,24.24773885280932,14.710095596683939,1712.5,False
26.0,12.0,22.995906693627138,14.802594697848793,1712.5,False
12.0,24.0,22.66376607119519,17.16671465963989,1885.0,False
13.0,11.0,24.939984335730173,14.05035486765041,1712.5,False
13.0,24.0,23.553491184082635,14.985273064967105,1712.5,False
18.0,5.0,24.297752854168724,17.337266905791186,1885.0,False
15.0,28.0,22.864497870582063,16.839480020010257,1712.5,False
8.0,5.0,24.209658213627783,16.18185792337496,2057.5,False
26.0,29.0,23.684921739524466,15.695727933509279,1655.0,False
11.0,7.0,22.20489778021857,16.85492241507148,1942.5,False
17.0,26.0,24.906767265192173,17.28558565001113,1712.5,False
18.0,24.0,24.20945734557411,17.196285976345052,1712.5,False
5.0,18.0,25.709359416006915,16.056496963135455,2460.0,False
8.0,5.0,25.23179986411878,16.41151086443456,2057.5,False
31.0,19.0,24.284476848070767,16.601225029467553,1712.5,False
20.0,19.0,22.172238405801597,16.73738947443413,1712.5,False
5.0,18.0,25.00767442159676,16.432285840771204,2460.0,False
23.0,19.0,24.19617680192934,14.219796324586634,1655.0,False
17.0,30.0,25.340126086915387,16.53832119794028,1655.0,False
7.0,33.0,24.310980076484125,15.06150981797487,2172.5,False
20.0,17.0,22.00810991792249,14.29919385513119,1655.0,False
17.0,8.0,25.25964844535649,13.910129375264994,1712.5,False
11.0,9.0,25.19709540810988,14.461255659370218,1827.5,False
26.0,21.0,22.397610632942524,15.530999459057455,1655.0,False
13.0,31.0,24.73529386249913,14.487515463781364,1712.5,False
13.0,15.0,24.10440260734857,16.16364019066445,1770.0,False
12.0,8.0,24.359668375863592,17.35757221734463,1885.0,False
22.0,14.0,25.557413044696997,13.676186751232219,1655.0,False
21.0,15.0,22.998274122432747,14.022614343034089,1655.0,False
27.0,33.0,22.052639573972115,14.489125179787216,1597.5,False
11.0,20.0,22.834248466374877,16.71744685412084,1885.0,False
23.0,8.0,25.660504140959404,14.58508173543318,1712.5,False
18.0,14.0,22.84569261964607,14.266112030150081,1712.5,False
13.0,6.0,24.698042392173598,14.111465166217764,1770.0,False
5.0,20.0,25.15874273928565,14.099671287314417,2402.5,False
24.0,20.0,25.252841093809042,16.379275182530826,1712.5,False
12.0,6.0,22.041748253217506,16.332489128185873,1885.0,False
19.0,14.0,22.03760964481217,14.744526428489847,1712.5,False
17.0,27.0,25.956040426014088,15.297768785274165,1655.0,False
2.0,24.0,24.10970720104338,16.01276458819121,2575.0,False
33.0,18.0,22.254813414380582,17.400235649602873,1770.0,False
24.0,16.0,22.10723552170924,16.472586621557713,1712.5,False
16.0,33.0,25.24308491407339,16.712116354888416,1655.0,False
20.0,21.0,25.619820486085672,17.410917674843315,1712.5,False
16.0,29.0,24.097969993571052,15.024388497052087,1655.0,False
22.0,7.0,23.486856274687877,13.776399061953912,1712.5,False
9.0,11.0,24.80942636097312,16.487597592944848,2000.0,False
16.0,5.0,22.089553387468815,13.984385306564011,1770.0,False
14.0,26.0,25.595663076567938,15.254381605993181,1712.5,False
16.0,21.0,23.02436200388944,16.453494899987856,1712.5,False
16.0,10.0,22.76363502557349,15.733417628158264,1770.0,False
9.0,31.0,23.243169432376597,14.968581524829291,2000.0,False
31.0,30.0,22.254910542906824,15.557410720308006,1655.0,False
4.0,11.0,23.558241630801465,14.48090222626138,2575.0,False
3.0,20.0,24.85899138423141,13.796554661166176,2690.0,False
14.0,20.0,23.992825445113816,15.149949166911124,1712.5,False
19.0,2.0,24.671916131955893,13.733258363631602,1712.5,False
10.0,20.0,22.85508782572469,17.418627090444115,2000.0,False
17.0,11.0,23.59156178421847,15.290544487499178,1770.0,False
21.0,27.0,24.07792552997573,17.029472674591474,1712.5,False
8.0,25.0,24.290233886858164,17.307151054626026,2172.5,False
32.0,27.0,22.7455859358488,15.297481760600853,1655.0,False
14.0,22.0,25.230676540587677,15.181432696350686,1712.5,False
19.0,10.0,22.360864883591127,17.07370057690221,1827.5,False
8.0,14.0,22.393149003316935,13.638727780985947,2000.0,False
21.0,21.0,22.998802895714956,15.448813931496558,1712.5,False
25.0,13.0,24.617095854833217,14.574458486133924,1655.0,False
8.0,21.0,22.30834865126314,16.511033728326325,2115.0,False
9.0,14.0,22.03090238846306,16.846891020023847,2000.0,False
13.0,10.0,23.888726302352328,15.980007477339893,1827.5,False
3.0,17.0,23.386628254497705,15.127737585879519,2690.0,False
32.0,20.0,22.626985256849245,15.719999917246618,1655.0,False
18.0,17.0,24.623695482902146,15.79657081003589,1712.5,False
19.0,19.0,24.56572565852907,16.040536915846296,1712.5,False
30.0,15.0,22.487571449922594,17.1887721005332,1770.0,False
24.0,23.0,22.919205352420793,14.496492999827414,1655.0,False
24.0,20.0,23.45991727432145,14.30628648969942,1655.0,False
14.0,18.0,25.96015961504869,14.260901934539962,1712.5,False
14.0,15.0,25.074362255953623,16.289009535364574,1770.0,False
13.0,17.0,23.348661347231886,17.119555403150375,1770.0,False
14.0,6.0,25.861751288342326,14.807157582470708,1770.0,False
14.0,20.0,23.819728437306456,15.182696522390266,1712.5,False
9.0,11.0,23.521327764474474,17.37275000654857,2000.0,False
14.0,25.0,25.77714314362171,14.081122782272088,1655.0,False
16.0,24.0,24.94470192682799,17.018219367356597,1712.5,False
13.0,17.0,24.191377050612893,17.337140816217474,1770.0,False
10.0,25.0,24.40278623151606,16.698019333447128,1942.5,False
14.0,20.0,25.8912420686511,14.845623434217615,1712.5,False
16.0,9.0,22.611606199858052,16.114324438400544,1827.5,False
